t,phase,cmd_lin,cmd_ang,odom_v,odom_w,filt_v,filt_w,imu_yaw,amcl_x,amcl_y,amcl_yaw,v_batt,a1,a2,ba1,ba2,rpm1,rpm2,ff
0.0004,idle,0.0,0.0,,,,,0.0,,,0.0,,,,,,,,
0.0508,idle,0.0,0.0,,,,,0.0,,,0.0,,,,,,,,
0.1012,idle,0.0,0.0,,,,,0.0,,,0.0,,,,,,,,
0.152,idle,0.0,0.0,,,,,1.4395,,,0.0,,,,,,,,
0.2022,idle,0.0,0.0,,,,,1.4395,,,0.0,,,,,,,,
0.253,idle,0.0,0.0,,,,,1.4395,,,0.0,,,,,,,,
0.3033,idle,0.0,0.0,,,,,1.4395,,,0.0,,,,,,,,
0.354,idle,0.0,0.0,,,,,1.4395,,,0.0,,,,,,,,
0.4042,idle,0.0,0.0,,,,,1.4395,,,0.0,,,,,,,,
0.4549,idle,0.0,0.0,,,,,1.4395,,,0.0,,,,,,,,
0.5051,idle,0.0,0.0,,,,,1.4395,,,0.0,,,,,,,,
0.5558,idle,0.0,0.0,,,,,1.4395,,,0.0,,,,,,,,
0.6061,idle,0.0,0.0,,,,,1.4395,,,0.0,,,,,,,,
0.6566,idle,0.0,0.0,,,,,1.4395,,,0.0,,,,,,,,
0.7069,idle,0.0,0.0,,,,,1.4395,,,0.0,,,,,,,,
0.7577,idle,0.0,0.0,,,,,1.4395,,,0.0,,,,,,,,
0.808,idle,0.0,0.0,,,,,1.4395,,,0.0,,,,,,,,
0.8586,idle,0.0,0.0,,,,,1.4395,,,0.0,,,,,,,,
0.9089,idle,0.0,0.0,,,,,1.4395,,,0.0,,,,,,,,
0.9598,idle,0.0,0.0,,,,,1.4395,,,0.0,,,,,,,,
1.0101,idle,0.0,0.0,,,,,1.4395,,,0.0,,,,,,,,
1.0611,idle,0.0,0.0,,,-0.0,-0.0,1.4395,,,0.0,,,,,,,,
1.1117,idle,0.0,0.0,,,-0.0,-0.0,1.4395,,,0.0,,,,,,,,
1.1622,idle,0.0,0.0,,,-0.0,-0.0,1.4395,,,0.0,,,,,,,,
1.2132,idle,0.0,0.0,,,-0.0,-0.0,1.4395,,,0.0,,,,,,,,
1.2638,idle,0.0,0.0,,,-0.0,-0.0,1.4395,,,0.0,,,,,,,,
1.3141,idle,0.0,0.0,,,-0.0,-0.0,1.4395,,,0.0,,,,,,,,
1.365,idle,0.0,0.0,,,-0.0,-0.0,1.4395,,,0.0,,,,,,,,
1.4156,idle,0.0,0.0,,,-0.0,-0.0,1.4395,,,0.0,,,,,,,,
1.4659,idle,0.0,0.0,,,-0.0,-0.0,1.4395,,,0.0,,,,,,,,
1.5169,idle,0.0,0.0,,,-0.0,-0.0,1.4395,,,0.0,,,,,,,,
1.5674,idle,0.0,0.0,,,-0.0,-0.0,1.4395,,,0.0,,,,,,,,
1.6178,idle,0.0,0.0,,,-0.0,-0.0,1.4395,,,0.0,,,,,,,,
1.6686,idle,0.0,0.0,,,-0.0,-0.0,1.4395,,,0.0,,,,,,,,
1.7192,idle,0.0,0.0,,,-0.0,-0.0,1.4395,,,0.0,,,,,,,,
1.7695,idle,0.0,0.0,,,-0.0,-0.0,1.4395,,,0.0,,,,,,,,
1.8205,idle,0.0,0.0,,,-0.0,-0.0,1.4395,,,0.0,,,,,,,,
1.8711,idle,0.0,0.0,,,-0.0,-0.0,1.4395,,,0.0,,,,,,,,
1.9214,idle,0.0,0.0,,,-0.0,-0.0,1.4395,,,0.0,,,,,,,,
1.972,idle,0.0,0.0,,,-0.0,-0.0,1.4395,,,0.0,,,,,,,,
2.0225,idle,0.0,0.0,,,-0.0,-0.0,1.4395,,,0.0,,,,,,,,
2.0728,idle,0.0,0.0,,,-0.0,-0.0,1.4395,,,0.0,,,,,,,,
2.1237,idle,0.0,0.0,,,-0.0,-0.0,1.4395,,,0.0,,,,,,,,
2.1742,idle,0.0,0.0,,,-0.0,-0.0,1.4395,,,0.0,,,,,,,,
2.2246,idle,0.0,0.0,,,-0.0,-0.0,1.4395,,,0.0,,,,,,,,
2.2753,idle,0.0,0.0,,,-0.0,-0.0,1.4395,,,0.0,,,,,,,,
2.326,idle,0.0,0.0,,,-0.0,-0.0,1.4395,,,0.0,,,,,,,,
2.3765,idle,0.0,0.0,,,-0.0,-0.0,1.4395,,,0.0,,,,,,,,
2.4274,idle,0.0,0.0,,,-0.0,-0.0,1.4395,,,0.0,,,,,,,,
2.4781,idle,0.0,0.0,,,-0.0,-0.0,1.4395,,,0.0,,,,,,,,
2.5285,idle,0.0,0.0,,,-0.0,-0.0,1.4395,,,0.0,,,,,,,,
2.5793,idle,0.0,0.0,,,-0.0,-0.0,1.4395,,,0.0,,,,,,,,
2.6299,idle,0.0,0.0,,,-0.0,-0.0,1.4395,,,0.0,,,,,,,,
2.6801,idle,0.0,0.0,,,-0.0,-0.0,1.4395,,,0.0,,,,,,,,
2.7316,idle,0.0,0.0,,,-0.0,-0.0,1.4395,,,0.0,,,,,,,,
2.7821,idle,0.0,0.0,,,-0.0,-0.0,1.4395,,,0.0,,,,,,,,
2.8324,idle,0.0,0.0,,,-0.0,-0.0,1.4395,,,0.0,,,,,,,,
2.8831,idle,0.0,0.0,0.0,0.0,-0.0,-0.0,1.4395,,,0.0,,,,,,,,
2.9336,idle,0.0,0.0,0.0,0.0,-0.0,-0.0,1.4395,,,0.0,,,,,,,,
2.984,idle,0.0,0.0,0.0,0.0,-0.0,-0.0,1.4395,,,0.0,,,,,,,,
3.0345,idle,0.0,0.0,0.0,0.0,-0.0,-0.0,1.4395,,,0.0,13.3,0.0,0.0,-0.1,0.0,0.0,0.0,0
3.0848,idle,0.0,0.0,0.0,0.0,-0.0,-0.0,1.4395,,,0.0,13.3,0.0,0.0,-0.1,0.0,0.0,0.0,0
3.1354,idle,0.0,0.0,0.0,0.0,-0.0,-0.0,1.4395,,,0.0,13.3,0.0,0.0,-0.1,0.0,0.0,0.0,0
3.186,idle,0.0,0.0,0.0,0.0,-0.0,-0.0,1.4395,,,0.0,13.3,0.0,0.0,-0.1,0.0,0.0,0.0,0
3.2364,idle,0.0,0.0,0.0,0.0,-0.0,-0.0,1.4395,,,0.0,13.3,0.0,0.0,-0.1,0.0,0.0,0.0,0
3.287,idle,0.0,0.0,0.0,0.0,-0.0,-0.0,1.4395,,,0.0,13.3,0.0,0.0,-0.1,0.0,0.0,0.0,0
3.3373,idle,0.0,0.0,0.0,0.0,-0.0,-0.0,1.4395,,,0.0,13.3,0.0,0.0,-0.1,0.0,0.0,0.0,0
3.3882,idle,0.0,0.0,0.0,0.0,-0.0,-0.0,1.4395,,,0.0,13.3,0.0,0.0,-0.1,0.0,0.0,0.0,0
3.4389,idle,0.0,0.0,0.0,0.0,-0.0,-0.0,1.4395,,,0.0,13.3,0.0,0.0,-0.1,0.0,0.0,0.0,0
3.4894,idle,0.0,0.0,0.0,0.0,-0.0,-0.0,1.4395,,,0.0,13.3,0.0,0.0,-0.1,0.0,0.0,0.0,0
3.5397,idle,0.0,0.0,0.0,0.0,-0.0,-0.0,1.4395,,,0.0,13.3,0.0,0.0,-0.1,0.0,0.0,0.0,0
3.5903,idle,0.0,0.0,0.0,0.0,-0.0,-0.0,1.4395,,,0.0,13.3,0.0,0.0,-0.1,0.0,0.0,0.0,0
3.6409,idle,0.0,0.0,0.0,0.0,-0.0,-0.0,1.4395,,,0.0,13.3,0.0,0.0,-0.1,0.0,0.0,0.0,0
3.6915,idle,0.0,0.0,0.0,0.0,-0.0,-0.0,1.4395,,,0.0,13.3,0.0,0.0,-0.1,0.0,0.0,0.0,0
3.7419,idle,0.0,0.0,0.0,0.0,-0.0,-0.0,1.4395,,,0.0,13.3,0.0,0.0,-0.1,0.0,0.0,0.0,0
3.7925,idle,0.0,0.0,0.0,0.0,-0.0,-0.0,1.4395,,,0.0,13.3,0.0,0.0,-0.1,0.0,0.0,0.0,0
3.8428,idle,0.0,0.0,0.0,0.0,-0.0,-0.0,1.4395,,,0.0,13.3,0.0,0.0,-0.1,0.0,0.0,0.0,0
3.8934,idle,0.0,0.0,0.0,0.0,-0.0,-0.0,1.4395,,,0.0,13.3,0.0,0.0,-0.1,0.0,0.0,0.0,0
3.9441,idle,0.0,0.0,0.0,0.0,-0.0,-0.0,1.4395,,,0.0,13.3,0.0,0.0,-0.1,0.0,0.0,0.0,0
3.9946,idle,0.0,0.0,0.0,0.0,-0.0,-0.0,1.4395,,,0.0,13.3,0.0,0.0,-0.1,0.0,0.0,0.0,0
4.0452,idle,0.0,0.0,0.0,0.0,-0.0,-0.0,1.4395,,,0.0,13.3,0.0,0.0,-0.1,0.0,0.0,0.0,0
4.0955,idle,0.0,0.0,0.0,0.0,-0.0,-0.0,1.4395,,,0.0,13.3,0.0,0.0,-0.1,0.0,0.0,0.0,0
4.1465,idle,0.0,0.0,0.0,0.0,-0.0,-0.0,1.4395,,,0.0,13.3,0.0,0.0,-0.1,0.0,0.0,0.0,0
4.1973,idle,0.0,0.0,0.0,0.0,-0.0,-0.0,1.4395,,,0.0,13.3,0.0,0.0,-0.1,0.0,0.0,0.0,0
4.2479,idle,0.0,0.0,0.0,0.0,-0.0,-0.0,1.4395,,,0.0,13.3,0.0,0.0,-0.1,0.0,0.0,0.0,0
4.2987,idle,0.0,0.0,0.0,0.0,-0.0,-0.0,1.4395,,,0.0,13.3,0.0,0.0,-0.1,0.0,0.0,0.0,0
4.349,idle,0.0,0.0,0.0,0.0,-0.0,-0.0,1.4395,,,0.0,13.3,0.0,0.0,-0.1,0.0,0.0,0.0,0
4.4002,idle,0.0,0.0,0.0,0.0,-0.0,-0.0,1.4395,,,0.0,13.3,0.0,0.0,-0.1,0.0,0.0,0.0,0
4.4509,idle,0.0,0.0,0.0,0.0,-0.0,-0.0,1.4395,,,0.0,13.3,0.0,0.0,-0.1,0.0,0.0,0.0,0
4.5015,idle,0.0,0.0,0.0,0.0,-0.0,-0.0,1.4395,,,0.0,13.3,0.0,0.0,-0.1,0.0,0.0,0.0,0
4.5521,idle,0.0,0.0,0.0,0.0,-0.0,-0.0,1.4395,,,0.0,13.3,0.0,0.0,-0.1,0.0,0.0,0.0,0
4.6025,idle,0.0,0.0,0.0,0.0,-0.0,-0.0,1.4395,,,0.0,13.3,0.0,0.0,-0.1,0.0,0.0,0.0,0
4.6535,idle,0.0,0.0,0.0,0.0,-0.0,-0.0,1.4395,,,0.0,13.3,0.0,0.0,-0.1,0.0,0.0,0.0,0
4.7042,idle,0.0,0.0,0.0,0.0,-0.0,-0.0,1.4395,,,0.0,13.3,0.0,0.0,-0.1,0.0,0.0,0.0,0
4.7548,idle,0.0,0.0,0.0,0.0,-0.0,-0.0,1.4395,,,0.0,13.3,0.0,0.0,-0.1,0.0,0.0,0.0,0
4.8054,idle,0.0,0.0,0.0,0.0,-0.0,-0.0,1.4395,,,0.0,13.3,0.0,0.0,-0.1,0.0,0.0,0.0,0
4.8557,idle,0.0,0.0,0.0,0.0,-0.0,-0.0,1.4395,,,0.0,13.3,0.0,0.0,-0.1,0.0,0.0,0.0,0
4.9069,idle,0.0,0.0,0.0,0.0,-0.0,-0.0,1.4395,,,0.0,13.3,0.0,0.0,-0.1,0.0,0.0,0.0,0
4.9576,idle,0.0,0.0,0.0,0.0,-0.0,-0.0,1.4395,,,0.0,13.3,0.0,0.0,-0.1,0.0,0.0,0.0,0
5.0082,idle,0.0,0.0,0.0,0.0,-0.0,-0.0,1.4395,,,0.0,13.3,0.0,0.0,-0.1,0.0,0.0,0.0,0
5.0587,idle,0.0,0.0,0.0,0.0,-0.0,-0.0,1.4395,,,0.0,13.3,0.0,0.0,-0.1,0.0,0.0,0.0,0
5.109,idle,0.0,0.0,0.0,0.0,-0.0,-0.0,1.4395,,,0.0,13.3,0.0,0.0,-0.1,0.0,0.0,0.0,0
5.1597,idle,0.0,0.0,0.0,0.0,-0.0,-0.0,1.4395,,,0.0,13.3,0.0,0.0,-0.1,0.0,0.0,0.0,0
5.2102,idle,0.0,0.0,0.0,0.0,-0.0,-0.0,1.4395,,,0.0,13.3,0.0,0.0,-0.1,0.0,0.0,0.0,0
5.2606,idle,0.0,0.0,0.0,0.0,-0.0,-0.0,1.4395,,,0.0,13.3,0.0,0.0,-0.1,0.0,0.0,0.0,0
5.311,idle,0.0,0.0,0.0,0.0,-0.0,-0.0,1.4395,,,0.0,13.2,0.0,0.0,-0.1,0.0,0.0,0.0,0
5.3614,idle,0.0,0.0,0.0,0.0,-0.0,-0.0,1.4395,,,0.0,13.2,0.0,0.0,-0.1,0.0,0.0,0.0,0
5.4122,idle,0.0,0.0,0.0,0.0,-0.0,-0.0,1.4395,,,0.0,13.2,0.0,0.0,-0.1,0.0,0.0,0.0,0
5.4628,idle,0.0,0.0,0.0,0.0,-0.0,-0.0,1.4395,,,0.0,13.2,0.0,0.0,-0.1,0.0,0.0,0.0,0
5.5134,idle,0.0,0.0,0.0,0.0,-0.0,-0.0,1.4395,,,0.0,13.2,0.0,0.0,-0.1,0.0,0.0,0.0,0
5.5639,idle,0.0,0.0,0.0,0.0,-0.0,-0.0,1.4395,,,0.0,13.2,0.0,0.0,-0.1,0.0,0.0,0.0,0
5.6142,idle,0.0,0.0,0.0,0.0,-0.0,-0.0,1.4395,,,0.0,13.2,0.0,0.0,-0.1,0.0,0.0,0.0,0
5.6651,idle,0.0,0.0,0.0,0.0,-0.0,-0.0,1.4395,,,0.0,13.2,0.0,0.0,-0.1,0.0,0.0,0.0,0
5.7156,idle,0.0,0.0,0.0,0.0,-0.0,-0.0,1.4395,,,0.0,13.2,0.0,0.0,-0.1,0.0,0.0,0.0,0
5.7662,idle,0.0,0.0,0.0,0.0,-0.0,-0.0,1.4395,,,0.0,13.2,0.0,0.0,-0.1,0.0,0.0,0.0,0
5.8166,idle,0.0,0.0,0.0,0.0,-0.0,-0.0,1.4395,,,0.0,13.3,0.0,0.0,-0.1,-0.1,0.0,0.0,0
5.8672,idle,0.0,0.0,0.0,0.0,-0.0,-0.0,1.4395,,,0.0,13.3,0.0,0.0,-0.1,-0.1,0.0,0.0,0
5.918,idle,0.0,0.0,0.0,0.0,-0.0,-0.0,1.4395,,,0.0,13.3,0.0,0.0,-0.1,-0.1,0.0,0.0,0
5.9685,idle,0.0,0.0,0.0,0.0,-0.0,-0.0,1.4395,,,0.0,13.3,0.0,0.0,-0.1,-0.1,0.0,0.0,0
6.0192,idle,0.0,0.0,0.0,0.0,-0.0,-0.0,1.4395,,,0.0,13.3,0.0,0.0,-0.1,-0.1,0.0,0.0,0
6.0697,idle,0.0,0.0,0.0,0.0,-0.0,-0.0,1.4395,,,0.0,13.3,0.0,0.0,-0.1,0.0,0.0,0.0,0
6.12,idle,0.0,0.0,0.0,0.0,-0.0,-0.0,1.4395,,,0.0,13.3,0.0,0.0,-0.1,0.0,0.0,0.0,0
6.1707,idle,0.0,0.0,0.0,0.0,-0.0,-0.0,1.4395,,,0.0,13.3,0.0,0.0,-0.1,0.0,0.0,0.0,0
6.2213,idle,0.0,0.0,0.0,0.0,-0.0,-0.0,1.4395,,,0.0,13.3,0.0,0.0,-0.1,0.0,0.0,0.0,0
6.2717,idle,0.0,0.0,0.0,0.0,-0.0,-0.0,1.4395,,,0.0,13.3,0.0,0.0,-0.1,0.0,0.0,0.0,0
6.322,idle,0.0,0.0,0.0,0.0,-0.0,-0.0,1.4395,,,0.0,13.3,0.0,0.0,-0.1,0.0,0.0,0.0,0
6.3724,idle,0.0,0.0,0.0,0.0,-0.0,-0.0,1.4395,,,0.0,13.3,0.0,0.0,-0.1,0.0,0.0,0.0,0
6.4231,idle,0.0,0.0,0.0,0.0,-0.0,-0.0,1.4395,,,0.0,13.3,0.0,0.0,-0.1,0.0,0.0,0.0,0
6.4737,idle,0.0,0.0,0.0,0.0,-0.0,-0.0,1.4395,,,0.0,13.3,0.0,0.0,-0.1,0.0,0.0,0.0,0
6.5241,idle,0.0,0.0,0.0,0.0,-0.0,-0.0,1.4395,,,0.0,13.3,0.0,0.0,-0.1,0.0,0.0,0.0,0
6.5745,idle,0.0,0.0,0.0,0.0,-0.0,-0.0,1.4395,,,0.0,13.3,0.0,0.0,-0.1,0.0,0.0,0.0,0
6.6248,idle,0.0,0.0,0.0,0.0,-0.0,-0.0,1.4395,,,0.0,13.3,0.0,0.0,-0.1,0.0,0.0,0.0,0
6.6755,idle,0.0,0.0,0.0,0.0,-0.0,-0.0,1.4395,,,0.0,13.3,0.0,0.0,-0.1,0.0,0.0,0.0,0
6.726,idle,0.0,0.0,0.0,0.0,-0.0,-0.0,1.4395,,,0.0,13.3,0.0,0.0,-0.1,0.0,0.0,0.0,0
6.7765,idle,0.0,0.0,0.0,0.0,-0.0,-0.0,1.4395,,,0.0,13.3,0.0,0.0,-0.1,0.0,0.0,0.0,0
6.8269,idle,0.0,0.0,0.0,0.0,-0.0,-0.0,1.4395,,,0.0,13.3,0.0,0.0,-0.1,0.0,0.0,0.0,0
6.8772,idle,0.0,0.0,0.0,0.0,-0.0,-0.0,1.4395,,,0.0,13.3,0.0,0.0,-0.1,0.0,0.0,0.0,0
6.9279,idle,0.0,0.0,0.0,0.0,-0.0,-0.0,1.4395,,,0.0,13.3,0.0,0.0,-0.1,0.0,0.0,0.0,0
6.9783,idle,0.0,0.0,0.0,0.0,-0.0,-0.0,1.4395,,,0.0,13.3,0.0,0.0,-0.1,0.0,0.0,0.0,0
7.0288,idle,0.0,0.0,0.0,0.0,-0.0,-0.0,1.4395,,,0.0,13.3,0.0,0.0,-0.1,0.0,0.0,0.0,0
7.0792,idle,0.0,0.0,0.0,0.0,-0.0,-0.0,1.4395,,,0.0,13.3,0.0,0.0,-0.1,0.0,0.0,0.0,0
7.1295,idle,0.0,0.0,0.0,0.0,-0.0,-0.0,1.4395,,,0.0,13.3,0.0,0.0,-0.1,0.0,0.0,0.0,0
7.1802,idle,0.0,0.0,0.0,0.0,-0.0,-0.0,1.4395,,,0.0,13.3,0.0,0.0,-0.1,0.0,0.0,0.0,0
7.2308,idle,0.0,0.0,0.0,0.0,-0.0,-0.0,1.4395,,,0.0,13.3,0.0,0.0,-0.1,0.0,0.0,0.0,0
7.2814,idle,0.0,0.0,0.0,0.0,-0.0,-0.0,1.4395,,,0.0,13.3,0.0,0.0,-0.1,0.0,0.0,0.0,0
7.332,idle,0.0,0.0,0.0,0.0,-0.0,-0.0,1.4395,,,0.0,13.3,0.0,0.0,-0.1,0.0,0.0,0.0,0
7.3823,idle,0.0,0.0,0.0,0.0,-0.0,-0.0,1.4395,,,0.0,13.3,0.0,0.0,-0.1,0.0,0.0,0.0,0
7.4332,idle,0.0,0.0,0.0,0.0,-0.0,-0.0,1.4395,,,0.0,13.3,0.0,0.0,-0.1,0.0,0.0,0.0,0
7.4839,idle,0.0,0.0,0.0,0.0,-0.0,-0.0,1.4395,,,0.0,13.3,0.0,0.0,-0.1,0.0,0.0,0.0,0
7.5347,idle,0.0,0.0,0.0,0.0,-0.0,-0.0,1.4395,,,0.0,13.3,0.0,0.0,-0.1,0.0,0.0,0.0,0
7.5853,idle,0.0,0.0,0.0,0.0,-0.0,-0.0,1.4395,,,0.0,13.3,0.0,0.0,-0.1,0.0,0.0,0.0,0
7.6357,idle,0.0,0.0,0.0,0.0,-0.0,-0.0,1.4395,,,0.0,13.3,0.0,0.0,-0.1,0.0,0.0,0.0,0
7.6867,idle,0.0,0.0,0.0,0.0,-0.0,-0.0,1.4395,,,0.0,13.3,0.0,0.0,-0.1,0.0,0.0,0.0,0
7.7375,idle,0.0,0.0,0.0,0.0,-0.0,-0.0,1.4395,,,0.0,13.3,0.0,0.0,-0.1,0.0,0.0,0.0,0
7.7883,idle,0.0,0.0,0.0,0.0,-0.0,-0.0,1.4395,,,0.0,13.3,0.0,0.0,-0.1,0.0,0.0,0.0,0
7.8389,idle,0.0,0.0,0.0,0.0,-0.0,-0.0,1.4395,,,0.0,13.3,0.0,0.0,-0.1,0.0,0.0,0.0,0
7.8892,idle,0.0,0.0,0.0,0.0,-0.0,-0.0,1.4395,,,0.0,13.3,0.0,0.0,-0.1,0.0,0.0,0.0,0
7.9403,idle,0.0,0.0,0.0,0.0,-0.0,-0.0,1.4395,,,0.0,13.3,0.0,0.0,-0.1,0.0,0.0,0.0,0
7.9909,idle,0.0,0.0,0.0,0.0,-0.0,-0.0,1.4395,,,0.0,13.3,0.0,0.0,-0.1,0.0,0.0,0.0,0
8.0417,idle,0.0,0.0,0.0,0.0,-0.0,-0.0,1.4395,,,0.0,13.3,0.0,0.0,-0.1,0.0,0.0,0.0,0
8.0921,idle,0.0,0.0,0.0,0.0,-0.0,-0.0,1.4395,,,0.0,13.3,0.0,0.0,0.0,0.0,0.0,0.0,0
8.1424,idle,0.0,0.0,0.0,0.0,-0.0,-0.0,1.4395,,,0.0,13.3,0.0,0.0,0.0,0.0,0.0,0.0,0
8.1931,idle,0.0,0.0,0.0,0.0,-0.0,-0.0,1.4395,,,0.0,13.3,0.0,0.0,0.0,0.0,0.0,0.0,0
8.2437,idle,0.0,0.0,0.0,0.0,-0.0,-0.0,1.4395,,,0.0,13.3,0.0,0.0,0.0,0.0,0.0,0.0,0
8.2941,idle,0.0,0.0,0.0,0.0,-0.0,-0.0,1.4395,,,0.0,13.3,0.0,0.0,0.0,0.0,0.0,0.0,0
8.3446,idle,0.0,0.0,0.0,0.0,-0.0,-0.0,1.4395,,,0.0,13.3,0.0,0.0,0.0,0.0,0.0,0.0,0
8.3949,idle,0.0,0.0,0.0,0.0,-0.0,-0.0,1.4395,,,0.0,13.3,0.0,0.0,0.0,0.0,0.0,0.0,0
8.4456,idle,0.0,0.0,0.0,0.0,-0.0,-0.0,1.4395,,,0.0,13.3,0.0,0.0,0.0,0.0,0.0,0.0,0
8.4964,idle,0.0,0.0,0.0,0.0,-0.0,-0.0,1.4395,,,0.0,13.3,0.0,0.0,0.0,0.0,0.0,0.0,0
8.5469,idle,0.0,0.0,0.0,0.0,-0.0,-0.0,1.4395,,,0.0,13.3,0.0,0.0,0.0,0.0,0.0,0.0,0
8.5973,idle,0.0,0.0,0.0,0.0,-0.0,-0.0,1.4395,,,0.0,13.3,0.0,0.0,-0.1,0.0,0.0,0.0,0
8.6475,idle,0.0,0.0,0.0,0.0,-0.0,-0.0,1.4395,,,0.0,13.3,0.0,0.0,-0.1,0.0,0.0,0.0,0
8.6981,idle,0.0,0.0,0.0,0.0,-0.0,-0.0,1.4395,,,0.0,13.3,0.0,0.0,-0.1,0.0,0.0,0.0,0
8.7487,idle,0.0,0.0,0.0,0.0,-0.0,-0.0,1.4395,,,0.0,13.3,0.0,0.0,-0.1,0.0,0.0,0.0,0
8.7991,idle,0.0,0.0,0.0,0.0,-0.0,-0.0,1.4395,,,0.0,13.3,0.0,0.0,-0.1,0.0,0.0,0.0,0
8.8494,idle,0.0,0.0,0.0,0.0,-0.0,-0.0,1.4395,,,0.0,13.3,0.0,0.0,-0.1,0.0,0.0,0.0,0
8.8997,idle,0.0,0.0,0.0,0.0,-0.0,-0.0,1.4395,,,0.0,13.3,0.0,0.0,-0.1,0.0,0.0,0.0,0
8.9503,idle,0.0,0.0,0.0,0.0,-0.0,-0.0,1.4395,,,0.0,13.3,0.0,0.0,-0.1,0.0,0.0,0.0,0
9.0008,idle,0.0,0.0,0.0,0.0,-0.0,-0.0,1.4395,,,0.0,13.3,0.0,0.0,-0.1,0.0,0.0,0.0,0
9.0513,idle,0.0,0.0,0.0,0.0,-0.0,-0.0,1.4395,,,0.0,13.3,0.0,0.0,-0.1,0.0,0.0,0.0,0
9.1017,idle,0.0,0.0,0.0,0.0,-0.0,-0.0,1.4395,,,0.0,13.2,0.0,0.0,-0.1,0.0,0.0,0.0,0
9.1519,idle,0.0,0.0,0.0,0.0,-0.0,-0.0,1.4395,,,0.0,13.2,0.0,0.0,-0.1,0.0,0.0,0.0,0
9.2027,idle,0.0,0.0,0.0,0.0,-0.0,-0.0,1.4395,,,0.0,13.2,0.0,0.0,-0.1,0.0,0.0,0.0,0
9.2533,idle,0.0,0.0,0.0,0.0,-0.0,-0.0,1.4395,,,0.0,13.2,0.0,0.0,-0.1,0.0,0.0,0.0,0
9.304,idle,0.0,0.0,0.0,0.0,-0.0,-0.0,1.4395,,,0.0,13.2,0.0,0.0,-0.1,0.0,0.0,0.0,0
9.3546,idle,0.0,0.0,0.0,0.0,-0.0,-0.0,1.4395,,,0.0,13.2,0.0,0.0,-0.1,0.0,0.0,0.0,0
9.4051,idle,0.0,0.0,0.0,0.0,-0.0,-0.0,1.4395,,,0.0,13.2,0.0,0.0,-0.1,0.0,0.0,0.0,0
9.4559,idle,0.0,0.0,0.0,0.0,-0.0,-0.0,1.4395,,,0.0,13.2,0.0,0.0,-0.1,0.0,0.0,0.0,0
9.5068,idle,0.0,0.0,0.0,0.0,-0.0,-0.0,1.4395,,,0.0,13.2,0.0,0.0,-0.1,0.0,0.0,0.0,0
9.5574,idle,0.0,0.0,0.0,0.0,-0.0,-0.0,1.4395,,,0.0,13.2,0.0,0.0,-0.1,0.0,0.0,0.0,0
9.6083,idle,0.0,0.0,0.0,0.0,-0.0,-0.0,1.4395,,,0.0,13.3,0.0,0.0,-0.1,0.0,0.0,0.0,0
9.6587,idle,0.0,0.0,0.0,0.0,-0.0,-0.0,1.4395,,,0.0,13.3,0.0,0.0,-0.1,0.0,0.0,0.0,0
9.7099,idle,0.0,0.0,0.0,0.0,-0.0,-0.0,1.4395,,,0.0,13.3,0.0,0.0,-0.1,0.0,0.0,0.0,0
9.7605,idle,0.0,0.0,0.0,0.0,-0.0,-0.0,1.4395,,,0.0,13.3,0.0,0.0,-0.1,0.0,0.0,0.0,0
9.8111,idle,0.0,0.0,0.0,0.0,-0.0,-0.0,1.4395,,,0.0,13.3,0.0,0.0,-0.1,0.0,0.0,0.0,0
9.8617,idle,0.0,0.0,0.0,0.0,-0.0,-0.0,1.4395,,,0.0,13.3,0.0,0.0,-0.1,0.0,0.0,0.0,0
9.9121,idle,0.0,0.0,0.0,0.0,-0.0,-0.0,1.4395,,,0.0,13.3,0.0,0.0,-0.1,0.0,0.0,0.0,0
9.9633,idle,0.0,0.0,0.0,0.0,-0.0,-0.0,1.4395,,,0.0,13.3,0.0,0.0,-0.1,0.0,0.0,0.0,0
10.0141,idle,0.0,0.0,0.0,0.0,-0.0,-0.0,1.4395,,,0.0,13.3,0.0,0.0,-0.1,0.0,0.0,0.0,0
10.0645,idle,0.0,0.0,0.0,0.0,-0.0,-0.0,1.4395,,,0.0,13.3,0.0,0.0,-0.1,0.0,0.0,0.0,0
10.115,idle,0.0,0.0,0.0,0.0,-0.0,-0.0,1.4395,,,0.0,13.2,0.0,0.0,-0.1,0.0,0.0,0.0,0
10.1652,idle,0.0,0.0,0.0,0.0,-0.0,-0.0,1.4395,,,0.0,13.2,0.0,0.0,-0.1,0.0,0.0,0.0,0
10.2167,idle,0.0,0.0,0.0,0.0,-0.0,-0.0,1.4395,,,0.0,13.2,0.0,0.0,-0.1,0.0,0.0,0.0,0
10.2674,idle,0.0,0.0,0.0,0.0,-0.0,-0.0,1.4395,,,0.0,13.2,0.0,0.0,-0.1,0.0,0.0,0.0,0
10.3181,idle,0.0,0.0,0.0,0.0,-0.0,-0.0,1.4395,,,0.0,13.2,0.0,0.0,-0.1,0.0,0.0,0.0,0
10.3686,idle,0.0,0.0,0.0,0.0,-0.0,-0.0,1.4395,,,0.0,13.3,0.0,0.0,0.0,0.0,0.0,0.0,0
10.419,idle,0.0,0.0,0.0,0.0,-0.0,-0.0,1.4395,,,0.0,13.3,0.0,0.0,0.0,0.0,0.0,0.0,0
10.4696,idle,0.0,0.0,0.0,0.0,-0.0,-0.0,1.4395,,,0.0,13.3,0.0,0.0,0.0,0.0,0.0,0.0,0
10.52,idle,0.0,0.0,0.0,0.0,-0.0,-0.0,1.4395,,,0.0,13.3,0.0,0.0,0.0,0.0,0.0,0.0,0
10.5708,idle,0.0,0.0,0.0,0.0,-0.0,-0.0,1.4395,,,0.0,13.3,0.0,0.0,0.0,0.0,0.0,0.0,0
10.6213,idle,0.0,0.0,0.0,0.0,-0.0,-0.0,1.4395,,,0.0,13.3,0.0,0.0,-0.1,0.0,0.0,0.0,0
10.6717,idle,0.0,0.0,0.0,0.0,-0.0,-0.0,1.4395,,,0.0,13.3,0.0,0.0,-0.1,0.0,0.0,0.0,0
10.7226,idle,0.0,0.0,0.0,0.0,-0.0,-0.0,1.4395,,,0.0,13.3,0.0,0.0,-0.1,0.0,0.0,0.0,0
10.7734,idle,0.0,0.0,0.0,0.0,-0.0,-0.0,1.4395,,,0.0,13.3,0.0,0.0,-0.1,0.0,0.0,0.0,0
10.8241,idle,0.0,0.0,0.0,0.0,-0.0,-0.0,1.4395,,,0.0,13.3,0.0,0.0,-0.1,0.0,0.0,0.0,0
10.8747,idle,0.0,0.0,0.0,0.0,-0.0,-0.0,1.4395,,,0.0,13.3,0.0,0.0,-0.1,0.0,0.0,0.0,0
10.9251,idle,0.0,0.0,0.0,0.0,-0.0,-0.0,1.4395,,,0.0,13.3,0.0,0.0,-0.1,0.0,0.0,0.0,0
10.9762,idle,0.0,0.0,0.0,0.0,-0.0,-0.0,1.4395,,,0.0,13.3,0.0,0.0,-0.1,0.0,0.0,0.0,0
11.0269,idle,0.0,0.0,0.0,0.0,-0.0,-0.0,1.4395,,,0.0,13.3,0.0,0.0,-0.1,0.0,0.0,0.0,0
11.0779,idle,0.0,0.0,0.0,0.0,-0.0,-0.0,1.4395,,,0.0,13.3,0.0,0.0,-0.1,0.0,0.0,0.0,0
11.1286,idle,0.0,0.0,0.0,0.0,-0.0,-0.0,1.4395,,,0.0,13.2,0.1,0.0,0.0,0.0,0.0,0.0,0
11.1791,idle,0.0,0.0,0.0,0.0,-0.0,-0.0,1.4395,,,0.0,13.2,0.1,0.0,0.0,0.0,0.0,0.0,0
11.2301,idle,0.0,0.0,0.0,0.0,-0.0,-0.0,1.4395,,,0.0,13.2,0.1,0.0,0.0,0.0,0.0,0.0,0
11.281,idle,0.0,0.0,0.0,0.0,-0.0,-0.0,1.4395,,,0.0,13.2,0.1,0.0,0.0,0.0,0.0,0.0,0
11.3317,idle,0.0,0.0,0.0,0.0,-0.0,-0.0,1.4395,,,0.0,13.2,0.1,0.0,0.0,0.0,0.0,0.0,0
11.3823,idle,0.0,0.0,0.0,0.0,-0.0,-0.0,1.4395,,,0.0,13.3,0.0,0.0,-0.1,0.0,0.0,0.0,0
11.4328,idle,0.0,0.0,0.0,0.0,-0.0,-0.0,1.4395,,,0.0,13.3,0.0,0.0,-0.1,0.0,0.0,0.0,0
11.4839,idle,0.0,0.0,0.0,0.0,-0.0,-0.0,1.4395,,,0.0,13.3,0.0,0.0,-0.1,0.0,0.0,0.0,0
11.5345,idle,0.0,0.0,0.0,0.0,-0.0,-0.0,1.4395,,,0.0,13.3,0.0,0.0,-0.1,0.0,0.0,0.0,0
11.5851,idle,0.0,0.0,0.0,0.0,-0.0,-0.0,1.4395,,,0.0,13.3,0.0,0.0,-0.1,0.0,0.0,0.0,0
11.6357,idle,0.0,0.0,0.0,0.0,-0.0,-0.0,1.4395,,,0.0,13.3,0.0,0.0,-0.1,0.0,0.0,0.0,0
11.686,idle,0.0,0.0,0.0,0.0,-0.0,-0.0,1.4395,,,0.0,13.3,0.0,0.0,-0.1,0.0,0.0,0.0,0
11.7366,idle,0.0,0.0,0.0,0.0,-0.0,-0.0,1.4395,,,0.0,13.3,0.0,0.0,-0.1,0.0,0.0,0.0,0
11.7872,idle,0.0,0.0,0.0,0.0,-0.0,-0.0,1.4395,,,0.0,13.3,0.0,0.0,-0.1,0.0,0.0,0.0,0
11.8376,idle,0.0,0.0,0.0,0.0,-0.0,-0.0,1.4395,,,0.0,13.3,0.0,0.0,-0.1,0.0,0.0,0.0,0
11.888,idle,0.0,0.0,0.0,0.0,-0.0,-0.0,1.4395,,,0.0,13.2,0.0,0.0,-0.1,0.0,0.0,0.0,0
11.9385,idle,0.0,0.0,0.0,0.0,-0.0,-0.0,1.4395,,,0.0,13.2,0.0,0.0,-0.1,0.0,0.0,0.0,0
11.9891,idle,0.0,0.0,0.0,0.0,-0.0,-0.0,1.4395,,,0.0,13.2,0.0,0.0,-0.1,0.0,0.0,0.0,0
12.0397,idle,0.0,0.0,0.0,0.0,-0.0,-0.0,1.4395,,,0.0,13.2,0.0,0.0,-0.1,0.0,0.0,0.0,0
12.0901,idle,0.0,0.0,0.0,0.0,-0.0,-0.0,1.4395,,,0.0,13.2,0.0,0.0,-0.1,0.0,0.0,0.0,0
12.1405,idle,0.0,0.0,0.0,0.0,-0.0,-0.0,1.4395,,,0.0,13.3,0.0,0.0,-0.1,0.0,0.0,0.0,0
12.1908,idle,0.0,0.0,0.0,0.0,-0.0,-0.0,1.4395,,,0.0,13.3,0.0,0.0,-0.1,0.0,0.0,0.0,0
12.2413,idle,0.0,0.0,0.0,0.0,-0.0,-0.0,1.4395,,,0.0,13.3,0.0,0.0,-0.1,0.0,0.0,0.0,0
12.2918,idle,0.0,0.0,0.0,0.0,-0.0,-0.0,1.4395,,,0.0,13.3,0.0,0.0,-0.1,0.0,0.0,0.0,0
12.3423,idle,0.0,0.0,0.0,0.0,-0.0,-0.0,1.4395,,,0.0,13.3,0.0,0.0,-0.1,0.0,0.0,0.0,0
12.3927,idle,0.0,0.0,0.0,0.0,-0.0,-0.0,1.4395,,,0.0,13.3,0.0,0.0,-0.1,0.0,0.0,0.0,0
12.4432,idle,0.0,0.0,0.0,0.0,-0.0,-0.0,1.4395,,,0.0,13.3,0.0,0.0,-0.1,0.0,0.0,0.0,0
12.4939,idle,0.0,0.0,0.0,0.0,-0.0,-0.0,1.4395,,,0.0,13.3,0.0,0.0,-0.1,0.0,0.0,0.0,0
12.5446,idle,0.0,0.0,0.0,0.0,-0.0,-0.0,1.4395,,,0.0,13.3,0.0,0.0,-0.1,0.0,0.0,0.0,0
12.5952,idle,0.0,0.0,0.0,0.0,-0.0,-0.0,1.4395,,,0.0,13.3,0.0,0.0,-0.1,0.0,0.0,0.0,0
12.6459,idle,0.0,0.0,0.0,0.0,-0.0,-0.0,1.4395,,,0.0,13.3,0.0,0.0,0.0,0.0,0.0,0.0,0
12.6961,idle,0.0,0.0,0.0,0.0,-0.0,-0.0,1.4395,,,0.0,13.3,0.0,0.0,0.0,0.0,0.0,0.0,0
12.747,idle,0.0,0.0,0.0,0.0,-0.0,-0.0,1.4395,,,0.0,13.3,0.0,0.0,0.0,0.0,0.0,0.0,0
12.7975,idle,0.0,0.0,0.0,0.0,-0.0,-0.0,1.4395,,,0.0,13.3,0.0,0.0,0.0,0.0,0.0,0.0,0
12.8482,idle,0.0,0.0,0.0,0.0,-0.0,-0.0,1.4395,,,0.0,13.3,0.0,0.0,0.0,0.0,0.0,0.0,0
12.8987,idle,0.0,0.0,0.0,0.0,-0.0,-0.0,1.4395,,,0.0,13.3,0.0,0.0,-0.1,0.0,0.0,0.0,0
12.9492,idle,0.0,0.0,0.0,0.0,-0.0,-0.0,1.4395,,,0.0,13.3,0.0,0.0,-0.1,0.0,0.0,0.0,0
13.0002,idle,0.0,0.0,0.0,0.0,-0.0,-0.0,1.4395,,,0.0,13.3,0.0,0.0,-0.1,0.0,0.0,0.0,0
13.0509,idle,0.0,0.0,0.0,0.0,-0.0,-0.0,1.4395,,,0.0,13.3,0.0,0.0,-0.1,0.0,0.0,0.0,0
13.1014,idle,0.0,0.0,0.0,0.0,-0.0,-0.0,1.4395,,,0.0,13.3,0.0,0.0,-0.1,0.0,0.0,0.0,0
13.152,idle,0.0,0.0,0.0,0.0,-0.0,-0.0,1.4395,,,0.0,13.3,0.0,0.0,-0.1,0.0,0.0,0.0,0
13.2024,idle,0.0,0.0,0.0,0.0,-0.0,-0.0,1.4395,,,0.0,13.3,0.0,0.0,-0.1,0.0,0.0,0.0,0
13.2532,idle,0.0,0.0,0.0,0.0,-0.0,-0.0,1.4395,,,0.0,13.3,0.0,0.0,-0.1,0.0,0.0,0.0,0
13.3036,idle,0.0,0.0,0.0,0.0,-0.0,-0.0,1.4395,,,0.0,13.3,0.0,0.0,-0.1,0.0,0.0,0.0,0
13.3545,idle,0.0,0.0,0.0,0.0,-0.0,-0.0,1.4395,,,0.0,13.3,0.0,0.0,-0.1,0.0,0.0,0.0,0
13.405,idle,0.0,0.0,0.0,0.0,-0.0,-0.0,1.4395,,,0.0,13.3,0.0,0.0,-0.1,0.0,0.0,0.0,0
13.4554,idle,0.0,0.0,0.0,0.0,-0.0,-0.0,1.4395,,,0.0,13.3,0.0,0.0,-0.1,0.0,0.0,0.0,0
13.5062,idle,0.0,0.0,0.0,0.0,-0.0,-0.0,1.4395,,,0.0,13.3,0.0,0.0,-0.1,0.0,0.0,0.0,0
13.5568,idle,0.0,0.0,0.0,0.0,-0.0,-0.0,1.4395,,,0.0,13.3,0.0,0.0,-0.1,0.0,0.0,0.0,0
13.6072,idle,0.0,0.0,0.0,0.0,-0.0,-0.0,1.4395,,,0.0,13.3,0.0,0.0,-0.1,0.0,0.0,0.0,0
13.6577,idle,0.0,0.0,0.0,0.0,-0.0,-0.0,1.4395,,,0.0,13.2,0.0,0.0,-0.1,0.0,0.0,0.0,0
13.708,idle,0.0,0.0,0.0,0.0,-0.0,-0.0,1.4395,,,0.0,13.2,0.0,0.0,-0.1,0.0,0.0,0.0,0
13.7587,idle,0.0,0.0,0.0,0.0,-0.0,-0.0,1.4395,,,0.0,13.2,0.0,0.0,-0.1,0.0,0.0,0.0,0
13.8091,idle,0.0,0.0,0.0,0.0,-0.0,-0.0,1.4395,,,0.0,13.2,0.0,0.0,-0.1,0.0,0.0,0.0,0
13.8595,idle,0.0,0.0,0.0,0.0,-0.0,-0.0,1.4395,,,0.0,13.2,0.0,0.0,-0.1,0.0,0.0,0.0,0
13.9099,idle,0.0,0.0,0.0,0.0,-0.0,-0.0,1.4395,,,0.0,13.2,0.0,0.0,-0.1,0.0,0.0,0.0,0
13.9603,idle,0.0,0.0,0.0,0.0,-0.0,-0.0,1.4395,,,0.0,13.2,0.0,0.0,-0.1,0.0,0.0,0.0,0
14.0113,idle,0.0,0.0,0.0,0.0,-0.0,-0.0,1.4395,,,0.0,13.2,0.0,0.0,-0.1,0.0,0.0,0.0,0
14.062,idle,0.0,0.0,0.0,0.0,-0.0,-0.0,1.4395,,,0.0,13.2,0.0,0.0,-0.1,0.0,0.0,0.0,0
14.1126,idle,0.0,0.0,0.0,0.0,-0.0,-0.0,1.4395,,,0.0,13.2,0.0,0.0,-0.1,0.0,0.0,0.0,0
14.1631,idle,0.0,0.0,0.0,0.0,-0.0,-0.0,1.4395,,,0.0,13.3,0.0,0.0,-0.1,0.0,0.0,0.0,0
14.2135,idle,0.0,0.0,0.0,0.0,-0.0,-0.0,1.4395,,,0.0,13.3,0.0,0.0,-0.1,0.0,0.0,0.0,0
14.2645,idle,0.0,0.0,0.0,0.0,-0.0,-0.0,1.4395,,,0.0,13.3,0.0,0.0,-0.1,0.0,0.0,0.0,0
14.3153,idle,0.0,0.0,0.0,0.0,-0.0,-0.0,1.4395,,,0.0,13.3,0.0,0.0,-0.1,0.0,0.0,0.0,0
14.366,idle,0.0,0.0,0.0,0.0,-0.0,-0.0,1.4395,,,0.0,13.3,0.0,0.0,-0.1,0.0,0.0,0.0,0
14.4166,idle,0.0,0.0,0.0,0.0,-0.0,-0.0,1.4395,,,0.0,13.3,0.0,0.0,-0.1,0.0,0.0,0.0,0
14.467,idle,0.0,0.0,0.0,0.0,-0.0,-0.0,1.4395,,,0.0,13.3,0.0,0.0,-0.1,0.0,0.0,0.0,0
14.5181,idle,0.0,0.0,0.0,0.0,-0.0,-0.0,1.4395,,,0.0,13.3,0.0,0.0,-0.1,0.0,0.0,0.0,0
14.5688,idle,0.0,0.0,0.0,0.0,-0.0,-0.0,1.4395,,,0.0,13.3,0.0,0.0,-0.1,0.0,0.0,0.0,0
14.6193,idle,0.0,0.0,0.0,0.0,-0.0,-0.0,1.4395,,,0.0,13.3,0.0,0.0,-0.1,0.0,0.0,0.0,0
14.6697,idle,0.0,0.0,0.0,0.0,-0.0,-0.0,1.4395,,,0.0,13.3,0.0,0.0,-0.1,0.0,0.0,0.0,0
14.72,idle,0.0,0.0,0.0,0.0,-0.0,-0.0,1.4395,,,0.0,13.3,0.0,0.0,-0.1,0.0,0.0,0.0,0
14.7707,idle,0.0,0.0,0.0,0.0,-0.0,-0.0,1.4395,,,0.0,13.3,0.0,0.0,-0.1,0.0,0.0,0.0,0
14.8213,idle,0.0,0.0,0.0,0.0,-0.0,-0.0,1.4395,,,0.0,13.3,0.0,0.0,-0.1,0.0,0.0,0.0,0
14.8718,idle,0.0,0.0,0.0,0.0,-0.0,-0.0,1.4395,,,0.0,13.3,0.0,0.0,-0.1,0.0,0.0,0.0,0
14.9225,idle,0.0,0.0,0.0,0.0,-0.0,-0.0,1.4395,,,0.0,13.3,0.0,0.0,-0.1,0.0,0.0,0.0,0
14.9728,idle,0.0,0.0,0.0,0.0,-0.0,-0.0,1.4395,,,0.0,13.3,0.0,0.0,-0.1,0.0,0.0,0.0,0
15.0237,idle,0.0,0.0,0.0,0.0,-0.0,-0.0,1.4395,,,0.0,13.3,0.0,0.0,-0.1,0.0,0.0,0.0,0
15.0742,idle,0.0,0.0,0.0,0.0,-0.0,-0.0,1.4395,,,0.0,13.3,0.0,0.0,-0.1,0.0,0.0,0.0,0
15.1246,idle,0.0,0.0,0.0,0.0,-0.0,-0.0,1.4395,,,0.0,13.3,0.0,0.0,-0.1,0.0,0.0,0.0,0
15.1751,idle,0.0,0.0,0.0,0.0,-0.0,-0.0,1.4395,,,0.0,13.3,0.0,0.0,-0.1,0.0,0.0,0.0,0
15.2254,idle,0.0,0.0,0.0,0.0,-0.0,-0.0,1.4395,,,0.0,13.3,0.0,0.0,-0.1,0.0,0.0,0.0,0
15.2764,idle,0.0,0.0,0.0,0.0,-0.0,-0.0,1.4395,,,0.0,13.3,0.0,0.0,-0.1,0.0,0.0,0.0,0
15.3269,idle,0.0,0.0,0.0,0.0,-0.0,-0.0,1.4395,,,0.0,13.3,0.0,0.0,-0.1,0.0,0.0,0.0,0
15.3773,idle,0.0,0.0,0.0,0.0,-0.0,-0.0,1.4395,,,0.0,13.3,0.0,0.0,-0.1,0.0,0.0,0.0,0
15.4277,idle,0.0,0.0,0.0,0.0,-0.0,-0.0,1.4395,,,0.0,13.3,0.0,0.0,-0.1,0.0,0.0,0.0,0
15.4781,idle,0.0,0.0,0.0,0.0,-0.0,-0.0,1.4395,,,0.0,13.3,0.0,0.0,-0.1,0.0,0.0,0.0,0
15.5289,idle,0.0,0.0,0.0,0.0,-0.0,-0.0,1.4395,,,0.0,13.3,0.0,0.0,-0.1,0.0,0.0,0.0,0
15.5794,idle,0.0,0.0,0.0,0.0,-0.0,-0.0,1.4395,,,0.0,13.3,0.0,0.0,-0.1,0.0,0.0,0.0,0
15.6298,idle,0.0,0.0,0.0,0.0,-0.0,-0.0,1.4395,,,0.0,13.3,0.0,0.0,-0.1,0.0,0.0,0.0,0
15.6803,idle,0.0,0.0,0.0,0.0,-0.0,-0.0,1.4395,,,0.0,13.3,0.0,0.0,-0.1,0.0,0.0,0.0,0
15.7306,idle,0.0,0.0,0.0,0.0,-0.0,-0.0,1.4395,,,0.0,13.3,0.0,0.0,-0.1,0.0,0.0,0.0,0
15.7812,idle,0.0,0.0,0.0,0.0,-0.0,-0.0,1.4395,,,0.0,13.3,0.0,0.0,-0.1,0.0,0.0,0.0,0
15.8318,idle,0.0,0.0,0.0,0.0,-0.0,-0.0,1.4395,,,0.0,13.3,0.0,0.0,-0.1,0.0,0.0,0.0,0
15.8823,idle,0.0,0.0,0.0,0.0,-0.0,-0.0,1.4395,,,0.0,13.3,0.0,0.0,-0.1,0.0,0.0,0.0,0
15.9327,idle,0.0,0.0,0.0,0.0,-0.0,-0.0,1.4395,,,0.0,13.3,0.0,0.0,-0.1,0.0,0.0,0.0,0
15.983,idle,0.0,0.0,0.0,0.0,-0.0,-0.0,1.4395,,,0.0,13.3,0.0,0.0,-0.1,0.0,0.0,0.0,0
16.0337,idle,0.0,0.0,0.0,0.0,-0.0,-0.0,1.4395,,,0.0,13.3,0.0,0.0,-0.1,0.0,0.0,0.0,0
16.0842,idle,0.0,0.0,0.0,0.0,-0.0,-0.0,1.4395,,,0.0,13.3,0.0,0.0,-0.1,0.0,0.0,0.0,0
16.1346,idle,0.0,0.0,0.0,0.0,-0.0,-0.0,1.4395,,,0.0,13.3,0.0,0.0,-0.1,0.0,0.0,0.0,0
16.185,idle,0.0,0.0,0.0,0.0,-0.0,-0.0,1.4395,,,0.0,13.2,0.0,0.0,0.0,0.0,0.0,0.0,0
16.2353,idle,0.0,0.0,0.0,0.0,-0.0,-0.0,1.4395,,,0.0,13.2,0.0,0.0,0.0,0.0,0.0,0.0,0
16.2861,idle,0.0,0.0,0.0,0.0,-0.0,-0.0,1.4395,,,0.0,13.2,0.0,0.0,0.0,0.0,0.0,0.0,0
16.3365,idle,0.0,0.0,0.0,0.0,-0.0,-0.0,1.4395,,,0.0,13.2,0.0,0.0,0.0,0.0,0.0,0.0,0
16.3872,idle,0.0,0.0,0.0,0.0,-0.0,-0.0,1.4395,,,0.0,13.2,0.0,0.0,0.0,0.0,0.0,0.0,0
16.4376,idle,0.0,0.0,0.0,0.0,-0.0,-0.0,1.4395,,,0.0,13.3,0.0,0.0,-0.1,0.0,0.0,0.0,0
16.4879,idle,0.0,0.0,0.0,0.0,-0.0,-0.0,1.4395,,,0.0,13.3,0.0,0.0,-0.1,0.0,0.0,0.0,0
16.5389,idle,0.0,0.0,0.0,0.0,-0.0,-0.0,1.4395,,,0.0,13.3,0.0,0.0,-0.1,0.0,0.0,0.0,0
16.5896,idle,0.0,0.0,0.0,0.0,-0.0,-0.0,1.4395,,,0.0,13.3,0.0,0.0,-0.1,0.0,0.0,0.0,0
16.6402,idle,0.0,0.0,0.0,0.0,-0.0,-0.0,1.4395,,,0.0,13.3,0.0,0.0,-0.1,0.0,0.0,0.0,0
16.6909,idle,0.0,0.0,0.0,0.0,-0.0,-0.0,1.4395,,,0.0,13.3,0.0,0.0,0.0,0.0,0.0,0.0,0
16.7413,idle,0.0,0.0,0.0,0.0,-0.0,-0.0,1.4395,,,0.0,13.3,0.0,0.0,0.0,0.0,0.0,0.0,0
16.7923,idle,0.0,0.0,0.0,0.0,-0.0,-0.0,1.4395,,,0.0,13.3,0.0,0.0,0.0,0.0,0.0,0.0,0
16.843,idle,0.0,0.0,0.0,0.0,-0.0,-0.0,1.4395,,,0.0,13.3,0.0,0.0,0.0,0.0,0.0,0.0,0
16.8937,idle,0.0,0.0,0.0,0.0,-0.0,-0.0,1.4395,,,0.0,13.3,0.0,0.0,0.0,0.0,0.0,0.0,0
16.9441,idle,0.0,0.0,0.0,0.0,-0.0,-0.0,1.4395,,,0.0,13.2,0.0,0.0,-0.1,0.0,0.0,0.0,0
16.9944,idle,0.0,0.0,0.0,0.0,-0.0,-0.0,1.4395,,,0.0,13.2,0.0,0.0,-0.1,0.0,0.0,0.0,0
17.045,idle,0.0,0.0,0.0,0.0,-0.0,-0.0,1.4395,,,0.0,13.2,0.0,0.0,-0.1,0.0,0.0,0.0,0
17.0957,idle,0.0,0.0,0.0,0.0,-0.0,-0.0,1.4395,,,0.0,13.2,0.0,0.0,-0.1,0.0,0.0,0.0,0
17.1461,idle,0.0,0.0,0.0,0.0,-0.0,-0.0,1.4395,,,0.0,13.2,0.0,0.0,-0.1,0.0,0.0,0.0,0
17.1965,idle,0.0,0.0,0.0,0.0,-0.0,-0.0,1.4395,,,0.0,13.3,0.0,0.0,-0.1,0.0,0.0,0.0,0
17.2468,idle,0.0,0.0,0.0,0.0,-0.0,-0.0,1.4395,,,0.0,13.3,0.0,0.0,-0.1,0.0,0.0,0.0,0
17.2974,idle,0.0,0.0,0.0,0.0,-0.0,-0.0,1.4395,,,0.0,13.3,0.0,0.0,-0.1,0.0,0.0,0.0,0
17.3478,idle,0.0,0.0,0.0,0.0,-0.0,-0.0,1.4395,,,0.0,13.3,0.0,0.0,-0.1,0.0,0.0,0.0,0
17.3983,idle,0.0,0.0,0.0,0.0,-0.0,-0.0,1.4395,,,0.0,13.3,0.0,0.0,-0.1,0.0,0.0,0.0,0
17.4487,idle,0.0,0.0,0.0,0.0,-0.0,-0.0,1.4395,,,0.0,13.3,0.0,0.0,-0.1,0.0,0.0,0.0,0
17.4991,idle,0.0,0.0,0.0,0.0,-0.0,-0.0,1.4395,,,0.0,13.3,0.0,0.0,-0.1,0.0,0.0,0.0,0
17.5498,idle,0.0,0.0,0.0,0.0,-0.0,-0.0,1.4395,,,0.0,13.3,0.0,0.0,-0.1,0.0,0.0,0.0,0
17.6002,idle,0.0,0.0,0.0,0.0,-0.0,-0.0,1.4395,,,0.0,13.3,0.0,0.0,-0.1,0.0,0.0,0.0,0
17.6505,idle,0.0,0.0,0.0,0.0,-0.0,-0.0,1.4395,,,0.0,13.3,0.0,0.0,-0.1,0.0,0.0,0.0,0
17.7009,idle,0.0,0.0,0.0,0.0,-0.0,-0.0,1.4395,,,0.0,13.3,0.0,0.0,-0.1,0.0,0.0,0.0,0
17.7512,idle,0.0,0.0,0.0,0.0,-0.0,-0.0,1.4395,,,0.0,13.3,0.0,0.0,-0.1,0.0,0.0,0.0,0
17.8022,idle,0.0,0.0,0.0,0.0,-0.0,-0.0,1.4395,,,0.0,13.3,0.0,0.0,-0.1,0.0,0.0,0.0,0
17.8527,idle,0.0,0.0,0.0,0.0,-0.0,-0.0,1.4395,,,0.0,13.3,0.0,0.0,-0.1,0.0,0.0,0.0,0
17.9033,idle,0.0,0.0,0.0,0.0,-0.0,-0.0,1.4395,,,0.0,13.3,0.0,0.0,-0.1,0.0,0.0,0.0,0
17.9538,idle,0.0,0.0,0.0,0.0,-0.0,-0.0,1.4395,,,0.0,13.3,0.0,0.0,0.0,0.0,0.0,0.0,0
18.0042,idle,0.0,0.0,0.0,0.0,-0.0,-0.0,1.4395,,,0.0,13.3,0.0,0.0,0.0,0.0,0.0,0.0,0
18.0553,idle,0.0,0.0,0.0,0.0,-0.0,-0.0,1.4395,,,0.0,13.3,0.0,0.0,0.0,0.0,0.0,0.0,0
18.106,idle,0.0,0.0,0.0,0.0,-0.0,-0.0,1.4395,,,0.0,13.3,0.0,0.0,0.0,0.0,0.0,0.0,0
18.1567,idle,0.0,0.0,0.0,0.0,-0.0,-0.0,1.4395,,,0.0,13.3,0.0,0.0,0.0,0.0,0.0,0.0,0
18.2073,idle,0.0,0.0,0.0,0.0,-0.0,-0.0,1.4395,,,0.0,13.2,0.0,0.0,-0.1,0.0,0.0,0.0,0
18.2577,idle,0.0,0.0,0.0,0.0,-0.0,-0.0,1.4395,,,0.0,13.2,0.0,0.0,-0.1,0.0,0.0,0.0,0
18.3086,idle,0.0,0.0,0.0,0.0,-0.0,-0.0,1.4395,,,0.0,13.2,0.0,0.0,-0.1,0.0,0.0,0.0,0
18.3594,idle,0.0,0.0,0.0,0.0,-0.0,-0.0,1.4395,,,0.0,13.2,0.0,0.0,-0.1,0.0,0.0,0.0,0
18.41,idle,0.0,0.0,0.0,0.0,-0.0,-0.0,1.4395,,,0.0,13.2,0.0,0.0,-0.1,0.0,0.0,0.0,0
18.4607,idle,0.0,0.0,0.0,0.0,-0.0,-0.0,1.4395,,,0.0,13.2,0.0,0.0,-0.1,0.0,0.0,0.0,0
18.5111,idle,0.0,0.0,0.0,0.0,-0.0,-0.0,1.4395,,,0.0,13.2,0.0,0.0,-0.1,0.0,0.0,0.0,0
18.5621,idle,0.0,0.0,0.0,0.0,-0.0,-0.0,1.4395,,,0.0,13.2,0.0,0.0,-0.1,0.0,0.0,0.0,0
18.6127,idle,0.0,0.0,0.0,0.0,-0.0,-0.0,1.4395,,,0.0,13.2,0.0,0.0,-0.1,0.0,0.0,0.0,0
18.6636,idle,0.0,0.0,0.0,0.0,-0.0,-0.0,1.4395,,,0.0,13.2,0.0,0.0,-0.1,0.0,0.0,0.0,0
18.7141,idle,0.0,0.0,0.0,0.0,-0.0,-0.0,1.4395,,,0.0,13.3,0.0,0.0,-0.1,0.0,0.0,0.0,0
18.7646,idle,0.0,0.0,0.0,0.0,-0.0,-0.0,1.4395,,,0.0,13.3,0.0,0.0,-0.1,0.0,0.0,0.0,0
18.8155,idle,0.0,0.0,0.0,0.0,-0.0,-0.0,1.4395,,,0.0,13.3,0.0,0.0,-0.1,0.0,0.0,0.0,0
18.8663,idle,0.0,0.0,0.0,0.0,-0.0,-0.0,1.4395,,,0.0,13.3,0.0,0.0,-0.1,0.0,0.0,0.0,0
18.9169,idle,0.0,0.0,0.0,0.0,-0.0,-0.0,1.4395,,,0.0,13.3,0.0,0.0,-0.1,0.0,0.0,0.0,0
18.9675,idle,0.0,0.0,0.0,0.0,-0.0,-0.0,1.4395,,,0.0,13.3,0.0,0.0,-0.1,0.0,0.0,0.0,0
19.0181,idle,0.0,0.0,0.0,0.0,-0.0,-0.0,1.4395,,,0.0,13.3,0.0,0.0,-0.1,0.0,0.0,0.0,0
19.0688,idle,0.0,0.0,0.0,0.0,-0.0,-0.0,1.4395,,,0.0,13.3,0.0,0.0,-0.1,0.0,0.0,0.0,0
19.1193,idle,0.0,0.0,0.0,0.0,-0.0,-0.0,1.4395,,,0.0,13.3,0.0,0.0,-0.1,0.0,0.0,0.0,0
19.1698,idle,0.0,0.0,0.0,0.0,-0.0,-0.0,1.4395,,,0.0,13.3,0.0,0.0,-0.1,0.0,0.0,0.0,0
19.2201,idle,0.0,0.0,0.0,0.0,-0.0,-0.0,1.4395,,,0.0,13.3,0.0,0.0,-0.1,0.0,0.0,0.0,0
19.2705,idle,0.0,0.0,0.0,0.0,-0.0,-0.0,1.4395,,,0.0,13.3,0.0,0.0,-0.1,0.0,0.0,0.0,0
19.3211,idle,0.0,0.0,0.0,0.0,-0.0,-0.0,1.4395,,,0.0,13.3,0.0,0.0,-0.1,0.0,0.0,0.0,0
19.3715,idle,0.0,0.0,0.0,0.0,-0.0,-0.0,1.4395,,,0.0,13.3,0.0,0.0,-0.1,0.0,0.0,0.0,0
19.422,idle,0.0,0.0,0.0,0.0,-0.0,-0.0,1.4395,,,0.0,13.3,0.0,0.0,-0.1,0.0,0.0,0.0,0
19.4725,idle,0.0,0.0,0.0,0.0,-0.0,-0.0,1.4395,,,0.0,13.3,0.0,0.0,0.0,0.0,0.0,0.0,0
19.5228,idle,0.0,0.0,0.0,0.0,-0.0,-0.0,1.4395,,,0.0,13.3,0.0,0.0,0.0,0.0,0.0,0.0,0
19.5734,idle,0.0,0.0,0.0,0.0,-0.0,-0.0,1.4395,,,0.0,13.3,0.0,0.0,0.0,0.0,0.0,0.0,0
19.6239,idle,0.0,0.0,0.0,0.0,-0.0,-0.0,1.4395,,,0.0,13.3,0.0,0.0,0.0,0.0,0.0,0.0,0
19.6744,idle,0.0,0.0,0.0,0.0,-0.0,-0.0,1.4395,,,0.0,13.3,0.0,0.0,0.0,0.0,0.0,0.0,0
19.7251,idle,0.0,0.0,0.0,0.0,-0.0,-0.0,1.4395,,,0.0,13.2,0.0,0.0,-0.1,0.0,0.0,0.0,0
19.7755,idle,0.0,0.0,0.0,0.0,-0.0,-0.0,1.4395,,,0.0,13.2,0.0,0.0,-0.1,0.0,0.0,0.0,0
19.8269,idle,0.0,0.0,0.0,0.0,-0.0,-0.0,1.4395,,,0.0,13.2,0.0,0.0,-0.1,0.0,0.0,0.0,0
19.8776,idle,0.0,0.0,0.0,0.0,-0.0,-0.0,1.4395,,,0.0,13.2,0.0,0.0,-0.1,0.0,0.0,0.0,0
19.9285,idle,0.0,0.0,0.0,0.0,-0.0,-0.0,1.4395,,,0.0,13.2,0.0,0.0,-0.1,0.0,0.0,0.0,0
19.9791,idle,0.0,0.0,0.0,0.0,-0.0,-0.0,1.4395,,,0.0,13.2,0.0,0.0,-0.1,0.0,0.0,0.0,0
20.0296,idle,0.0,0.0,0.0,0.0,-0.0,-0.0,1.4395,,,0.0,13.2,0.0,0.0,-0.1,0.0,0.0,0.0,0
20.0303,fwd_0.2,0.2,0.0,0.0,0.0,-0.0,-0.0,1.4395,,,0.0,13.2,0.0,0.0,-0.1,0.0,0.0,0.0,0
20.081,fwd_0.2,0.2,0.0,0.0,0.0,-0.0,-0.0,1.4395,,,0.0,13.2,0.0,0.0,-0.1,0.0,0.0,0.0,0
20.1315,fwd_0.2,0.2,0.0,0.0,0.0,-0.0,-0.0,1.4395,,,0.0,13.2,0.0,0.0,-0.1,0.0,0.0,0.0,0
20.182,fwd_0.2,0.2,0.0,0.0,0.0,-0.0,-0.0,1.4395,,,0.0,13.2,0.0,0.0,-0.1,0.0,0.0,0.0,0
20.2323,fwd_0.2,0.2,0.0,0.0,0.0,-0.0,-0.0,1.4395,,,0.0,13.2,0.0,0.0,-0.1,0.0,0.0,0.0,0
20.2833,fwd_0.2,0.2,0.0,0.0,0.0,-0.0,-0.0,1.4395,,,0.0,13.2,0.0,0.0,-0.1,0.0,0.0,0.0,0
20.3343,fwd_0.2,0.2,0.0,0.0,0.0,-0.0,-0.0,1.4395,,,0.0,13.2,0.0,0.0,-0.1,0.0,0.0,0.0,0
20.3849,fwd_0.2,0.2,0.0,0.0,0.0,-0.0,-0.0,1.4395,,,0.0,13.2,0.0,0.0,-0.1,0.0,0.0,0.0,0
20.4353,fwd_0.2,0.2,0.0,0.0,0.0,-0.0,-0.0,1.4395,,,0.0,13.2,0.0,0.0,-0.1,0.0,0.0,0.0,0
20.4857,fwd_0.2,0.2,0.0,0.0,0.0,-0.0,-0.0,1.4395,,,0.0,13.2,0.0,0.0,-0.1,0.0,0.0,0.0,0
20.5366,fwd_0.2,0.2,0.0,0.0,0.0,-0.0,-0.0,1.4395,,,0.0,13.2,0.0,0.0,-0.1,0.0,0.0,0.0,0
20.5877,fwd_0.2,0.2,0.0,0.0,0.0,-0.0,-0.0,1.4395,,,0.0,13.2,0.0,0.0,-0.1,0.0,0.0,0.0,0
20.6383,fwd_0.2,0.2,0.0,0.0,0.0,-0.0,-0.0,1.4395,,,0.0,13.2,0.0,0.0,-0.1,0.0,0.0,0.0,0
20.6889,fwd_0.2,0.2,0.0,0.0,0.0,-0.0,-0.0,1.4395,,,0.0,13.3,0.0,0.0,-0.1,0.0,0.0,0.0,0
20.7392,fwd_0.2,0.2,0.0,0.0,0.0,-0.0,-0.0,1.4395,,,0.0,13.3,0.0,0.0,-0.1,0.0,0.0,0.0,0
20.7902,fwd_0.2,0.2,0.0,0.0,0.0,-0.0,-0.0,1.4395,,,0.0,13.3,0.0,0.0,-0.1,0.0,0.0,0.0,0
20.8412,fwd_0.2,0.2,0.0,0.0,0.0,-0.0,-0.0,1.4395,,,0.0,13.3,0.0,0.0,-0.1,0.0,0.0,0.0,0
20.8917,fwd_0.2,0.2,0.0,0.0,0.0,-0.0,-0.0,1.4395,,,0.0,13.3,0.0,0.0,-0.1,0.0,0.0,0.0,0
20.9422,fwd_0.2,0.2,0.0,0.0,0.0,-0.0,-0.0,1.4395,-4.516,-1.9584,-1.383,13.3,0.0,0.0,-0.1,0.0,0.0,0.0,0
20.9925,fwd_0.2,0.2,0.0,0.0,0.0,-0.0,-0.0,1.4395,-4.516,-1.9584,-1.383,13.3,0.0,0.0,-0.1,0.0,0.0,0.0,0
21.0429,fwd_0.2,0.2,0.0,0.0,0.0,-0.0,-0.0,1.4395,-4.516,-1.9584,-1.383,13.3,0.0,0.0,-0.1,0.0,0.0,0.0,0
21.0941,fwd_0.2,0.2,0.0,0.0,0.0,-0.0,-0.0,1.4395,-4.516,-1.9584,-1.383,13.3,0.0,0.0,-0.1,0.0,0.0,0.0,0
21.1448,fwd_0.2,0.2,0.0,0.0,0.0,-0.0,-0.0,1.4395,-4.516,-1.9584,-1.383,13.3,0.0,0.0,-0.1,0.0,0.0,0.0,0
21.1953,fwd_0.2,0.2,0.0,0.0,0.0,-0.0,-0.0,1.4395,-4.516,-1.9584,-1.383,13.3,0.0,0.0,-0.1,0.0,0.0,0.0,0
21.2458,fwd_0.2,0.2,0.0,0.0,0.0,-0.0,-0.0,1.4395,-4.516,-1.9584,-1.383,13.3,0.0,0.0,-0.1,0.0,0.0,0.0,0
21.2961,fwd_0.2,0.2,0.0,0.0,0.0,-0.0,-0.0,1.4395,-4.516,-1.9584,-1.383,13.3,0.0,0.0,-0.1,0.0,0.0,0.0,0
21.3467,fwd_0.2,0.2,0.0,0.0,0.0,-0.0,-0.0,1.4395,-4.516,-1.9584,-1.383,13.3,0.0,0.0,-0.1,0.0,0.0,0.0,0
21.3974,fwd_0.2,0.2,0.0,0.0,0.0,-0.0,-0.0,1.4395,-4.516,-1.9584,-1.383,13.3,0.0,0.0,-0.1,0.0,0.0,0.0,0
21.4479,fwd_0.2,0.2,0.0,0.0,0.0,-0.0,-0.0,1.4395,-4.516,-1.9584,-1.383,13.3,0.0,0.0,-0.1,0.0,0.0,0.0,0
21.4985,fwd_0.2,0.2,0.0,0.0,0.0,-0.0,-0.0,1.4395,-4.4921,-2.0722,-1.3796,13.3,0.0,0.0,-0.1,0.0,0.0,0.0,0
21.549,fwd_0.2,0.2,0.0,0.0,0.0,-0.0,-0.0,1.4395,-4.4921,-2.0722,-1.3796,13.3,0.0,0.0,-0.1,0.0,0.0,0.0,0
21.5994,fwd_0.2,0.2,0.0,0.0,0.0,-0.0,-0.0,1.4395,-4.4921,-2.0722,-1.3796,13.3,0.0,0.0,-0.1,0.0,0.0,0.0,0
21.6504,fwd_0.2,0.2,0.0,0.0,0.0,-0.0,-0.0,1.4395,-4.4921,-2.0722,-1.3796,13.3,0.0,0.0,-0.1,0.0,0.0,0.0,0
21.7011,fwd_0.2,0.2,0.0,0.0,0.0,-0.0,-0.0,1.4395,-4.4921,-2.0722,-1.3796,13.3,0.0,0.0,-0.1,0.0,0.0,0.0,0
21.7516,fwd_0.2,0.2,0.0,0.0,0.0,-0.0,-0.0,1.4395,-4.4921,-2.0722,-1.3796,13.3,0.0,0.0,-0.1,0.0,0.0,0.0,0
21.8022,fwd_0.2,0.2,0.0,0.0,0.0,-0.0,-0.0,1.4395,-4.4921,-2.0722,-1.3796,13.3,0.0,0.0,-0.1,0.0,0.0,0.0,0
21.8526,fwd_0.2,0.2,0.0,0.0,0.0,-0.0,-0.0,1.4395,-4.4921,-2.0722,-1.3796,13.3,0.0,0.0,-0.1,0.0,0.0,0.0,0
21.9037,fwd_0.2,0.2,0.0,0.0,0.0,-0.0,-0.0,1.4395,-4.4921,-2.0722,-1.3796,13.3,0.0,0.0,-0.1,0.0,0.0,0.0,0
21.9542,fwd_0.2,0.2,0.0,0.0,0.0,-0.0,-0.0,1.4395,-4.4921,-2.0722,-1.3796,13.3,0.0,0.0,-0.1,0.0,0.0,0.0,0
22.0047,fwd_0.2,0.2,0.0,0.0,0.0,-0.0,-0.0,1.4395,-4.4921,-2.0722,-1.3796,13.3,0.0,0.0,-0.1,0.0,0.0,0.0,0
22.0553,fwd_0.2,0.0,0.0,0.0,0.0,-0.0,-0.0,1.4395,-4.4707,-2.1834,-1.3834,13.3,0.0,0.0,-0.1,0.0,0.0,0.0,0
22.0555,pause,0.0,0.0,0.0,0.0,-0.0,-0.0,1.4395,-4.4707,-2.1834,-1.3834,13.3,0.0,0.0,-0.1,0.0,0.0,0.0,0
22.1058,pause,0.0,0.0,0.0,0.0,-0.0,-0.0,1.4395,-4.4707,-2.1834,-1.3834,13.3,0.0,0.0,-0.1,0.0,0.0,0.0,0
22.1564,pause,0.0,0.0,0.0,0.0,-0.0,-0.0,1.4395,-4.4707,-2.1834,-1.3834,13.3,0.0,0.0,-0.1,0.0,0.0,0.0,0
22.2069,pause,0.0,0.0,0.0,0.0,-0.0,-0.0,1.4395,-4.4707,-2.1834,-1.3834,13.3,0.0,0.0,-0.1,0.0,0.0,0.0,0
22.2575,pause,0.0,0.0,0.0,0.0,-0.0,-0.0,1.4395,-4.4707,-2.1834,-1.3834,13.3,0.0,0.0,-0.1,0.0,0.0,0.0,0
22.308,pause,0.0,0.0,0.0,0.0,-0.0,-0.0,1.4395,-4.4707,-2.1834,-1.3834,13.3,0.0,0.0,-0.1,0.0,0.0,0.0,0
22.3584,pause,0.0,0.0,0.0,0.0,-0.0,-0.0,1.4395,-4.4707,-2.1834,-1.3834,13.3,0.0,0.0,-0.1,0.0,0.0,0.0,0
22.4096,pause,0.0,0.0,0.0,0.0,-0.0,-0.0,1.4395,-4.4707,-2.1834,-1.3834,13.3,0.0,0.0,-0.1,0.0,0.0,0.0,0
22.4604,pause,0.0,0.0,0.0,0.0,-0.0,-0.0,1.4395,-4.4707,-2.1834,-1.3834,13.3,0.0,0.0,-0.1,0.0,0.0,0.0,0
22.511,pause,0.0,0.0,0.0,0.0,-0.0,-0.0,1.4395,-4.4707,-2.1834,-1.3834,13.3,0.0,0.0,-0.1,0.0,0.0,0.0,0
22.5615,pause,0.0,0.0,0.0,0.0,-0.0,-0.0,1.4395,-4.4707,-2.1834,-1.3834,13.3,0.0,0.0,-0.1,0.0,0.0,0.0,0
22.6119,pause,0.0,0.0,0.0,0.0,-0.0,-0.0,1.4395,-4.4707,-2.1834,-1.3834,13.3,0.0,0.0,-0.1,0.0,0.0,0.0,0
22.6629,pause,0.0,0.0,0.0,0.0,-0.0,-0.0,1.4395,-4.4707,-2.1834,-1.3834,13.3,0.0,0.0,-0.1,0.0,0.0,0.0,0
22.6633,rev_0.2,-0.2,0.0,0.0,0.0,0.0032,-0.005,1.4395,-4.4707,-2.1834,-1.3834,13.3,0.0,0.0,-0.1,0.0,0.0,0.0,0
22.714,rev_0.2,-0.2,0.0,0.0,0.0,0.0032,-0.005,1.4395,-4.4707,-2.1834,-1.3834,13.3,0.0,0.0,-0.1,0.0,0.0,0.0,0
22.7647,rev_0.2,-0.2,0.0,0.0,0.0,0.0032,-0.005,1.4395,-4.4707,-2.1834,-1.3834,13.3,0.0,0.0,-0.1,0.0,0.0,0.0,0
22.8151,rev_0.2,-0.2,0.0,0.0,0.0,0.0032,-0.005,1.4395,-4.4707,-2.1834,-1.3834,13.3,0.0,0.0,-0.1,0.0,0.0,0.0,0
22.8661,rev_0.2,-0.2,0.0,0.0032,0.016,0.0032,-0.005,1.4395,-4.4707,-2.1834,-1.3834,13.3,0.0,0.0,-0.1,0.0,0.0,0.0,0
22.9167,rev_0.2,-0.2,0.0,0.0032,0.016,0.0798,-0.035,1.4395,-4.4707,-2.1834,-1.3834,13.3,0.0,0.0,-0.1,0.0,0.0,0.0,0
22.9674,rev_0.2,-0.2,0.0,0.0032,0.016,0.0798,-0.035,1.4395,-4.4707,-2.1834,-1.3834,13.3,0.0,0.0,-0.1,0.0,0.0,0.0,0
23.0181,rev_0.2,-0.2,0.0,0.0032,0.016,0.0798,-0.035,1.4395,-4.4707,-2.1834,-1.3834,12.1,-3.2,8.4,2.7,2.8,154.0,-138.0,0
23.0685,rev_0.2,-0.2,0.0,0.0032,0.016,0.0798,-0.035,1.4395,-4.4707,-2.1834,-1.3834,12.1,-3.2,8.4,2.7,2.8,154.0,-138.0,0
23.1195,rev_0.2,-0.2,0.0,0.0777,-0.1346,0.0798,-0.035,1.4395,-4.4707,-2.1834,-1.3834,12.1,-3.2,8.4,2.7,2.8,154.0,-138.0,0
23.1704,rev_0.2,-0.2,0.0,0.0777,-0.1346,0.1651,-0.0278,1.4395,-4.4707,-2.1834,-1.3834,12.1,-3.2,8.4,2.7,2.8,154.0,-138.0,0
23.221,rev_0.2,-0.2,0.0,0.0777,-0.1346,0.1651,-0.0278,1.4395,-4.4707,-2.1834,-1.3834,12.1,-3.2,8.4,2.7,2.8,154.0,-138.0,0
23.2718,rev_0.2,-0.2,0.0,0.0777,-0.1346,0.1651,-0.0278,1.4395,-4.4707,-2.1834,-1.3834,12.9,-3.3,2.4,0.9,0.9,-335.0,-339.0,0
23.3222,rev_0.2,-0.2,0.0,0.0777,-0.1346,0.1651,-0.0278,1.4395,-4.4707,-2.1834,-1.3834,12.9,-3.3,2.4,0.9,0.9,-335.0,-339.0,0
23.3733,rev_0.2,-0.2,0.0,0.166,-0.0109,0.1651,-0.0278,1.4395,-4.4707,-2.1834,-1.3834,12.9,-3.3,2.4,0.9,0.9,-335.0,-339.0,0
23.424,rev_0.2,-0.2,0.0,0.166,-0.0109,0.1878,-0.0191,1.4395,-4.4707,-2.1834,-1.3834,12.9,-3.3,2.4,0.9,0.9,-335.0,-339.0,0
23.4745,rev_0.2,-0.2,0.0,0.166,-0.0109,0.1878,-0.0191,1.4395,-4.4707,-2.1834,-1.3834,12.9,-3.3,2.4,0.9,0.9,-335.0,-339.0,0
23.5249,rev_0.2,-0.2,0.0,0.166,-0.0109,0.1878,-0.0191,1.4395,-4.4707,-2.1834,-1.3834,12.9,-3.3,2.4,0.9,0.8,-333.0,-337.0,0
23.5753,rev_0.2,-0.2,0.0,0.166,-0.0109,0.1878,-0.0191,1.4395,-4.4707,-2.1834,-1.3834,12.9,-3.3,2.4,0.9,0.8,-333.0,-337.0,0
23.6263,rev_0.2,-0.2,0.0,0.1839,-0.0162,0.1878,-0.0191,1.4395,-4.4707,-2.1834,-1.3834,12.9,-3.3,2.4,0.9,0.8,-333.0,-337.0,0
23.6769,rev_0.2,-0.2,0.0,0.1839,-0.0162,0.1676,-0.0022,1.4395,-4.4707,-2.1834,-1.3834,12.9,-3.3,2.4,0.9,0.8,-333.0,-337.0,0
23.7275,rev_0.2,-0.2,0.0,0.1839,-0.0162,0.1676,-0.0022,1.4395,-4.4707,-2.1834,-1.3834,12.9,-3.3,2.4,0.9,0.8,-333.0,-337.0,0
23.7779,rev_0.2,-0.2,0.0,0.1839,-0.0162,0.1676,-0.0022,1.4395,-4.4707,-2.1834,-1.3834,13.0,-2.7,2.6,0.6,0.8,-360.0,-342.0,0
23.8283,rev_0.2,-0.2,0.0,0.1839,-0.0162,0.1676,-0.0022,1.4395,-4.4707,-2.1834,-1.3834,13.0,-2.7,2.6,0.6,0.8,-360.0,-342.0,0
23.879,rev_0.2,-0.2,0.0,0.1671,-0.0001,0.1676,-0.0022,1.4395,-4.4707,-2.1834,-1.3834,13.0,-2.7,2.6,0.6,0.8,-360.0,-342.0,0
23.9295,rev_0.2,-0.2,0.0,0.1671,-0.0001,0.1893,0.003,1.4395,-4.4707,-2.1834,-1.3834,13.0,-2.7,2.6,0.6,0.8,-360.0,-342.0,0
23.9801,rev_0.2,-0.2,0.0,0.1671,-0.0001,0.1893,0.003,1.4395,-4.4707,-2.1834,-1.3834,13.0,-2.7,2.6,0.6,0.8,-360.0,-342.0,0
24.0306,rev_0.2,-0.2,0.0,0.1671,-0.0001,0.1893,0.003,1.4395,-4.4707,-2.1834,-1.3834,12.9,-2.5,2.7,0.6,0.8,-359.0,-337.0,0
24.0809,rev_0.2,-0.2,0.0,0.1671,-0.0001,0.1893,0.003,1.4395,-4.4707,-2.1834,-1.3834,12.9,-2.5,2.7,0.6,0.8,-359.0,-337.0,0
24.1316,rev_0.2,-0.2,0.0,0.1834,0.0161,0.1893,0.003,1.4395,-4.4707,-2.1834,-1.3834,12.9,-2.5,2.7,0.6,0.8,-359.0,-337.0,0
24.1823,rev_0.2,-0.2,0.0,0.1834,0.0161,0.1584,-0.0031,1.4395,-4.4707,-2.1834,-1.3834,12.9,-2.5,2.7,0.6,0.8,-359.0,-337.0,0
24.233,rev_0.2,-0.2,0.0,0.1834,0.0161,0.1584,-0.0031,1.4395,-4.4707,-2.1834,-1.3834,12.9,-2.5,2.7,0.6,0.8,-359.0,-337.0,0
24.2837,rev_0.2,-0.2,0.0,0.1834,0.0161,0.1584,-0.0031,1.4395,-4.4837,-2.0977,-1.3813,12.9,-2.5,2.7,0.6,0.8,-359.0,-337.0,0
24.3343,rev_0.2,-0.2,0.0,0.1834,0.0161,0.1584,-0.0031,1.4395,-4.4837,-2.0977,-1.3813,12.9,-3.2,2.5,0.9,0.8,-330.0,-350.0,0
24.3846,rev_0.2,-0.2,0.0,0.1834,0.0161,0.1584,-0.0031,1.4395,-4.4837,-2.0977,-1.3813,12.9,-3.2,2.5,0.9,0.8,-330.0,-350.0,0
24.4359,rev_0.2,-0.2,0.0,0.1798,-0.0321,0.1584,-0.0031,1.4395,-4.4837,-2.0977,-1.3813,12.9,-3.2,2.5,0.9,0.8,-330.0,-350.0,0
24.4867,rev_0.2,-0.2,0.0,0.1798,-0.0321,0.1825,-0.0141,1.4395,-4.4837,-2.0977,-1.3813,12.9,-3.2,2.5,0.9,0.8,-330.0,-350.0,0
24.5375,rev_0.2,-0.2,0.0,0.1798,-0.0321,0.1825,-0.0141,1.4395,-4.4837,-2.0977,-1.3813,12.9,-3.2,2.5,0.9,0.8,-330.0,-350.0,0
24.5881,rev_0.2,-0.2,0.0,0.1798,-0.0321,0.1825,-0.0141,1.4395,-4.4837,-2.0977,-1.3813,13.0,-3.5,2.4,1.0,0.8,-315.0,-343.0,0
24.6386,rev_0.2,-0.2,0.0,0.1798,-0.0321,0.1825,-0.0141,1.4395,-4.4837,-2.0977,-1.3813,13.0,-3.5,2.4,1.0,0.8,-315.0,-343.0,0
24.6895,rev_0.2,0.0,0.0,0.1801,-0.0323,0.1825,-0.0141,1.4395,-4.4837,-2.0977,-1.3813,13.0,-3.5,2.4,1.0,0.8,-315.0,-343.0,0
24.6899,pause,0.0,0.0,0.1801,-0.0323,0.1452,-0.0181,1.4395,-4.4837,-2.0977,-1.3813,13.0,-3.5,2.4,1.0,0.8,-315.0,-343.0,0
24.7404,pause,0.0,0.0,0.1801,-0.0323,0.1452,-0.0181,1.4395,-4.4837,-2.0977,-1.3813,13.0,-3.5,2.4,1.0,0.8,-315.0,-343.0,0
24.791,pause,0.0,0.0,0.1801,-0.0323,0.1452,-0.0181,1.4395,-4.5017,-1.9902,-1.3943,13.0,-3.5,2.4,1.0,0.8,-315.0,-343.0,0
24.8414,pause,0.0,0.0,0.1801,-0.0323,0.1452,-0.0181,1.4395,-4.5017,-1.9902,-1.3943,13.0,-3.4,2.3,0.9,0.7,-335.0,-342.0,0
24.8917,pause,0.0,0.0,0.1801,-0.0323,0.1452,-0.0181,1.4395,-4.5017,-1.9902,-1.3943,13.0,-3.4,2.3,0.9,0.7,-335.0,-342.0,0
24.943,pause,0.0,0.0,0.1025,-0.0005,0.1452,-0.0181,1.4395,-4.5017,-1.9902,-1.3943,13.0,-3.4,2.3,0.9,0.7,-335.0,-342.0,0
24.9936,pause,0.0,0.0,0.1025,-0.0005,-0.0008,-0.0046,1.4395,-4.5017,-1.9902,-1.3943,13.0,-3.4,2.3,0.9,0.7,-335.0,-342.0,0
25.0443,pause,0.0,0.0,0.1025,-0.0005,-0.0008,-0.0046,1.4395,-4.5017,-1.9902,-1.3943,13.0,-3.4,2.3,0.9,0.7,-335.0,-342.0,0
25.0949,pause,0.0,0.0,0.1025,-0.0005,-0.0008,-0.0046,1.4395,-4.5017,-1.9902,-1.3943,13.2,1.1,-1.1,-0.1,0.0,-28.0,-73.0,0
25.1453,pause,0.0,0.0,0.1025,-0.0005,-0.0008,-0.0046,1.4395,-4.5017,-1.9902,-1.3943,13.2,1.1,-1.1,-0.1,0.0,-28.0,-73.0,0
25.1963,pause,0.0,0.0,0.0033,-0.0165,-0.0008,-0.0046,1.4395,-4.5017,-1.9902,-1.3943,13.2,1.1,-1.1,-0.1,0.0,-28.0,-73.0,0
25.247,pause,0.0,0.0,0.0033,-0.0165,-0.0156,-0.0094,1.4395,-4.5017,-1.9902,-1.3943,13.2,1.1,-1.1,-0.1,0.0,-28.0,-73.0,0
25.2978,pause,0.0,0.0,0.0033,-0.0165,-0.0156,-0.0094,1.4136,-4.5017,-1.9902,-1.3943,13.2,1.1,-1.1,-0.1,0.0,-28.0,-73.0,0
25.2981,fwd_0.4,0.4,0.0,0.0033,-0.0165,-0.0156,-0.0094,1.4136,-4.5017,-1.9902,-1.3943,13.2,0.0,0.0,-0.1,0.0,0.0,0.0,0
25.3485,fwd_0.4,0.4,0.0,0.0033,-0.0165,-0.0156,-0.0094,1.4136,-4.5017,-1.9902,-1.3943,13.2,0.0,0.0,-0.1,0.0,0.0,0.0,0
25.3994,fwd_0.4,0.4,0.0,0.0,0.0,-0.0156,-0.0094,1.4136,-4.5017,-1.9902,-1.3943,13.2,0.0,0.0,-0.1,0.0,0.0,0.0,0
25.4503,fwd_0.4,0.4,0.0,0.0,0.0,-0.1183,-0.0088,1.4136,-4.5017,-1.9902,-1.3943,13.2,0.0,0.0,-0.1,0.0,0.0,0.0,0
25.5009,fwd_0.4,0.4,0.0,0.0,0.0,-0.1183,-0.0088,1.4139,-4.5017,-1.9902,-1.3943,13.2,0.0,0.0,-0.1,0.0,0.0,0.0,0
25.5514,fwd_0.4,0.4,0.0,0.0,0.0,-0.1183,-0.0088,1.4139,-4.5017,-1.9902,-1.3943,13.3,0.0,0.0,-0.1,0.0,0.0,0.0,0
25.6017,fwd_0.4,0.4,0.0,0.0,0.0,-0.1183,-0.0088,1.4139,-4.5017,-1.9902,-1.3943,13.3,0.0,0.0,-0.1,0.0,0.0,0.0,0
25.6523,fwd_0.4,0.4,0.0,-0.0548,0.0162,-0.1183,-0.0088,1.4139,-4.5017,-1.9902,-1.3943,13.3,0.0,0.0,-0.1,0.0,0.0,0.0,0
25.7028,fwd_0.4,0.4,0.0,-0.0548,0.0162,-0.1872,-0.0094,1.4139,-4.5017,-1.9902,-1.3943,13.3,0.0,0.0,-0.1,0.0,0.0,0.0,0
25.7533,fwd_0.4,0.4,0.0,-0.0548,0.0162,-0.1872,-0.0094,1.4087,-4.5017,-1.9902,-1.3943,13.3,0.0,0.0,-0.1,0.0,0.0,0.0,0
25.8037,fwd_0.4,0.4,0.0,-0.0548,0.0162,-0.1872,-0.0094,1.4087,-4.5017,-1.9902,-1.3943,13.0,3.6,-3.5,1.1,1.1,279.0,294.0,0
25.854,fwd_0.4,0.4,0.0,-0.0548,0.0162,-0.1872,-0.0094,1.4087,-4.5017,-1.9902,-1.3943,13.0,3.6,-3.5,1.1,1.1,279.0,294.0,0
25.9046,fwd_0.4,0.4,0.0,-0.1451,0.0002,-0.1872,-0.0094,1.4087,-4.5017,-1.9902,-1.3943,13.0,3.6,-3.5,1.1,1.1,279.0,294.0,0
25.9552,fwd_0.4,0.4,0.0,-0.1451,0.0002,-0.191,0.0035,1.4087,-4.5017,-1.9902,-1.3943,13.0,3.6,-3.5,1.1,1.1,279.0,294.0,0
26.006,fwd_0.4,0.4,0.0,-0.1451,0.0002,-0.191,0.0035,1.4082,-4.5017,-1.9902,-1.3943,13.0,3.6,-3.5,1.1,1.1,279.0,294.0,0
26.0564,fwd_0.4,0.4,0.0,-0.1451,0.0002,-0.191,0.0035,1.4082,-4.5017,-1.9902,-1.3943,13.0,2.6,-2.3,0.7,0.8,353.0,347.0,0
26.1068,fwd_0.4,0.4,0.0,-0.1451,0.0002,-0.191,0.0035,1.4082,-4.5017,-1.9902,-1.3943,13.0,2.6,-2.3,0.7,0.8,353.0,347.0,0
26.1576,fwd_0.4,0.4,0.0,-0.1883,0.0,-0.191,0.0035,1.4082,-4.5017,-1.9902,-1.3943,13.0,2.6,-2.3,0.7,0.8,353.0,347.0,0
26.2083,fwd_0.4,0.4,0.0,-0.1883,0.0,-0.1786,0.0259,1.4082,-4.5017,-1.9902,-1.3943,13.0,2.6,-2.3,0.7,0.8,353.0,347.0,0
26.2588,fwd_0.4,0.4,0.0,-0.1883,0.0,-0.1786,0.0259,1.4136,-4.5017,-1.9902,-1.3943,13.0,2.6,-2.3,0.7,0.8,353.0,347.0,0
26.3096,fwd_0.4,0.4,0.0,-0.1883,0.0,-0.1786,0.0259,1.4136,-4.4836,-2.0919,-1.3767,13.0,2.6,-2.3,0.7,0.8,353.0,347.0,0
26.3602,fwd_0.4,0.4,0.0,-0.1883,0.0,-0.1786,0.0259,1.4136,-4.4836,-2.0919,-1.3767,12.9,2.8,-2.3,0.8,0.7,327.0,351.0,0
26.4108,fwd_0.4,0.4,0.0,-0.1883,0.0,-0.1786,0.0259,1.4136,-4.4836,-2.0919,-1.3767,12.9,2.8,-2.3,0.8,0.7,327.0,351.0,0
26.4618,fwd_0.4,0.4,0.0,-0.1835,0.016,-0.1786,0.0259,1.4136,-4.4836,-2.0919,-1.3767,12.9,2.8,-2.3,0.8,0.7,327.0,351.0,0
26.5126,fwd_0.4,0.4,0.0,-0.1835,0.016,-0.1658,0.0268,1.4136,-4.4836,-2.0919,-1.3767,12.9,2.8,-2.3,0.8,0.7,327.0,351.0,0
26.5633,fwd_0.4,0.4,0.0,-0.1835,0.016,-0.1658,0.0268,1.4128,-4.4836,-2.0919,-1.3767,12.9,2.8,-2.3,0.8,0.7,327.0,351.0,0
26.6141,fwd_0.4,0.4,0.0,-0.1835,0.016,-0.1658,0.0268,1.4128,-4.4666,-2.2045,-1.3731,12.9,2.8,-2.3,0.8,0.7,327.0,351.0,0
26.6649,fwd_0.4,0.4,0.0,-0.1835,0.016,-0.1658,0.0268,1.4128,-4.4666,-2.2045,-1.3731,12.9,4.1,-2.7,1.2,0.8,307.0,335.0,0
26.7154,fwd_0.4,0.4,0.0,-0.1835,0.016,-0.1658,0.0268,1.4128,-4.4666,-2.2045,-1.3731,12.9,4.1,-2.7,1.2,0.8,307.0,335.0,0
26.7661,fwd_0.4,0.4,0.0,-0.1597,0.0466,-0.1658,0.0268,1.4128,-4.4666,-2.2045,-1.3731,12.9,4.1,-2.7,1.2,0.8,307.0,335.0,0
26.8167,fwd_0.4,0.4,0.0,-0.1597,0.0466,-0.1709,-0.0181,1.4128,-4.4666,-2.2045,-1.3731,12.9,4.1,-2.7,1.2,0.8,307.0,335.0,0
26.8671,fwd_0.4,0.4,0.0,-0.1597,0.0466,-0.1709,-0.0181,1.4078,-4.4666,-2.2045,-1.3731,12.9,4.1,-2.7,1.2,0.8,307.0,335.0,0
26.9176,fwd_0.4,0.4,0.0,-0.1597,0.0466,-0.1709,-0.0181,1.4078,-4.4399,-2.327,-1.3779,12.9,4.1,-2.7,1.2,0.8,307.0,335.0,0
26.968,fwd_0.4,0.4,0.0,-0.1597,0.0466,-0.1709,-0.0181,1.4078,-4.4399,-2.327,-1.3779,12.9,2.7,-3.7,0.6,1.2,346.0,309.0,0
27.0188,fwd_0.4,0.4,0.0,-0.1597,0.0466,-0.1709,-0.0181,1.4078,-4.4399,-2.327,-1.3779,12.9,2.7,-3.7,0.6,1.2,346.0,309.0,0
27.0695,fwd_0.4,0.4,0.0,-0.1692,-0.0072,-0.1709,-0.0181,1.4078,-4.4399,-2.327,-1.3779,12.9,2.7,-3.7,0.6,1.2,346.0,309.0,0
27.1201,fwd_0.4,0.4,0.0,-0.1692,-0.0072,-0.1402,-0.0258,1.4078,-4.4399,-2.327,-1.3779,12.9,2.7,-3.7,0.6,1.2,346.0,309.0,0
27.1707,fwd_0.4,0.4,0.0,-0.1692,-0.0072,-0.1402,-0.0258,1.3992,-4.4399,-2.327,-1.3779,12.9,2.7,-3.7,0.6,1.2,346.0,309.0,0
27.2213,fwd_0.4,0.4,0.0,-0.1692,-0.0072,-0.1402,-0.0258,1.3992,-4.431,-2.4092,-1.3871,12.9,2.7,-3.7,0.6,1.2,346.0,309.0,0
27.272,fwd_0.4,0.4,0.0,-0.1692,-0.0072,-0.1402,-0.0258,1.3992,-4.431,-2.4092,-1.3871,12.9,2.2,-3.4,0.5,1.0,348.0,316.0,0
27.3225,fwd_0.4,0.0,0.0,-0.1692,-0.0072,-0.1402,-0.0258,1.3992,-4.431,-2.4092,-1.3871,12.9,2.2,-3.4,0.5,1.0,348.0,316.0,0
27.3233,pause,0.0,0.0,-0.1835,-0.0806,-0.1402,-0.0258,1.3992,-4.431,-2.4092,-1.3871,12.9,2.2,-3.4,0.5,1.0,348.0,316.0,0
27.374,pause,0.0,0.0,-0.1835,-0.0806,-0.1236,-0.0128,1.3992,-4.431,-2.4092,-1.3871,12.9,2.2,-3.4,0.5,1.0,348.0,316.0,0
27.4244,pause,0.0,0.0,-0.1835,-0.0806,-0.1236,-0.0128,1.4034,-4.431,-2.4092,-1.3871,12.9,2.2,-3.4,0.5,1.0,348.0,316.0,0
27.4749,pause,0.0,0.0,-0.1835,-0.0806,-0.1236,-0.0128,1.4034,-4.4075,-2.5246,-1.3788,12.9,2.2,-3.4,0.5,1.0,348.0,316.0,0
27.5254,pause,0.0,0.0,-0.1835,-0.0806,-0.1236,-0.0128,1.4034,-4.4075,-2.5246,-1.3788,13.2,-2.2,1.2,0.0,0.0,127.0,91.0,0
27.576,pause,0.0,0.0,-0.1835,-0.0806,-0.1236,-0.0128,1.4034,-4.4075,-2.5246,-1.3788,13.2,-2.2,1.2,0.0,0.0,127.0,91.0,0
27.6266,pause,0.0,0.0,-0.1233,-0.0029,-0.1236,-0.0128,1.4034,-4.4075,-2.5246,-1.3788,13.2,-2.2,1.2,0.0,0.0,127.0,91.0,0
27.6772,pause,0.0,0.0,-0.1233,-0.0029,0.0056,-0.0078,1.4034,-4.4075,-2.5246,-1.3788,13.2,-2.2,1.2,0.0,0.0,127.0,91.0,0
27.7277,pause,0.0,0.0,-0.1233,-0.0029,0.0056,-0.0078,1.4025,-4.4075,-2.5246,-1.3788,13.2,-2.2,1.2,0.0,0.0,127.0,91.0,0
27.7782,pause,0.0,0.0,-0.1233,-0.0029,0.0056,-0.0078,1.4025,-4.3857,-2.6379,-1.3932,13.2,-2.2,1.2,0.0,0.0,127.0,91.0,0
27.8286,pause,0.0,0.0,-0.1233,-0.0029,0.0056,-0.0078,1.4025,-4.3857,-2.6379,-1.3932,13.2,-0.1,0.0,-0.1,0.0,0.0,0.0,0
27.879,pause,0.0,0.0,-0.1233,-0.0029,0.0056,-0.0078,1.4025,-4.3857,-2.6379,-1.3932,13.2,-0.1,0.0,-0.1,0.0,0.0,0.0,0
27.9297,pause,0.0,0.0,0.005,-0.004,0.0056,-0.0078,1.4025,-4.3857,-2.6379,-1.3932,13.2,-0.1,0.0,-0.1,0.0,0.0,0.0,0
27.9299,rev_0.4,-0.4,0.0,0.005,-0.004,0.0021,0.0018,1.4025,-4.3857,-2.6379,-1.3932,13.2,-0.1,0.0,-0.1,0.0,0.0,0.0,0
27.9806,rev_0.4,-0.4,0.0,0.005,-0.004,0.0021,0.0018,1.3988,-4.3857,-2.6379,-1.3932,13.2,-0.1,0.0,-0.1,0.0,0.0,0.0,0
28.031,rev_0.4,-0.4,0.0,0.005,-0.004,0.0021,0.0018,1.3988,-4.3857,-2.6379,-1.3932,13.3,-0.1,0.0,-0.1,0.0,0.0,0.0,0
28.0814,rev_0.4,-0.4,0.0,0.005,-0.004,0.0021,0.0018,1.3988,-4.3857,-2.6379,-1.3932,13.3,-0.1,0.0,-0.1,0.0,0.0,0.0,0
28.1321,rev_0.4,-0.4,0.0,0.0,0.0,0.0021,0.0018,1.3988,-4.3857,-2.6379,-1.3932,13.3,-0.1,0.0,-0.1,0.0,0.0,0.0,0
28.1827,rev_0.4,-0.4,0.0,0.0,0.0,0.2733,0.0156,1.3988,-4.3857,-2.6379,-1.3932,13.3,-0.1,0.0,-0.1,0.0,0.0,0.0,0
28.2334,rev_0.4,-0.4,0.0,0.0,0.0,0.2733,0.0156,1.3967,-4.3857,-2.6379,-1.3932,13.3,-0.1,0.0,-0.1,0.0,0.0,0.0,0
28.2839,rev_0.4,-0.4,0.0,0.0,0.0,0.2733,0.0156,1.3967,-4.3857,-2.6379,-1.3932,11.9,-5.6,5.7,2.8,4.0,-636.0,-614.0,0
28.3342,rev_0.4,-0.4,0.0,0.0,0.0,0.2733,0.0156,1.3967,-4.3857,-2.6379,-1.3932,11.9,-5.6,5.7,2.8,4.0,-636.0,-614.0,0
28.3849,rev_0.4,-0.4,0.0,0.2723,-0.0175,0.2733,0.0156,1.3967,-4.3857,-2.6379,-1.3932,11.9,-5.6,5.7,2.8,4.0,-636.0,-614.0,0
28.4354,rev_0.4,-0.4,0.0,0.2723,-0.0175,0.4085,0.026,1.3967,-4.3857,-2.6379,-1.3932,11.9,-5.6,5.7,2.8,4.0,-636.0,-614.0,0
28.4859,rev_0.4,-0.4,0.0,0.2723,-0.0175,0.4085,0.026,1.402,-4.3857,-2.6379,-1.3932,11.9,-5.6,5.7,2.8,4.0,-636.0,-614.0,0
28.5363,rev_0.4,-0.4,0.0,0.2723,-0.0175,0.4085,0.026,1.402,-4.3857,-2.6379,-1.3932,12.5,-3.0,3.4,1.5,2.4,-794.0,-772.0,0
28.5866,rev_0.4,-0.4,0.0,0.2723,-0.0175,0.4085,0.026,1.402,-4.3857,-2.6379,-1.3932,12.5,-3.0,3.4,1.5,2.4,-794.0,-772.0,0
28.6373,rev_0.4,-0.4,0.0,0.4075,0.0066,0.4085,0.026,1.402,-4.3857,-2.6379,-1.3932,12.5,-3.0,3.4,1.5,2.4,-794.0,-772.0,0
28.6878,rev_0.4,-0.4,0.0,0.4075,0.0066,0.4107,0.0121,1.402,-4.3857,-2.6379,-1.3932,12.5,-3.0,3.4,1.5,2.4,-794.0,-772.0,0
28.7383,rev_0.4,-0.4,0.0,0.4075,0.0066,0.4107,0.0121,1.4157,-4.3857,-2.6379,-1.3932,12.5,-3.0,3.4,1.5,2.4,-794.0,-772.0,0
28.7888,rev_0.4,-0.4,0.0,0.4075,0.0066,0.4107,0.0121,1.4157,-4.3857,-2.6379,-1.3932,12.4,-4.2,3.1,2.2,2.1,-755.0,-767.0,0
28.8392,rev_0.4,-0.4,0.0,0.4075,0.0066,0.4107,0.0121,1.4157,-4.3857,-2.6379,-1.3932,12.4,-4.2,3.1,2.2,2.1,-755.0,-767.0,0
28.8898,rev_0.4,-0.4,0.0,0.3095,0.0001,0.4107,0.0121,1.4157,-4.3857,-2.6379,-1.3932,12.4,-4.2,3.1,2.2,2.1,-755.0,-767.0,0
28.9404,rev_0.4,-0.4,0.0,0.3095,0.0001,0.4078,0.0024,1.4157,-4.3857,-2.6379,-1.3932,12.4,-4.2,3.1,2.2,2.1,-755.0,-767.0,0
28.9909,rev_0.4,-0.4,0.0,0.3095,0.0001,0.4078,0.0024,1.4233,-4.3857,-2.6379,-1.3932,12.4,-4.2,3.1,2.2,2.1,-755.0,-767.0,0
29.0414,rev_0.4,-0.4,0.0,0.3095,0.0001,0.4078,0.0024,1.4233,-4.4081,-2.5119,-1.399,12.4,-4.2,3.1,2.2,2.1,-755.0,-767.0,0
29.0918,rev_0.4,-0.4,0.0,0.3095,0.0001,0.4078,0.0024,1.4233,-4.4081,-2.5119,-1.399,12.4,-3.9,3.3,2.0,2.3,-755.0,-757.0,0
29.1421,rev_0.4,-0.4,0.0,0.3095,0.0001,0.4078,0.0024,1.4233,-4.4081,-2.5119,-1.399,12.4,-3.9,3.3,2.0,2.3,-755.0,-757.0,0
29.1929,rev_0.4,-0.4,0.0,0.4205,0.0,0.4078,0.0024,1.4233,-4.4081,-2.5119,-1.399,12.4,-3.9,3.3,2.0,2.3,-755.0,-757.0,0
29.2434,rev_0.4,-0.4,0.0,0.4205,0.0,0.4265,0.0053,1.4233,-4.4081,-2.5119,-1.399,12.4,-3.9,3.3,2.0,2.3,-755.0,-757.0,0
29.294,rev_0.4,-0.4,0.0,0.4205,0.0,0.4265,0.0053,1.4072,-4.4081,-2.5119,-1.399,12.4,-3.9,3.3,2.0,2.3,-755.0,-757.0,0
29.3446,rev_0.4,-0.4,0.0,0.4205,0.0,0.4265,0.0053,1.4072,-4.421,-2.4177,-1.378,12.4,-3.9,3.3,2.0,2.3,-755.0,-757.0,0
29.3951,rev_0.4,-0.4,0.0,0.4205,0.0,0.4265,0.0053,1.4072,-4.421,-2.4177,-1.378,12.5,-3.5,3.2,1.8,2.3,-772.0,-768.0,0
29.4455,rev_0.4,-0.4,0.0,0.4205,0.0,0.4265,0.0053,1.4072,-4.421,-2.4177,-1.378,12.5,-3.5,3.2,1.8,2.3,-772.0,-768.0,0
29.4964,rev_0.4,-0.4,0.0,0.4197,0.0,0.4265,0.0053,1.4072,-4.421,-2.4177,-1.378,12.5,-3.5,3.2,1.8,2.3,-772.0,-768.0,0
29.5473,rev_0.4,-0.4,0.0,0.4197,0.0,0.3983,0.004,1.4072,-4.421,-2.4177,-1.378,12.5,-3.5,3.2,1.8,2.3,-772.0,-768.0,0
29.5979,rev_0.4,-0.4,0.0,0.4197,0.0,0.3983,0.004,1.3953,-4.421,-2.4177,-1.378,12.5,-3.5,3.2,1.8,2.3,-772.0,-768.0,0
29.6486,rev_0.4,-0.4,0.0,0.4197,0.0,0.3983,0.004,1.3953,-4.45,-2.3121,-1.3713,12.5,-3.5,3.2,1.8,2.3,-772.0,-768.0,0
29.6992,rev_0.4,-0.4,0.0,0.4197,0.0,0.3983,0.004,1.3953,-4.45,-2.3121,-1.3713,12.5,-3.5,3.3,1.8,2.3,-774.0,-772.0,0
29.7496,rev_0.4,-0.4,0.0,0.4197,0.0,0.3983,0.004,1.3953,-4.45,-2.3121,-1.3713,12.5,-3.5,3.3,1.8,2.3,-774.0,-772.0,0
29.8006,rev_0.4,-0.4,0.0,0.3947,0.0159,0.3983,0.004,1.3953,-4.45,-2.3121,-1.3713,12.5,-3.5,3.3,1.8,2.3,-774.0,-772.0,0
29.8515,rev_0.4,-0.4,0.0,0.3947,0.0159,0.3878,-0.002,1.3953,-4.45,-2.3121,-1.3713,12.5,-3.5,3.3,1.8,2.3,-774.0,-772.0,0
29.9022,rev_0.4,-0.4,0.0,0.3947,0.0159,0.3878,-0.002,1.3971,-4.45,-2.3121,-1.3713,12.5,-3.5,3.3,1.8,2.3,-774.0,-772.0,0
29.9529,rev_0.4,0.0,0.0,0.3947,0.0159,0.3878,-0.002,1.3971,-4.4765,-2.1955,-1.3807,12.5,-3.5,3.3,1.8,2.3,-774.0,-772.0,0
29.9533,pause,0.0,0.0,0.3947,0.0159,0.3878,-0.002,1.3971,-4.4765,-2.1955,-1.3807,12.5,-3.5,2.6,1.7,1.7,-786.0,-805.0,0
30.0035,pause,0.0,0.0,0.3947,0.0159,0.3878,-0.002,1.3971,-4.4765,-2.1955,-1.3807,12.5,-3.5,2.6,1.7,1.7,-786.0,-805.0,0
30.0543,pause,0.0,0.0,0.3759,-0.0174,0.3878,-0.002,1.3971,-4.4765,-2.1955,-1.3807,12.5,-3.5,2.6,1.7,1.7,-786.0,-805.0,0
30.1047,pause,0.0,0.0,0.3759,-0.0174,0.0541,0.0005,1.3971,-4.4765,-2.1955,-1.3807,12.5,-3.5,2.6,1.7,1.7,-786.0,-805.0,0
30.1556,pause,0.0,0.0,0.3759,-0.0174,0.0541,0.0005,1.3957,-4.4765,-2.1955,-1.3807,12.5,-3.5,2.6,1.7,1.7,-786.0,-805.0,0
30.206,pause,0.0,0.0,0.3759,-0.0174,0.0541,0.0005,1.3957,-4.4997,-2.0673,-1.3901,12.5,-3.5,2.6,1.7,1.7,-786.0,-805.0,0
30.2565,pause,0.0,0.0,0.3759,-0.0174,0.0541,0.0005,1.3957,-4.4997,-2.0673,-1.3901,13.2,1.4,-0.9,0.0,0.0,-195.0,-219.0,0
30.3067,pause,0.0,0.0,0.3759,-0.0174,0.0541,0.0005,1.3957,-4.4997,-2.0673,-1.3901,13.2,1.4,-0.9,0.0,0.0,-195.0,-219.0,0
30.3574,pause,0.0,0.0,0.0194,-0.0001,0.0541,0.0005,1.3957,-4.4997,-2.0673,-1.3901,13.2,1.4,-0.9,0.0,0.0,-195.0,-219.0,0
30.4082,pause,0.0,0.0,0.0194,-0.0001,-0.0099,0.0067,1.3957,-4.4997,-2.0673,-1.3901,13.2,1.4,-0.9,0.0,0.0,-195.0,-219.0,0
30.459,pause,0.0,0.0,0.0194,-0.0001,-0.0099,0.0067,1.3989,-4.4997,-2.0673,-1.3901,13.2,1.4,-0.9,0.0,0.0,-195.0,-219.0,0
30.5096,pause,0.0,0.0,0.0194,-0.0001,-0.0099,0.0067,1.3989,-4.5122,-1.9519,-1.382,13.2,1.4,-0.9,0.0,0.0,-195.0,-219.0,0
30.5602,pause,0.0,0.0,0.0194,-0.0001,-0.0099,0.0067,1.3989,-4.5122,-1.9519,-1.382,13.2,0.4,-0.4,-0.1,0.0,132.0,92.0,0
30.5604,fwd_0.6,0.6,0.0,0.0194,-0.0001,-0.0099,0.0067,1.3989,-4.5122,-1.9519,-1.382,13.2,0.4,-0.4,-0.1,0.0,132.0,92.0,0
30.6113,fwd_0.6,0.6,0.0,-0.0093,0.0145,-0.0099,0.0067,1.3989,-4.5122,-1.9519,-1.382,13.2,0.4,-0.4,-0.1,0.0,132.0,92.0,0
30.6621,fwd_0.6,0.6,0.0,-0.0093,0.0145,-0.1128,-0.0082,1.3989,-4.5122,-1.9519,-1.382,13.2,0.4,-0.4,-0.1,0.0,132.0,92.0,0
30.7127,fwd_0.6,0.6,0.0,-0.0093,0.0145,-0.1128,-0.0082,1.406,-4.5122,-1.9519,-1.382,13.2,0.4,-0.4,-0.1,0.0,132.0,92.0,0
30.7635,fwd_0.6,0.6,0.0,-0.0093,0.0145,-0.1128,-0.0082,1.406,-4.5122,-1.9519,-1.382,11.3,10.0,-9.5,4.3,5.7,407.0,382.0,0
30.8139,fwd_0.6,0.6,0.0,-0.0093,0.0145,-0.1128,-0.0082,1.406,-4.5122,-1.9519,-1.382,11.3,10.0,-9.5,4.3,5.7,407.0,382.0,0
30.865,fwd_0.6,0.6,0.0,-0.187,0.0003,-0.1128,-0.0082,1.406,-4.5122,-1.9519,-1.382,11.3,10.0,-9.5,4.3,5.7,407.0,382.0,0
30.9156,fwd_0.6,0.6,0.0,-0.187,0.0003,-0.3823,-0.0078,1.406,-4.5122,-1.9519,-1.382,11.3,10.0,-9.5,4.3,5.7,407.0,382.0,0
30.9661,fwd_0.6,0.6,0.0,-0.187,0.0003,-0.3823,-0.0078,1.4158,-4.5122,-1.9519,-1.382,11.3,10.0,-9.5,4.3,5.7,407.0,382.0,0
31.0168,fwd_0.6,0.6,0.0,-0.187,0.0003,-0.3823,-0.0078,1.4158,-4.5122,-1.9519,-1.382,12.4,3.7,-3.4,1.9,2.4,739.0,746.0,0
31.0672,fwd_0.6,0.6,0.0,-0.187,0.0003,-0.3823,-0.0078,1.4158,-4.5122,-1.9519,-1.382,12.4,3.7,-3.4,1.9,2.4,739.0,746.0,0
31.1185,fwd_0.6,0.6,0.0,-0.3768,0.0162,-0.3823,-0.0078,1.4158,-4.5122,-1.9519,-1.382,12.4,3.7,-3.4,1.9,2.4,739.0,746.0,0
31.1691,fwd_0.6,0.6,0.0,-0.3768,0.0162,-0.376,0.0137,1.4158,-4.5122,-1.9519,-1.382,12.4,3.7,-3.4,1.9,2.4,739.0,746.0,0
31.2197,fwd_0.6,0.6,0.0,-0.3768,0.0162,-0.376,0.0137,1.4138,-4.5122,-1.9519,-1.382,12.4,3.7,-3.4,1.9,2.4,739.0,746.0,0
31.2701,fwd_0.6,0.6,0.0,-0.3768,0.0162,-0.376,0.0137,1.4138,-4.5122,-1.9519,-1.382,12.4,3.9,-3.0,2.0,2.0,745.0,777.0,0
31.3206,fwd_0.6,0.6,0.0,-0.3768,0.0162,-0.376,0.0137,1.4138,-4.5122,-1.9519,-1.382,12.4,3.9,-3.0,2.0,2.0,745.0,777.0,0
31.3717,fwd_0.6,0.6,0.0,-0.4132,0.048,-0.376,0.0137,1.4138,-4.5122,-1.9519,-1.382,12.4,3.9,-3.0,2.0,2.0,745.0,777.0,0
31.4224,fwd_0.6,0.6,0.0,-0.4132,0.048,-0.4193,0.0244,1.4138,-4.5122,-1.9519,-1.382,12.4,3.9,-3.0,2.0,2.0,745.0,777.0,0
31.4728,fwd_0.6,0.6,0.0,-0.4132,0.048,-0.4193,0.0244,1.4123,-4.5122,-1.9519,-1.382,12.4,3.9,-3.0,2.0,2.0,745.0,777.0,0
31.5234,fwd_0.6,0.6,0.0,-0.4132,0.048,-0.4193,0.0244,1.4123,-4.4891,-2.0839,-1.3627,12.4,3.9,-3.0,2.0,2.0,745.0,777.0,0
31.574,fwd_0.6,0.6,0.0,-0.4132,0.048,-0.4193,0.0244,1.4123,-4.4891,-2.0839,-1.3627,12.4,3.5,-3.4,1.8,2.2,763.0,770.0,0
31.6245,fwd_0.6,0.6,0.0,-0.4132,0.048,-0.4193,0.0244,1.4123,-4.4891,-2.0839,-1.3627,12.4,3.5,-3.4,1.8,2.2,763.0,770.0,0
31.6753,fwd_0.6,0.6,0.0,-0.4111,0.0322,-0.4193,0.0244,1.4123,-4.4891,-2.0839,-1.3627,12.4,3.5,-3.4,1.8,2.2,763.0,770.0,0
31.7263,fwd_0.6,0.6,0.0,-0.4111,0.0322,-0.3707,-0.0023,1.4123,-4.4891,-2.0839,-1.3627,12.4,3.5,-3.4,1.8,2.2,763.0,770.0,0
31.7767,fwd_0.6,0.6,0.0,-0.4111,0.0322,-0.3707,-0.0023,1.4152,-4.4891,-2.0839,-1.3627,12.4,3.5,-3.4,1.8,2.2,763.0,770.0,0
31.8273,fwd_0.6,0.6,0.0,-0.4111,0.0322,-0.3707,-0.0023,1.4152,-4.4644,-2.1905,-1.3683,12.4,3.5,-3.4,1.8,2.2,763.0,770.0,0
31.8779,fwd_0.6,0.6,0.0,-0.4111,0.0322,-0.3707,-0.0023,1.4152,-4.4644,-2.1905,-1.3683,12.5,2.7,-2.9,1.4,2.0,795.0,794.0,0
31.9283,fwd_0.6,0.6,0.0,-0.4111,0.0322,-0.3707,-0.0023,1.4152,-4.4644,-2.1905,-1.3683,12.5,2.7,-2.9,1.4,2.0,795.0,794.0,0
31.9791,fwd_0.6,0.6,0.0,-0.4204,-0.016,-0.3707,-0.0023,1.4152,-4.4644,-2.1905,-1.3683,12.5,2.7,-2.9,1.4,2.0,795.0,794.0,0
32.0296,fwd_0.6,0.6,0.0,-0.4204,-0.016,-0.4302,-0.02,1.4152,-4.4644,-2.1905,-1.3683,12.5,2.7,-2.9,1.4,2.0,795.0,794.0,0
32.0801,fwd_0.6,0.6,0.0,-0.4204,-0.016,-0.4302,-0.02,1.4155,-4.4644,-2.1905,-1.3683,12.5,2.7,-2.9,1.4,2.0,795.0,794.0,0
32.1307,fwd_0.6,0.6,0.0,-0.4204,-0.016,-0.4302,-0.02,1.4155,-4.4347,-2.323,-1.3646,12.5,2.7,-2.9,1.4,2.0,795.0,794.0,0
32.1811,fwd_0.6,0.6,0.0,-0.4204,-0.016,-0.4302,-0.02,1.4155,-4.4347,-2.323,-1.3646,12.5,2.4,-3.4,1.2,2.3,810.0,774.0,0
32.2315,fwd_0.6,0.6,0.0,-0.4204,-0.016,-0.4302,-0.02,1.4155,-4.4347,-2.323,-1.3646,12.5,2.4,-3.4,1.2,2.3,810.0,774.0,0
32.2822,fwd_0.6,0.6,0.0,-0.422,-0.0001,-0.4302,-0.02,1.4155,-4.4347,-2.323,-1.3646,12.5,2.4,-3.4,1.2,2.3,810.0,774.0,0
32.3327,fwd_0.6,0.6,0.0,-0.422,-0.0001,-0.4229,-0.0107,1.4155,-4.4347,-2.323,-1.3646,12.5,2.4,-3.4,1.2,2.3,810.0,774.0,0
32.3832,fwd_0.6,0.6,0.0,-0.422,-0.0001,-0.4229,-0.0107,1.4102,-4.4347,-2.323,-1.3646,12.5,2.4,-3.4,1.2,2.3,810.0,774.0,0
32.4336,fwd_0.6,0.6,0.0,-0.422,-0.0001,-0.4229,-0.0107,1.4102,-4.4155,-2.4377,-1.3777,12.5,2.4,-3.4,1.2,2.3,810.0,774.0,0
32.484,fwd_0.6,0.6,0.0,-0.422,-0.0001,-0.4229,-0.0107,1.4102,-4.4155,-2.4377,-1.3777,12.6,2.6,-3.0,1.2,2.2,809.0,787.0,0
32.5342,fwd_0.6,0.6,0.0,-0.422,-0.0001,-0.4229,-0.0107,1.4102,-4.4155,-2.4377,-1.3777,12.6,2.6,-3.0,1.2,2.2,809.0,787.0,0
32.585,fwd_0.6,0.0,0.0,-0.4217,-0.0163,-0.4229,-0.0107,1.4102,-4.4155,-2.4377,-1.3777,12.6,2.6,-3.0,1.2,2.2,809.0,787.0,0
32.5853,pause,0.0,0.0,-0.4217,-0.0163,-0.3104,0.011,1.4102,-4.4155,-2.4377,-1.3777,12.6,2.6,-3.0,1.2,2.2,809.0,787.0,0
32.6357,pause,0.0,0.0,-0.4217,-0.0163,-0.3104,0.011,1.4136,-4.4155,-2.4377,-1.3777,12.6,2.6,-3.0,1.2,2.2,809.0,787.0,0
32.6863,pause,0.0,0.0,-0.4217,-0.0163,-0.3104,0.011,1.4136,-4.3784,-2.598,-1.3664,12.6,2.6,-3.0,1.2,2.2,809.0,787.0,0
32.7368,pause,0.0,0.0,-0.4217,-0.0163,-0.3104,0.011,1.4136,-4.3784,-2.598,-1.3664,13.3,-4.9,3.8,0.0,-0.1,254.0,310.0,0
32.7872,pause,0.0,0.0,-0.4217,-0.0163,-0.3104,0.011,1.4136,-4.3784,-2.598,-1.3664,13.3,-4.9,3.8,0.0,-0.1,254.0,310.0,0
32.8378,pause,0.0,0.0,-0.1696,-0.0159,-0.3104,0.011,1.4136,-4.3784,-2.598,-1.3664,13.3,-4.9,3.8,0.0,-0.1,254.0,310.0,0
32.8884,pause,0.0,0.0,-0.1696,-0.0159,-0.0002,0.0066,1.4136,-4.3784,-2.598,-1.3664,13.3,-4.9,3.8,0.0,-0.1,254.0,310.0,0
32.9393,pause,0.0,0.0,-0.1696,-0.0159,-0.0002,0.0066,1.4182,-4.3784,-2.598,-1.3664,13.3,-4.9,3.8,0.0,-0.1,254.0,310.0,0
32.9899,pause,0.0,0.0,-0.1696,-0.0159,-0.0002,0.0066,1.4182,-4.3632,-2.7133,-1.3849,13.3,-4.9,3.8,0.0,-0.1,254.0,310.0,0
33.0403,pause,0.0,0.0,-0.1696,-0.0159,-0.0002,0.0066,1.4182,-4.3632,-2.7133,-1.3849,13.3,-0.1,0.1,-0.1,0.0,-22.0,0.0,0
33.0909,pause,0.0,0.0,-0.1696,-0.0159,-0.0002,0.0066,1.4182,-4.3632,-2.7133,-1.3849,13.3,-0.1,0.1,-0.1,0.0,-22.0,0.0,0
33.1418,pause,0.0,0.0,0.0032,0.0162,-0.0002,0.0066,1.4182,-4.3632,-2.7133,-1.3849,13.3,-0.1,0.1,-0.1,0.0,-22.0,0.0,0
33.1927,pause,0.0,0.0,0.0032,0.0162,0.0091,0.0137,1.4182,-4.3632,-2.7133,-1.3849,13.3,-0.1,0.1,-0.1,0.0,-22.0,0.0,0
33.1929,rev_0.6,-0.6,0.0,0.0032,0.0162,0.0091,0.0137,1.4107,-4.3632,-2.7133,-1.3849,13.3,-0.1,0.1,-0.1,0.0,-22.0,0.0,0
33.2433,rev_0.6,-0.6,0.0,0.0032,0.0162,0.0091,0.0137,1.4107,-4.3496,-2.82,-1.3878,13.3,-0.1,0.1,-0.1,0.0,-22.0,0.0,0
33.2939,rev_0.6,-0.6,0.0,0.0032,0.0162,0.0091,0.0137,1.4107,-4.3496,-2.82,-1.3878,10.9,-13.1,6.8,6.4,2.7,-264.0,-17.0,0
33.3442,rev_0.6,-0.6,0.0,0.0032,0.0162,0.0091,0.0137,1.4107,-4.3496,-2.82,-1.3878,10.9,-13.1,6.8,6.4,2.7,-264.0,-17.0,0
33.3952,rev_0.6,-0.6,0.0,0.0418,0.0162,0.0091,0.0137,1.4107,-4.3496,-2.82,-1.3878,10.9,-13.1,6.8,6.4,2.7,-264.0,-17.0,0
33.4459,rev_0.6,-0.6,0.0,0.0418,0.0162,0.4,0.0072,1.4107,-4.3496,-2.82,-1.3878,10.9,-13.1,6.8,6.4,2.7,-264.0,-17.0,0
33.4965,rev_0.6,-0.6,0.0,0.0418,0.0162,0.4,0.0072,1.41,-4.3496,-2.82,-1.3878,10.9,-13.1,6.8,6.4,2.7,-264.0,-17.0,0
33.5471,rev_0.6,-0.6,0.0,0.0418,0.0162,0.4,0.0072,1.41,-4.3274,-2.9437,-1.3719,10.9,-13.1,6.8,6.4,2.7,-264.0,-17.0,0
33.5975,rev_0.6,-0.6,0.0,0.0418,0.0162,0.4,0.0072,1.41,-4.3274,-2.9437,-1.3719,10.7,-8.0,7.2,5.8,5.9,-929.0,-933.0,0
33.6479,rev_0.6,-0.6,0.0,0.0418,0.0162,0.4,0.0072,1.41,-4.3274,-2.9437,-1.3719,10.7,-8.0,7.2,5.8,5.9,-929.0,-933.0,0
33.6986,rev_0.6,-0.6,0.0,0.4419,-0.032,0.4,0.0072,1.41,-4.3274,-2.9437,-1.3719,10.7,-8.0,7.2,5.8,5.9,-929.0,-933.0,0
33.7491,rev_0.6,-0.6,0.0,0.4419,-0.032,0.6136,-0.0133,1.41,-4.3274,-2.9437,-1.3719,10.7,-8.0,7.2,5.8,5.9,-929.0,-933.0,0
33.7997,rev_0.6,-0.6,0.0,0.4419,-0.032,0.6136,-0.0133,1.4278,-4.3274,-2.9437,-1.3719,10.7,-8.0,7.2,5.8,5.9,-929.0,-933.0,0
33.8502,rev_0.6,-0.6,0.0,0.4419,-0.032,0.6136,-0.0133,1.4278,-4.3104,-3.0581,-1.37,10.7,-8.0,7.2,5.8,5.9,-929.0,-933.0,0
33.9006,rev_0.6,-0.6,0.0,0.4419,-0.032,0.6136,-0.0133,1.4278,-4.3104,-3.0581,-1.37,12.0,-4.2,3.1,2.9,2.7,-1163.0,-1190.0,0
33.951,rev_0.6,-0.6,0.0,0.4419,-0.032,0.6136,-0.0133,1.4278,-4.3104,-3.0581,-1.37,12.0,-4.2,3.1,2.9,2.7,-1163.0,-1190.0,0
34.0016,rev_0.6,-0.6,0.0,0.5461,-0.0323,0.6136,-0.0133,1.4278,-4.3104,-3.0581,-1.37,12.0,-4.2,3.1,2.9,2.7,-1163.0,-1190.0,0
34.052,rev_0.6,-0.6,0.0,0.5461,-0.0323,0.6438,-0.0011,1.4278,-4.3104,-3.0581,-1.37,12.0,-4.2,3.1,2.9,2.7,-1163.0,-1190.0,0
34.1024,rev_0.6,-0.6,0.0,0.5461,-0.0323,0.6438,-0.0011,1.4235,-4.3104,-3.0581,-1.37,12.0,-4.2,3.1,2.9,2.7,-1163.0,-1190.0,0
34.1528,rev_0.6,-0.6,0.0,0.5461,-0.0323,0.6438,-0.0011,1.4235,-4.3382,-2.9454,-1.3576,12.0,-4.2,3.1,2.9,2.7,-1163.0,-1190.0,0
34.2033,rev_0.6,-0.6,0.0,0.5461,-0.0323,0.6438,-0.0011,1.4235,-4.3382,-2.9454,-1.3576,11.9,-3.9,3.6,2.8,3.0,-1177.0,-1157.0,0
34.2536,rev_0.6,-0.6,0.0,0.5461,-0.0323,0.6438,-0.0011,1.4235,-4.3382,-2.9454,-1.3576,11.9,-3.9,3.6,2.8,3.0,-1177.0,-1157.0,0
34.3043,rev_0.6,-0.6,0.0,0.6323,0.016,0.6438,-0.0011,1.4235,-4.3382,-2.9454,-1.3576,11.9,-3.9,3.6,2.8,3.0,-1177.0,-1157.0,0
34.3548,rev_0.6,-0.6,0.0,0.6323,0.016,0.6451,0.0024,1.4235,-4.3382,-2.9454,-1.3576,11.9,-3.9,3.6,2.8,3.0,-1177.0,-1157.0,0
34.4053,rev_0.6,-0.6,0.0,0.6323,0.016,0.6451,0.0024,1.4119,-4.3382,-2.9454,-1.3576,11.9,-3.9,3.6,2.8,3.0,-1177.0,-1157.0,0
34.4557,rev_0.6,-0.6,0.0,0.6323,0.016,0.6451,0.0024,1.4119,-4.3615,-2.808,-1.3805,11.9,-3.9,3.6,2.8,3.0,-1177.0,-1157.0,0
34.5061,rev_0.6,-0.6,0.0,0.6323,0.016,0.6451,0.0024,1.4119,-4.3615,-2.808,-1.3805,12.0,-3.7,3.1,2.6,2.9,-1186.0,-1175.0,0
34.5565,rev_0.6,-0.6,0.0,0.6323,0.016,0.6451,0.0024,1.4119,-4.3615,-2.808,-1.3805,12.0,-3.7,3.1,2.6,2.9,-1186.0,-1175.0,0
34.6073,rev_0.6,-0.6,0.0,0.5627,0.0004,0.6451,0.0024,1.4119,-4.3615,-2.808,-1.3805,12.0,-3.7,3.1,2.6,2.9,-1186.0,-1175.0,0
34.6578,rev_0.6,-0.6,0.0,0.5627,0.0004,0.6649,0.0063,1.4119,-4.3615,-2.808,-1.3805,12.0,-3.7,3.1,2.6,2.9,-1186.0,-1175.0,0
34.7083,rev_0.6,-0.6,0.0,0.5627,0.0004,0.6649,0.0063,1.4117,-4.3615,-2.808,-1.3805,12.0,-3.7,3.1,2.6,2.9,-1186.0,-1175.0,0
34.759,rev_0.6,-0.6,0.0,0.5627,0.0004,0.6649,0.0063,1.4117,-4.378,-2.7178,-1.3752,12.0,-3.7,3.1,2.6,2.9,-1186.0,-1175.0,0
34.8094,rev_0.6,-0.6,0.0,0.5627,0.0004,0.6649,0.0063,1.4117,-4.378,-2.7178,-1.3752,12.1,-3.5,3.6,2.4,3.0,-1188.0,-1184.0,0
34.8597,rev_0.6,-0.6,0.0,0.5627,0.0004,0.6649,0.0063,1.4117,-4.378,-2.7178,-1.3752,12.1,-3.5,3.6,2.4,3.0,-1188.0,-1184.0,0
34.9104,rev_0.6,-0.6,0.0,0.6543,0.0166,0.6649,0.0063,1.4117,-4.378,-2.7178,-1.3752,12.1,-3.5,3.6,2.4,3.0,-1188.0,-1184.0,0
34.9611,rev_0.6,-0.6,0.0,0.6543,0.0166,0.6517,0.0139,1.4117,-4.378,-2.7178,-1.3752,12.1,-3.5,3.6,2.4,3.0,-1188.0,-1184.0,0
35.0119,rev_0.6,-0.6,0.0,0.6543,0.0166,0.6517,0.0139,1.4118,-4.378,-2.7178,-1.3752,12.1,-3.5,3.6,2.4,3.0,-1188.0,-1184.0,0
35.0628,rev_0.6,-0.6,0.0,0.6543,0.0166,0.6517,0.0139,1.4118,-4.4091,-2.5678,-1.3879,12.1,-3.5,3.6,2.4,3.0,-1188.0,-1184.0,0
35.1135,rev_0.6,-0.6,0.0,0.6543,0.0166,0.6517,0.0139,1.4118,-4.4091,-2.5678,-1.3879,12.1,-3.5,3.2,2.3,2.8,-1212.0,-1194.0,0
35.164,rev_0.6,-0.6,0.0,0.6543,0.0166,0.6517,0.0139,1.4118,-4.4091,-2.5678,-1.3879,12.1,-3.5,3.2,2.3,2.8,-1212.0,-1194.0,0
35.2152,rev_0.6,0.0,0.0,0.567,0.0003,0.6517,0.0139,1.4118,-4.4091,-2.5678,-1.3879,12.1,-3.5,3.2,2.3,2.8,-1212.0,-1194.0,0
35.2156,pause,0.0,0.0,0.567,0.0003,0.6085,0.0076,1.4118,-4.4091,-2.5678,-1.3879,12.1,-3.5,3.2,2.3,2.8,-1212.0,-1194.0,0
35.2662,pause,0.0,0.0,0.567,0.0003,0.6085,0.0076,1.4176,-4.4091,-2.5678,-1.3879,12.1,-3.5,3.2,2.3,2.8,-1212.0,-1194.0,0
35.3168,pause,0.0,0.0,0.567,0.0003,0.6085,0.0076,1.4176,-4.443,-2.4245,-1.355,12.1,-3.5,3.2,2.3,2.8,-1212.0,-1194.0,0
35.3676,pause,0.0,0.0,0.567,0.0003,0.6085,0.0076,1.4176,-4.443,-2.4245,-1.355,15.0,0.0,0.0,-0.1,0.0,-944.0,-964.0,2
35.418,pause,0.0,0.0,0.567,0.0003,0.6085,0.0076,1.4176,-4.443,-2.4245,-1.355,15.0,0.0,0.0,-0.1,0.0,-944.0,-964.0,2
35.4694,pause,0.0,0.0,0.5147,0.0,0.6085,0.0076,1.4176,-4.443,-2.4245,-1.355,15.0,0.0,0.0,-0.1,0.0,-944.0,-964.0,2
35.5199,pause,0.0,0.0,0.5147,0.0,0.184,0.0156,1.4176,-4.443,-2.4245,-1.355,15.0,0.0,0.0,-0.1,0.0,-944.0,-964.0,2
35.5704,pause,0.0,0.0,0.5147,0.0,0.184,0.0156,1.4162,-4.443,-2.4245,-1.355,15.0,0.0,0.0,-0.1,0.0,-944.0,-964.0,2
35.6209,pause,0.0,0.0,0.5147,0.0,0.184,0.0156,1.4162,-4.4728,-2.2503,-1.3725,15.0,0.0,0.0,-0.1,0.0,-944.0,-964.0,2
35.6713,pause,0.0,0.0,0.5147,0.0,0.184,0.0156,1.4162,-4.4728,-2.2503,-1.3725,13.3,0.9,-0.8,-0.1,0.0,-172.0,-263.0,2
35.7216,pause,0.0,0.0,0.5147,0.0,0.184,0.0156,1.4162,-4.4728,-2.2503,-1.3725,13.3,0.9,-0.8,-0.1,0.0,-172.0,-263.0,2
35.7723,pause,0.0,0.0,0.155,0.0,0.184,0.0156,1.4162,-4.4728,-2.2503,-1.3725,13.3,0.9,-0.8,-0.1,0.0,-172.0,-263.0,2
35.8229,pause,0.0,0.0,0.155,0.0,-0.0424,0.0187,1.4162,-4.4728,-2.2503,-1.3725,13.3,0.9,-0.8,-0.1,0.0,-172.0,-263.0,2
35.8231,fwd_0.9,0.9,0.0,0.155,0.0,-0.0424,0.0187,1.4273,-4.4728,-2.2503,-1.3725,13.3,0.9,-0.8,-0.1,0.0,-172.0,-263.0,2
35.8736,fwd_0.9,0.9,0.0,0.155,0.0,-0.0424,0.0187,1.4273,-4.4909,-2.1787,-1.377,13.3,0.9,-0.8,-0.1,0.0,-172.0,-263.0,2
35.924,fwd_0.9,0.9,0.0,0.155,0.0,-0.0424,0.0187,1.4273,-4.4909,-2.1787,-1.377,13.3,-0.3,0.2,-0.1,0.0,50.0,24.0,0
35.9744,fwd_0.9,0.9,0.0,0.155,0.0,-0.0424,0.0187,1.4273,-4.4909,-2.1787,-1.377,13.3,-0.3,0.2,-0.1,0.0,50.0,24.0,0
36.0251,fwd_0.9,0.9,0.0,-0.0419,0.0484,-0.0424,0.0187,1.4273,-4.4909,-2.1787,-1.377,13.3,-0.3,0.2,-0.1,0.0,50.0,24.0,0
36.0756,fwd_0.9,0.9,0.0,-0.0419,0.0484,-0.3496,0.0441,1.4273,-4.4909,-2.1787,-1.377,13.3,-0.3,0.2,-0.1,0.0,50.0,24.0,0
36.126,fwd_0.9,0.9,0.0,-0.0419,0.0484,-0.3496,0.0441,1.4161,-4.4909,-2.1787,-1.377,13.3,-0.3,0.2,-0.1,0.0,50.0,24.0,0
36.1765,fwd_0.9,0.9,0.0,-0.0419,0.0484,-0.3496,0.0441,1.4161,-4.5167,-2.035,-1.3687,13.3,-0.3,0.2,-0.1,0.0,50.0,24.0,0
36.227,fwd_0.9,0.9,0.0,-0.0419,0.0484,-0.3496,0.0441,1.4161,-4.5167,-2.035,-1.3687,10.3,9.1,-8.7,6.1,6.3,773.0,853.0,0
36.2774,fwd_0.9,0.9,0.0,-0.0419,0.0484,-0.3496,0.0441,1.4161,-4.5167,-2.035,-1.3687,10.3,9.1,-8.7,6.1,6.3,773.0,853.0,0
36.3285,fwd_0.9,0.9,0.0,-0.3839,0.082,-0.3496,0.0441,1.4161,-4.5167,-2.035,-1.3687,10.3,9.1,-8.7,6.1,6.3,773.0,853.0,0
36.3791,fwd_0.9,0.9,0.0,-0.3839,0.082,-0.6121,-0.0239,1.4161,-4.5167,-2.035,-1.3687,10.3,9.1,-8.7,6.1,6.3,773.0,853.0,0
36.4297,fwd_0.9,0.9,0.0,-0.3839,0.082,-0.6121,-0.0239,1.4139,-4.5167,-2.035,-1.3687,10.3,9.1,-8.7,6.1,6.3,773.0,853.0,0
36.4804,fwd_0.9,0.9,0.0,-0.3839,0.082,-0.6121,-0.0239,1.4139,-4.536,-1.9393,-1.3835,10.3,9.1,-8.7,6.1,6.3,773.0,853.0,0
36.5314,fwd_0.9,0.9,0.0,-0.3839,0.082,-0.6121,-0.0239,1.4139,-4.536,-1.9393,-1.3835,11.9,2.1,-5.5,1.3,4.7,1227.0,1126.0,0
36.5818,fwd_0.9,0.9,0.0,-0.3839,0.082,-0.6121,-0.0239,1.4139,-4.536,-1.9393,-1.3835,11.9,2.1,-5.5,1.3,4.7,1227.0,1126.0,0
36.6325,fwd_0.9,0.9,0.0,-0.6065,-0.0648,-0.6121,-0.0239,1.4139,-4.536,-1.9393,-1.3835,11.9,2.1,-5.5,1.3,4.7,1227.0,1126.0,0
36.683,fwd_0.9,0.9,0.0,-0.6065,-0.0648,-0.651,-0.0196,1.4139,-4.536,-1.9393,-1.3835,11.9,2.1,-5.5,1.3,4.7,1227.0,1126.0,0
36.7336,fwd_0.9,0.9,0.0,-0.6065,-0.0648,-0.651,-0.0196,1.4186,-4.536,-1.9393,-1.3835,11.9,2.1,-5.5,1.3,4.7,1227.0,1126.0,0
36.7842,fwd_0.9,0.9,0.0,-0.6065,-0.0648,-0.651,-0.0196,1.4186,-4.5079,-2.0327,-1.3765,11.9,2.1,-5.5,1.3,4.7,1227.0,1126.0,0
36.8349,fwd_0.9,0.9,0.0,-0.6065,-0.0648,-0.651,-0.0196,1.4186,-4.5079,-2.0327,-1.3765,11.9,3.3,-3.9,2.7,3.0,1159.0,1175.0,0
36.8853,fwd_0.9,0.9,0.0,-0.6065,-0.0648,-0.651,-0.0196,1.4186,-4.5079,-2.0327,-1.3765,11.9,3.3,-3.9,2.7,3.0,1159.0,1175.0,0
36.9363,fwd_0.9,0.9,0.0,-0.6348,0.0,-0.651,-0.0196,1.4186,-4.5079,-2.0327,-1.3765,11.9,3.3,-3.9,2.7,3.0,1159.0,1175.0,0
36.987,fwd_0.9,0.9,0.0,-0.6348,0.0,-0.6568,-0.0278,1.4186,-4.5079,-2.0327,-1.3765,11.9,3.3,-3.9,2.7,3.0,1159.0,1175.0,0
37.0377,fwd_0.9,0.9,0.0,-0.6348,0.0,-0.6568,-0.0278,1.4185,-4.5079,-2.0327,-1.3765,11.9,3.3,-3.9,2.7,3.0,1159.0,1175.0,0
37.0883,fwd_0.9,0.9,0.0,-0.6348,0.0,-0.6568,-0.0278,1.4185,-4.5087,-2.0948,-1.4083,11.9,3.3,-3.9,2.7,3.0,1159.0,1175.0,0
37.1393,fwd_0.9,0.9,0.0,-0.6348,0.0,-0.6568,-0.0278,1.4185,-4.5087,-2.0948,-1.4083,12.0,3.2,-3.9,2.4,3.1,1179.0,1179.0,0
37.1896,fwd_0.9,0.9,0.0,-0.6348,0.0,-0.6568,-0.0278,1.4185,-4.5087,-2.0948,-1.4083,12.0,3.2,-3.9,2.4,3.1,1179.0,1179.0,0
37.2406,fwd_0.9,0.9,0.0,-0.6509,0.0003,-0.6568,-0.0278,1.4185,-4.5087,-2.0948,-1.4083,12.0,3.2,-3.9,2.4,3.1,1179.0,1179.0,0
37.2912,fwd_0.9,0.9,0.0,-0.6509,0.0003,-0.6607,-0.02,1.4185,-4.5087,-2.0948,-1.4083,12.0,3.2,-3.9,2.4,3.1,1179.0,1179.0,0
37.3417,fwd_0.9,0.9,0.0,-0.6509,0.0003,-0.6607,-0.02,1.424,-4.5087,-2.0948,-1.4083,12.0,3.2,-3.9,2.4,3.1,1179.0,1179.0,0
37.3921,fwd_0.9,0.9,0.0,-0.6509,0.0003,-0.6607,-0.02,1.424,-4.4575,-2.3146,-1.3937,12.0,3.2,-3.9,2.4,3.1,1179.0,1179.0,0
37.4425,fwd_0.9,0.9,0.0,-0.6509,0.0003,-0.6607,-0.02,1.424,-4.4575,-2.3146,-1.3937,12.1,3.5,-3.4,2.4,2.9,1186.0,1190.0,0
37.4928,fwd_0.9,0.9,0.0,-0.6509,0.0003,-0.6607,-0.02,1.424,-4.4575,-2.3146,-1.3937,12.1,3.5,-3.4,2.4,2.9,1186.0,1190.0,0
37.5436,fwd_0.9,0.9,0.0,-0.6473,0.0001,-0.6607,-0.02,1.424,-4.4575,-2.3146,-1.3937,12.1,3.5,-3.4,2.4,2.9,1186.0,1190.0,0
37.5941,fwd_0.9,0.9,0.0,-0.6473,0.0001,-0.5574,-0.0217,1.424,-4.4575,-2.3146,-1.3937,12.1,3.5,-3.4,2.4,2.9,1186.0,1190.0,0
37.6445,fwd_0.9,0.9,0.0,-0.6473,0.0001,-0.5574,-0.0217,1.4276,-4.4575,-2.3146,-1.3937,12.1,3.5,-3.4,2.4,2.9,1186.0,1190.0,0
37.6949,fwd_0.9,0.9,0.0,-0.6473,0.0001,-0.5574,-0.0217,1.4276,-4.4422,-2.424,-1.3944,12.1,3.5,-3.4,2.4,2.9,1186.0,1190.0,0
37.7453,fwd_0.9,0.9,0.0,-0.6473,0.0001,-0.5574,-0.0217,1.4276,-4.4422,-2.424,-1.3944,12.3,2.8,-3.0,2.0,2.5,1243.0,1232.0,0
37.7956,fwd_0.9,0.9,0.0,-0.6473,0.0001,-0.5574,-0.0217,1.4276,-4.4422,-2.424,-1.3944,12.3,2.8,-3.0,2.0,2.5,1243.0,1232.0,0
37.8462,fwd_0.9,0.0,0.0,-0.5456,-0.0145,-0.5574,-0.0217,1.4276,-4.4422,-2.424,-1.3944,12.3,2.8,-3.0,2.0,2.5,1243.0,1232.0,0
37.8464,pause,0.0,0.0,-0.5456,-0.0145,-0.6153,-0.0173,1.4276,-4.4422,-2.424,-1.3944,12.3,2.8,-3.0,2.0,2.5,1243.0,1232.0,0
37.8969,pause,0.0,0.0,-0.5456,-0.0145,-0.6153,-0.0173,1.4303,-4.4422,-2.424,-1.3944,12.3,2.8,-3.0,2.0,2.5,1243.0,1232.0,0
37.9474,pause,0.0,0.0,-0.5456,-0.0145,-0.6153,-0.0173,1.4303,-4.425,-2.5422,-1.4018,12.3,2.8,-3.0,2.0,2.5,1243.0,1232.0,0
37.9979,pause,0.0,0.0,-0.5456,-0.0145,-0.6153,-0.0173,1.4303,-4.425,-2.5422,-1.4018,12.0,3.5,-3.5,2.5,2.8,1169.0,1207.0,0
38.0482,pause,0.0,0.0,-0.5456,-0.0145,-0.6153,-0.0173,1.4303,-4.425,-2.5422,-1.4018,12.0,3.5,-3.5,2.5,2.8,1169.0,1207.0,0
38.0989,pause,0.0,0.0,-0.6389,-0.016,-0.6153,-0.0173,1.4303,-4.425,-2.5422,-1.4018,12.0,3.5,-3.5,2.5,2.8,1169.0,1207.0,0
38.1493,pause,0.0,0.0,-0.6389,-0.016,-0.0826,-0.0063,1.4303,-4.425,-2.5422,-1.4018,12.0,3.5,-3.5,2.5,2.8,1169.0,1207.0,0
38.1999,pause,0.0,0.0,-0.6389,-0.016,-0.0826,-0.0063,1.4366,-4.425,-2.5422,-1.4018,12.0,3.5,-3.5,2.5,2.8,1169.0,1207.0,0
38.2505,pause,0.0,0.0,-0.6389,-0.016,-0.0826,-0.0063,1.4366,-4.3966,-2.6677,-1.3798,12.0,3.5,-3.5,2.5,2.8,1169.0,1207.0,0
38.301,pause,0.0,0.0,-0.6389,-0.016,-0.0826,-0.0063,1.4366,-4.3966,-2.6677,-1.3798,14.7,-6.1,5.0,0.0,-0.1,564.0,514.0,2
38.3513,pause,0.0,0.0,-0.6389,-0.016,-0.0826,-0.0063,1.4366,-4.3966,-2.6677,-1.3798,14.7,-6.1,5.0,0.0,-0.1,564.0,514.0,2
38.4021,pause,0.0,0.0,-0.2811,-0.0161,-0.0826,-0.0063,1.4366,-4.3966,-2.6677,-1.3798,14.7,-6.1,5.0,0.0,-0.1,564.0,514.0,2
38.4526,pause,0.0,0.0,-0.2811,-0.0161,0.042,0.0118,1.4366,-4.3966,-2.6677,-1.3798,14.7,-6.1,5.0,0.0,-0.1,564.0,514.0,2
38.4528,rev_0.9,-0.9,0.0,-0.2811,-0.0161,0.042,0.0118,1.4498,-4.3966,-2.6677,-1.3798,14.7,-6.1,5.0,0.0,-0.1,564.0,514.0,2
38.5036,rev_0.9,-0.9,0.0,-0.2811,-0.0161,0.042,0.0118,1.4498,-4.377,-2.7624,-1.37,14.7,-6.1,5.0,0.0,-0.1,564.0,514.0,2
38.554,rev_0.9,-0.9,0.0,-0.2811,-0.0161,0.042,0.0118,1.4498,-4.377,-2.7624,-1.37,13.3,-0.1,-0.1,-0.1,0.0,-35.0,0.0,2
38.6045,rev_0.9,-0.9,0.0,-0.2811,-0.0161,0.042,0.0118,1.4498,-4.377,-2.7624,-1.37,13.3,-0.1,-0.1,-0.1,0.0,-35.0,0.0,2
38.6552,rev_0.9,-0.9,0.0,-0.0001,-0.0003,0.042,0.0118,1.4498,-4.377,-2.7624,-1.37,13.3,-0.1,-0.1,-0.1,0.0,-35.0,0.0,2
38.7062,rev_0.9,-0.9,0.0,-0.0001,-0.0003,0.3103,0.0111,1.4498,-4.377,-2.7624,-1.37,13.3,-0.1,-0.1,-0.1,0.0,-35.0,0.0,2
38.7568,rev_0.9,-0.9,0.0,-0.0001,-0.0003,0.3103,0.0111,1.4474,-4.377,-2.7624,-1.37,13.3,-0.1,-0.1,-0.1,0.0,-35.0,0.0,2
38.8075,rev_0.9,-0.9,0.0,-0.0001,-0.0003,0.3103,0.0111,1.4474,-4.3576,-2.8962,-1.3864,13.3,-0.1,-0.1,-0.1,0.0,-35.0,0.0,2
38.8581,rev_0.9,-0.9,0.0,-0.0001,-0.0003,0.3103,0.0111,1.4474,-4.3576,-2.8962,-1.3864,11.1,-8.5,7.9,4.8,5.3,-575.0,-542.0,0
38.9085,rev_0.9,-0.9,0.0,-0.0001,-0.0003,0.3103,0.0111,1.4474,-4.3576,-2.8962,-1.3864,11.1,-8.5,7.9,4.8,5.3,-575.0,-542.0,0
38.9595,rev_0.9,-0.9,0.0,0.2979,0.0088,0.3103,0.0111,1.4474,-4.3576,-2.8962,-1.3864,11.1,-8.5,7.9,4.8,5.3,-575.0,-542.0,0
39.0102,rev_0.9,-0.9,0.0,0.2979,0.0088,0.7823,-0.0294,1.4474,-4.3576,-2.8962,-1.3864,11.1,-8.5,7.9,4.8,5.3,-575.0,-542.0,0
39.0608,rev_0.9,-0.9,0.0,0.2979,0.0088,0.7823,-0.0294,1.4266,-4.3576,-2.8962,-1.3864,11.1,-8.5,7.9,4.8,5.3,-575.0,-542.0,0
39.1117,rev_0.9,-0.9,0.0,0.2979,0.0088,0.7823,-0.0294,1.4266,-4.3448,-2.9952,-1.3713,11.1,-8.5,7.9,4.8,5.3,-575.0,-542.0,0
39.1623,rev_0.9,-0.9,0.0,0.2979,0.0088,0.7823,-0.0294,1.4266,-4.3448,-2.9952,-1.3713,9.8,-8.7,5.5,2.3,3.0,-1352.0,-1409.0,0
39.2128,rev_0.9,-0.9,0.0,0.2979,0.0088,0.7823,-0.0294,1.4266,-4.3448,-2.9952,-1.3713,9.8,-8.7,5.5,2.3,3.0,-1352.0,-1409.0,0
39.2638,rev_0.9,-0.9,0.0,0.713,-0.064,0.7823,-0.0294,1.4266,-4.3448,-2.9952,-1.3713,9.8,-8.7,5.5,2.3,3.0,-1352.0,-1409.0,0
39.3145,rev_0.9,-0.9,0.0,0.713,-0.064,0.7698,-0.0068,1.4266,-4.3448,-2.9952,-1.3713,9.8,-8.7,5.5,2.3,3.0,-1352.0,-1409.0,0
39.3652,rev_0.9,-0.9,0.0,0.713,-0.064,0.7698,-0.0068,1.4232,-4.3448,-2.9952,-1.3713,9.8,-8.7,5.5,2.3,3.0,-1352.0,-1409.0,0
39.4158,rev_0.9,-0.9,0.0,0.713,-0.064,0.7698,-0.0068,1.4232,-4.3327,-3.102,-1.3751,9.8,-8.7,5.5,2.3,3.0,-1352.0,-1409.0,0
39.4663,rev_0.9,-0.9,0.0,0.713,-0.064,0.7698,-0.0068,1.4232,-4.3327,-3.102,-1.3751,11.0,-4.9,4.9,1.1,2.3,-1736.0,-1709.0,0
39.5166,rev_0.9,-0.9,0.0,0.713,-0.064,0.7698,-0.0068,1.4232,-4.3327,-3.102,-1.3751,11.0,-4.9,4.9,1.1,2.3,-1736.0,-1709.0,0
39.5673,rev_0.9,-0.9,0.0,0.7546,0.0027,0.7698,-0.0068,1.4232,-4.3327,-3.102,-1.3751,11.0,-4.9,4.9,1.1,2.3,-1736.0,-1709.0,0
39.6178,rev_0.9,-0.9,0.0,0.7546,0.0027,0.9217,0.0047,1.4232,-4.3327,-3.102,-1.3751,11.0,-4.9,4.9,1.1,2.3,-1736.0,-1709.0,0
39.6683,rev_0.9,-0.9,0.0,0.7546,0.0027,0.9217,0.0047,1.4172,-4.3327,-3.102,-1.3751,11.0,-4.9,4.9,1.1,2.3,-1736.0,-1709.0,0
39.719,rev_0.9,-0.9,0.0,0.7546,0.0027,0.9217,0.0047,1.4172,-4.3012,-3.2594,-1.3644,11.0,-4.9,4.9,1.1,2.3,-1736.0,-1709.0,0
39.7697,rev_0.9,-0.9,0.0,0.7546,0.0027,0.9217,0.0047,1.4172,-4.3012,-3.2594,-1.3644,11.5,-3.9,3.3,0.9,1.7,-1792.0,-1777.0,0
39.8202,rev_0.9,-0.9,0.0,0.7546,0.0027,0.9217,0.0047,1.4172,-4.3012,-3.2594,-1.3644,11.5,-3.9,3.3,0.9,1.7,-1792.0,-1777.0,0
39.8712,rev_0.9,-0.9,0.0,0.9129,0.0046,0.9217,0.0047,1.4172,-4.3012,-3.2594,-1.3644,11.5,-3.9,3.3,0.9,1.7,-1792.0,-1777.0,0
39.9219,rev_0.9,-0.9,0.0,0.9129,0.0046,0.9825,0.0193,1.4172,-4.3012,-3.2594,-1.3644,11.5,-3.9,3.3,0.9,1.7,-1792.0,-1777.0,0
39.9726,rev_0.9,-0.9,0.0,0.9129,0.0046,0.9825,0.0193,1.4097,-4.3012,-3.2594,-1.3644,11.5,-3.9,3.3,0.9,1.7,-1792.0,-1777.0,0
40.0231,rev_0.9,-0.9,0.0,0.9129,0.0046,0.9825,0.0193,1.4097,-4.257,-3.5202,-1.389,11.5,-3.9,3.3,0.9,1.7,-1792.0,-1777.0,0
40.0738,rev_0.9,-0.9,0.0,0.9129,0.0046,0.9825,0.0193,1.4097,-4.257,-3.5202,-1.389,11.6,-3.4,3.3,0.8,1.7,-1836.0,-1816.0,0
40.1242,rev_0.9,-0.9,0.0,0.9129,0.0046,0.9825,0.0193,1.4097,-4.257,-3.5202,-1.389,11.6,-3.4,3.3,0.8,1.7,-1836.0,-1816.0,0
40.1754,rev_0.9,-0.9,0.0,0.936,0.016,0.9825,0.0193,1.4097,-4.257,-3.5202,-1.389,11.6,-3.4,3.3,0.8,1.7,-1836.0,-1816.0,0
40.226,rev_0.9,-0.9,0.0,0.936,0.016,0.8487,0.0251,1.4097,-4.257,-3.5202,-1.389,11.6,-3.4,3.3,0.8,1.7,-1836.0,-1816.0,0
40.2767,rev_0.9,-0.9,0.0,0.936,0.016,0.8487,0.0251,1.4092,-4.257,-3.5202,-1.389,11.6,-3.4,3.3,0.8,1.7,-1836.0,-1816.0,0
40.3274,rev_0.9,-0.9,0.0,0.936,0.016,0.8487,0.0251,1.4092,-4.2474,-3.5929,-1.4033,11.6,-3.4,3.3,0.8,1.7,-1836.0,-1816.0,0
40.3781,rev_0.9,-0.9,0.0,0.936,0.016,0.8487,0.0251,1.4092,-4.2474,-3.5929,-1.4033,11.4,-3.9,3.9,0.9,2.0,-1782.0,-1763.0,0
40.4285,rev_0.9,-0.9,0.0,0.936,0.016,0.8487,0.0251,1.4092,-4.2474,-3.5929,-1.4033,11.4,-3.9,3.9,0.9,2.0,-1782.0,-1763.0,0
40.4792,rev_0.9,0.0,0.0,1.0367,0.0074,0.8487,0.0251,1.4092,-4.2474,-3.5929,-1.4033,11.4,-3.9,3.9,0.9,2.0,-1782.0,-1763.0,0
40.4794,pause,0.0,0.0,1.0367,0.0074,0.855,0.0165,1.4092,-4.2474,-3.5929,-1.4033,11.4,-3.9,3.9,0.9,2.0,-1782.0,-1763.0,0
40.5299,pause,0.0,0.0,1.0367,0.0074,0.855,0.0165,1.4066,-4.2474,-3.5929,-1.4033,11.4,-3.9,3.9,0.9,2.0,-1782.0,-1763.0,0
40.5804,pause,0.0,0.0,1.0367,0.0074,0.855,0.0165,1.4066,-4.2192,-3.7246,-1.4022,11.4,-3.9,3.9,0.9,2.0,-1782.0,-1763.0,0
40.6308,pause,0.0,0.0,1.0367,0.0074,0.855,0.0165,1.4066,-4.2192,-3.7246,-1.4022,14.8,0.0,0.0,-0.1,0.0,-1576.0,-1561.0,2
40.6812,pause,0.0,0.0,1.0367,0.0074,0.855,0.0165,1.4066,-4.2192,-3.7246,-1.4022,14.8,0.0,0.0,-0.1,0.0,-1576.0,-1561.0,2
40.7319,pause,0.0,0.0,0.9411,0.0223,0.855,0.0165,1.4066,-4.2192,-3.7246,-1.4022,14.8,0.0,0.0,-0.1,0.0,-1576.0,-1561.0,2
40.7824,pause,0.0,0.0,0.9411,0.0223,0.6333,0.0219,1.4066,-4.2192,-3.7246,-1.4022,14.8,0.0,0.0,-0.1,0.0,-1576.0,-1561.0,2
40.8331,pause,0.0,0.0,0.9411,0.0223,0.6333,0.0219,1.4059,-4.2192,-3.7246,-1.4022,14.8,0.0,0.0,-0.1,0.0,-1576.0,-1561.0,2
40.8838,pause,0.0,0.0,0.9411,0.0223,0.6333,0.0219,1.4059,-4.2743,-3.4218,-1.3892,14.8,0.0,0.0,-0.1,0.0,-1576.0,-1561.0,2
40.9344,pause,0.0,0.0,0.9411,0.0223,0.6333,0.0219,1.4059,-4.2743,-3.4218,-1.3892,14.8,-0.1,0.0,-0.1,0.0,-938.0,-902.0,2
40.9848,pause,0.0,0.0,0.9411,0.0223,0.6333,0.0219,1.4059,-4.2743,-3.4218,-1.3892,14.8,-0.1,0.0,-0.1,0.0,-938.0,-902.0,2
41.0359,pause,0.0,0.0,0.5111,0.0146,0.6333,0.0219,1.4059,-4.2743,-3.4218,-1.3892,14.8,-0.1,0.0,-0.1,0.0,-938.0,-902.0,2
41.0866,pause,0.0,0.0,0.5111,0.0146,0.2253,0.0019,1.4059,-4.2743,-3.4218,-1.3892,14.8,-0.1,0.0,-0.1,0.0,-938.0,-902.0,2
41.0869,accel_0.9,0.9,0.0,0.5111,0.0146,0.2253,0.0019,1.4156,-4.2743,-3.4218,-1.3892,14.8,-0.1,0.0,-0.1,0.0,-938.0,-902.0,2
41.1374,accel_0.9,0.9,0.0,0.5111,0.0146,0.2253,0.0019,1.4156,-4.3204,-3.1755,-1.348,14.8,-0.1,0.0,-0.1,0.0,-938.0,-902.0,2
41.188,accel_0.9,0.9,0.0,0.5111,0.0146,0.2253,0.0019,1.4156,-4.3204,-3.1755,-1.348,13.0,10.5,-8.3,4.3,5.2,-304.0,-328.0,6
41.2383,accel_0.9,0.9,0.0,0.5111,0.0146,0.2253,0.0019,1.4156,-4.3204,-3.1755,-1.348,13.0,10.5,-8.3,4.3,5.2,-304.0,-328.0,6
41.2892,accel_0.9,0.9,0.0,0.0956,-0.0323,0.2253,0.0019,1.4156,-4.3204,-3.1755,-1.348,13.0,10.5,-8.3,4.3,5.2,-304.0,-328.0,6
41.3397,accel_0.9,0.9,0.0,0.0956,-0.0323,-0.2344,-0.0028,1.4156,-4.3204,-3.1755,-1.348,13.0,10.5,-8.3,4.3,5.2,-304.0,-328.0,6
41.3902,accel_0.9,0.9,0.0,0.0956,-0.0323,-0.2344,-0.0028,1.4074,-4.3204,-3.1755,-1.348,13.0,10.5,-8.3,4.3,5.2,-304.0,-328.0,6
41.4407,accel_0.9,0.9,0.0,0.0956,-0.0323,-0.2344,-0.0028,1.4074,-4.3616,-2.9725,-1.359,13.0,10.5,-8.3,4.3,5.2,-304.0,-328.0,6
41.4911,accel_0.9,0.9,0.0,0.0956,-0.0323,-0.2344,-0.0028,1.4074,-4.3616,-2.9725,-1.359,10.9,8.2,-9.2,4.3,3.4,856.0,844.0,4
41.5415,accel_0.9,0.9,0.0,0.0956,-0.0323,-0.2344,-0.0028,1.4074,-4.3616,-2.9725,-1.359,10.9,8.2,-9.2,4.3,3.4,856.0,844.0,4
41.5926,accel_0.9,0.9,0.0,-0.3727,-0.0004,-0.2344,-0.0028,1.4074,-4.3616,-2.9725,-1.359,10.9,8.2,-9.2,4.3,3.4,856.0,844.0,4
41.6435,accel_0.9,0.9,0.0,-0.3727,-0.0004,-0.6964,0.0012,1.4074,-4.3616,-2.9725,-1.359,10.9,8.2,-9.2,4.3,3.4,856.0,844.0,4
41.6942,accel_0.9,0.9,0.0,-0.3727,-0.0004,-0.6964,0.0012,1.3979,-4.3616,-2.9725,-1.359,10.9,8.2,-9.2,4.3,3.4,856.0,844.0,4
41.7447,accel_0.9,0.9,0.0,-0.3727,-0.0004,-0.6964,0.0012,1.3979,-4.3977,-2.8529,-1.3319,10.9,8.2,-9.2,4.3,3.4,856.0,844.0,4
41.7951,accel_0.9,0.9,0.0,-0.3727,-0.0004,-0.6964,0.0012,1.3979,-4.3977,-2.8529,-1.3319,10.2,6.2,-7.5,1.7,3.8,1481.0,1461.0,0
41.8456,accel_0.9,0.9,0.0,-0.3727,-0.0004,-0.6964,0.0012,1.3979,-4.3977,-2.8529,-1.3319,10.2,6.2,-7.5,1.7,3.8,1481.0,1461.0,0
41.8967,accel_0.9,0.9,0.0,-0.9142,0.0479,-0.6964,0.0012,1.3979,-4.3977,-2.8529,-1.3319,10.2,6.2,-7.5,1.7,3.8,1481.0,1461.0,0
41.9474,accel_0.9,0.9,0.0,-0.9142,0.0479,-0.9024,0.0186,1.3979,-4.3977,-2.8529,-1.3319,10.2,6.2,-7.5,1.7,3.8,1481.0,1461.0,0
41.998,accel_0.9,0.9,0.0,-0.9142,0.0479,-0.9024,0.0186,1.4013,-4.3977,-2.8529,-1.3319,10.2,6.2,-7.5,1.7,3.8,1481.0,1461.0,0
42.0484,accel_0.9,0.9,0.0,-0.9142,0.0479,-0.9024,0.0186,1.4013,-4.4086,-2.7379,-1.3569,10.2,6.2,-7.5,1.7,3.8,1481.0,1461.0,0
42.0988,accel_0.9,0.9,0.0,-0.9142,0.0479,-0.9024,0.0186,1.4013,-4.4086,-2.7379,-1.3569,12.2,2.3,-2.8,0.5,1.2,2008.0,1990.0,0
42.1492,accel_0.9,0.9,0.0,-0.9142,0.0479,-0.9024,0.0186,1.4013,-4.4086,-2.7379,-1.3569,12.2,2.3,-2.8,0.5,1.2,2008.0,1990.0,0
42.2005,accel_0.9,0.9,0.0,-0.7971,0.0321,-0.9024,0.0186,1.4013,-4.4086,-2.7379,-1.3569,12.2,2.3,-2.8,0.5,1.2,2008.0,1990.0,0
42.2518,accel_0.9,0.9,0.0,-0.7971,0.0321,-0.8738,0.0413,1.4013,-4.4086,-2.7379,-1.3569,12.2,2.3,-2.8,0.5,1.2,2008.0,1990.0,0
42.3024,accel_0.9,0.9,0.0,-0.7971,0.0321,-0.8738,0.0413,1.4094,-4.4086,-2.7379,-1.3569,12.2,2.3,-2.8,0.5,1.2,2008.0,1990.0,0
42.3529,accel_0.9,0.9,0.0,-0.7971,0.0321,-0.8738,0.0413,1.4094,-4.4497,-2.5635,-1.3542,12.2,2.3,-2.8,0.5,1.2,2008.0,1990.0,0
42.4035,accel_0.9,0.9,0.0,-0.7971,0.0321,-0.8738,0.0413,1.4094,-4.4497,-2.5635,-1.3542,11.9,3.1,-2.9,0.8,1.3,1851.0,1867.0,0
42.4539,accel_0.9,0.9,0.0,-0.7971,0.0321,-0.8738,0.0413,1.4094,-4.4497,-2.5635,-1.3542,11.9,3.1,-2.9,0.8,1.3,1851.0,1867.0,0
42.505,accel_0.9,0.9,0.0,-0.9519,0.064,-0.8738,0.0413,1.4094,-4.4497,-2.5635,-1.3542,11.9,3.1,-2.9,0.8,1.3,1851.0,1867.0,0
42.5554,accel_0.9,0.9,0.0,-0.9519,0.064,-1.1167,0.0101,1.4094,-4.4497,-2.5635,-1.3542,11.9,3.1,-2.9,0.8,1.3,1851.0,1867.0,0
42.6059,accel_0.9,0.9,0.0,-0.9519,0.064,-1.1167,0.0101,1.4202,-4.4497,-2.5635,-1.3542,11.9,3.1,-2.9,0.8,1.3,1851.0,1867.0,0
42.6563,accel_0.9,0.9,0.0,-0.9519,0.064,-1.1167,0.0101,1.4202,-4.5242,-2.2924,-1.357,11.9,3.1,-2.9,0.8,1.3,1851.0,1867.0,0
42.7067,accel_0.9,0.9,0.0,-0.9519,0.064,-1.1167,0.0101,1.4202,-4.5242,-2.2924,-1.357,11.8,2.8,-3.3,0.8,1.7,1872.0,1857.0,0
42.757,accel_0.9,0.9,0.0,-0.9519,0.064,-1.1167,0.0101,1.4202,-4.5242,-2.2924,-1.357,11.8,2.8,-3.3,0.8,1.7,1872.0,1857.0,0
42.8076,accel_0.9,0.9,0.0,-0.8732,-0.0173,-1.1167,0.0101,1.4202,-4.5242,-2.2924,-1.357,11.8,2.8,-3.3,0.8,1.7,1872.0,1857.0,0
42.8583,accel_0.9,0.9,0.0,-0.8732,-0.0173,-0.9798,0.0208,1.4202,-4.5242,-2.2924,-1.357,11.8,2.8,-3.3,0.8,1.7,1872.0,1857.0,0
42.9088,accel_0.9,0.9,0.0,-0.8732,-0.0173,-0.9798,0.0208,1.4246,-4.5242,-2.2924,-1.357,11.8,2.8,-3.3,0.8,1.7,1872.0,1857.0,0
42.9594,accel_0.9,0.9,0.0,-0.8732,-0.0173,-0.9798,0.0208,1.4246,-4.5577,-2.0766,-1.3702,11.8,2.8,-3.3,0.8,1.7,1872.0,1857.0,0
43.01,accel_0.9,0.9,0.0,-0.8732,-0.0173,-0.9798,0.0208,1.4246,-4.5577,-2.0766,-1.3702,11.6,4.1,-3.8,1.1,1.8,1777.0,1801.0,0
43.0603,accel_0.9,0.9,0.0,-0.8732,-0.0173,-0.9798,0.0208,1.4246,-4.5577,-2.0766,-1.3702,11.6,4.1,-3.8,1.1,1.8,1777.0,1801.0,0
43.1112,accel_0.9,0.0,0.0,-0.969,0.0963,-0.9798,0.0208,1.4246,-4.5577,-2.0766,-1.3702,11.6,4.1,-3.8,1.1,1.8,1777.0,1801.0,0
43.1113,decel_0,0.0,0.0,-0.969,0.0963,-0.7189,-0.0001,1.4246,-4.5577,-2.0766,-1.3702,11.6,4.1,-3.8,1.1,1.8,1777.0,1801.0,0
43.1618,decel_0,0.0,0.0,-0.969,0.0963,-0.7189,-0.0001,1.4266,-4.5577,-2.0766,-1.3702,11.6,4.1,-3.8,1.1,1.8,1777.0,1801.0,0
43.2128,decel_0,0.0,0.0,-0.969,0.0963,-0.7189,-0.0001,1.4266,-4.5695,-2.032,-1.3358,11.6,4.1,-3.8,1.1,1.8,1777.0,1801.0,0
43.2634,decel_0,0.0,0.0,-0.969,0.0963,-0.7189,-0.0001,1.4266,-4.5695,-2.032,-1.3358,15.8,0.0,0.0,-0.1,-0.1,1561.0,1618.0,2
43.3139,decel_0,0.0,0.0,-0.969,0.0963,-0.7189,-0.0001,1.4266,-4.5695,-2.032,-1.3358,15.8,0.0,0.0,-0.1,-0.1,1561.0,1618.0,2
43.3648,decel_0,0.0,0.0,-0.7163,0.0014,-0.7189,-0.0001,1.4266,-4.5695,-2.032,-1.3358,15.8,0.0,0.0,-0.1,-0.1,1561.0,1618.0,2
43.4156,decel_0,0.0,0.0,-0.7163,0.0014,-0.7342,-0.0246,1.4266,-4.5695,-2.032,-1.3358,15.8,0.0,0.0,-0.1,-0.1,1561.0,1618.0,2
43.4663,decel_0,0.0,0.0,-0.7163,0.0014,-0.7342,-0.0246,1.4326,-4.5695,-2.032,-1.3358,15.8,0.0,0.0,-0.1,-0.1,1561.0,1618.0,2
43.517,decel_0,0.0,0.0,-0.7163,0.0014,-0.7342,-0.0246,1.4326,-4.5067,-2.2779,-1.3129,15.8,0.0,0.0,-0.1,-0.1,1561.0,1618.0,2
43.5676,decel_0,0.0,0.0,-0.7163,0.0014,-0.7342,-0.0246,1.4326,-4.5067,-2.2779,-1.3129,15.8,0.0,0.0,-0.1,0.0,1143.0,1114.0,2
43.618,decel_0,0.0,0.0,-0.7163,0.0014,-0.7342,-0.0246,1.4326,-4.5067,-2.2779,-1.3129,15.8,0.0,0.0,-0.1,0.0,1143.0,1114.0,2
43.6688,decel_0,0.0,0.0,-0.5672,-0.0481,-0.7342,-0.0246,1.4326,-4.5067,-2.2779,-1.3129,15.8,0.0,0.0,-0.1,0.0,1143.0,1114.0,2
43.7193,decel_0,0.0,0.0,-0.5672,-0.0481,-0.1843,-0.0253,1.4326,-4.5067,-2.2779,-1.3129,15.8,0.0,0.0,-0.1,0.0,1143.0,1114.0,2
43.7698,decel_0,0.0,0.0,-0.5672,-0.0481,-0.1843,-0.0253,1.4226,-4.5067,-2.2779,-1.3129,15.8,0.0,0.0,-0.1,0.0,1143.0,1114.0,2
43.8203,decel_0,0.0,0.0,-0.5672,-0.0481,-0.1843,-0.0253,1.4226,-4.4524,-2.5246,-1.3485,15.8,0.0,0.0,-0.1,0.0,1143.0,1114.0,2
43.8707,decel_0,0.0,0.0,-0.5672,-0.0481,-0.1843,-0.0253,1.4226,-4.4524,-2.5246,-1.3485,14.6,0.0,0.0,-0.1,0.0,603.0,574.0,2
43.9211,decel_0,0.0,0.0,-0.5672,-0.0481,-0.1843,-0.0253,1.4226,-4.4524,-2.5246,-1.3485,14.6,0.0,0.0,-0.1,0.0,603.0,574.0,2
43.9717,decel_0,0.0,0.0,-0.1868,-0.0321,-0.1843,-0.0253,1.4226,-4.4524,-2.5246,-1.3485,14.6,0.0,0.0,-0.1,0.0,603.0,574.0,2
44.0223,decel_0,0.0,0.0,-0.1868,-0.0321,0.2948,-0.0033,1.4226,-4.4524,-2.5246,-1.3485,14.6,0.0,0.0,-0.1,0.0,603.0,574.0,2
44.0727,decel_0,0.0,0.0,-0.1868,-0.0321,0.2948,-0.0033,1.4232,-4.4524,-2.5246,-1.3485,14.6,0.0,0.0,-0.1,0.0,603.0,574.0,2
44.1232,decel_0,0.0,0.0,-0.1868,-0.0321,0.2948,-0.0033,1.4232,-4.4224,-2.6614,-1.3398,14.6,0.0,0.0,-0.1,0.0,603.0,574.0,2
44.1736,decel_0,0.0,0.0,-0.1868,-0.0321,0.2948,-0.0033,1.4232,-4.4224,-2.6614,-1.3398,11.4,-9.8,10.6,4.8,6.8,-384.0,-384.0,6
44.224,decel_0,0.0,0.0,-0.1868,-0.0321,0.2948,-0.0033,1.4232,-4.4224,-2.6614,-1.3398,11.4,-9.8,10.6,4.8,6.8,-384.0,-384.0,6
44.2747,decel_0,0.0,0.0,0.2765,0.0,0.2948,-0.0033,1.4232,-4.4224,-2.6614,-1.3398,11.4,-9.8,10.6,4.8,6.8,-384.0,-384.0,6
44.3255,decel_0,0.0,0.0,0.2765,0.0,0.8019,0.0283,1.4232,-4.4224,-2.6614,-1.3398,11.4,-9.8,10.6,4.8,6.8,-384.0,-384.0,6
44.3761,decel_0,0.0,0.0,0.2765,0.0,0.8019,0.0283,1.4254,-4.4224,-2.6614,-1.3398,11.4,-9.8,10.6,4.8,6.8,-384.0,-384.0,6
44.4267,decel_0,0.0,0.0,0.2765,0.0,0.8019,0.0283,1.4254,-4.3948,-2.781,-1.3525,11.4,-9.8,10.6,4.8,6.8,-384.0,-384.0,6
44.4771,decel_0,0.0,0.0,0.2765,0.0,0.8019,0.0283,1.4254,-4.3948,-2.781,-1.3525,10.0,-7.1,7.6,1.7,3.6,-1455.0,-1427.0,0
44.5274,decel_0,0.0,0.0,0.2765,0.0,0.8019,0.0283,1.4254,-4.3948,-2.781,-1.3525,10.0,-7.1,7.6,1.7,3.6,-1455.0,-1427.0,0
44.5782,decel_0,0.0,0.0,0.7146,0.0321,0.8019,0.0283,1.4254,-4.3948,-2.781,-1.3525,10.0,-7.1,7.6,1.7,3.6,-1455.0,-1427.0,0
44.6289,decel_0,0.0,0.0,0.7146,0.0321,0.8186,0.0096,1.4254,-4.3948,-2.781,-1.3525,10.0,-7.1,7.6,1.7,3.6,-1455.0,-1427.0,0
44.6797,decel_0,0.0,0.0,0.7146,0.0321,0.8186,0.0096,1.464,-4.3948,-2.781,-1.3525,10.0,-7.1,7.6,1.7,3.6,-1455.0,-1427.0,0
44.7302,decel_0,0.0,0.0,0.7146,0.0321,0.8186,0.0096,1.464,-4.3606,-2.9264,-1.3352,10.0,-7.1,7.6,1.7,3.6,-1455.0,-1427.0,0
44.7808,decel_0,0.0,0.0,0.7146,0.0321,0.8186,0.0096,1.464,-4.3606,-2.9264,-1.3352,11.0,-6.4,4.3,1.5,2.2,-1614.0,-1662.0,0
44.831,decel_0,0.0,0.0,0.7146,0.0321,0.8186,0.0096,1.464,-4.3606,-2.9264,-1.3352,11.0,-6.4,4.3,1.5,2.2,-1614.0,-1662.0,0
44.882,decel_0,0.0,0.0,0.7924,-0.0159,0.8186,0.0096,1.464,-4.3606,-2.9264,-1.3352,11.0,-6.4,4.3,1.5,2.2,-1614.0,-1662.0,0
44.9326,decel_0,0.0,0.0,0.7924,-0.0159,0.9314,0.01,1.464,-4.3606,-2.9264,-1.3352,11.0,-6.4,4.3,1.5,2.2,-1614.0,-1662.0,0
44.9833,decel_0,0.0,0.0,0.7924,-0.0159,0.9314,0.01,1.4568,-4.3606,-2.9264,-1.3352,11.0,-6.4,4.3,1.5,2.2,-1614.0,-1662.0,0
45.034,decel_0,0.0,0.0,0.7924,-0.0159,0.9314,0.01,1.4568,-4.3484,-2.9846,-1.3287,11.0,-6.4,4.3,1.5,2.2,-1614.0,-1662.0,0
45.0844,decel_0,0.0,0.0,0.7924,-0.0159,0.9314,0.01,1.4568,-4.3484,-2.9846,-1.3287,11.6,-4.0,3.3,1.0,1.7,-1826.0,-1841.0,0
45.1347,decel_0,0.0,0.0,0.7924,-0.0159,0.9314,0.01,1.4568,-4.3484,-2.9846,-1.3287,11.6,-4.0,3.3,1.0,1.7,-1826.0,-1841.0,0
45.1351,estop_run,0.9,0.0,0.9489,0.0044,0.9314,0.01,1.4568,-4.3484,-2.9846,-1.3287,11.6,-4.0,3.3,1.0,1.7,-1826.0,-1841.0,0
45.1858,estop_run,0.9,0.0,0.9489,0.0044,0.9278,0.0192,1.4568,-4.3484,-2.9846,-1.3287,11.6,-4.0,3.3,1.0,1.7,-1826.0,-1841.0,0
45.2362,estop_run,0.9,0.0,0.9489,0.0044,0.9278,0.0192,1.4591,-4.3484,-2.9846,-1.3287,11.6,-4.0,3.3,1.0,1.7,-1826.0,-1841.0,0
45.2867,estop_run,0.9,0.0,0.9489,0.0044,0.9278,0.0192,1.4591,-4.2982,-3.1579,-1.2961,11.6,-4.0,3.3,1.0,1.7,-1826.0,-1841.0,0
45.3371,estop_run,0.9,0.0,0.9489,0.0044,0.9278,0.0192,1.4591,-4.2982,-3.1579,-1.2961,11.5,-4.1,3.4,1.0,1.8,-1787.0,-1777.0,0
45.3877,estop_run,0.9,0.0,0.9489,0.0044,0.9278,0.0192,1.4591,-4.2982,-3.1579,-1.2961,11.5,-4.1,3.4,1.0,1.8,-1787.0,-1777.0,0
45.4384,estop_run,0.9,0.0,0.9256,0.0174,0.9278,0.0192,1.4591,-4.2982,-3.1579,-1.2961,11.5,-4.1,3.4,1.0,1.8,-1787.0,-1777.0,0
45.489,estop_run,0.9,0.0,0.9256,0.0174,0.9902,0.0286,1.4591,-4.2982,-3.1579,-1.2961,11.5,-4.1,3.4,1.0,1.8,-1787.0,-1777.0,0
45.5394,estop_run,0.9,0.0,0.9256,0.0174,0.9902,0.0286,1.4615,-4.2982,-3.1579,-1.2961,11.5,-4.1,3.4,1.0,1.8,-1787.0,-1777.0,0
45.5899,estop_run,0.9,0.0,0.9256,0.0174,0.9902,0.0286,1.4615,-4.2696,-3.2911,-1.3245,11.5,-4.1,3.4,1.0,1.8,-1787.0,-1777.0,0
45.6405,estop_run,0.9,0.0,0.9256,0.0174,0.9902,0.0286,1.4615,-4.2696,-3.2911,-1.3245,11.7,-3.7,4.0,0.9,2.0,-1846.0,-1811.0,0
45.6908,estop_run,0.9,0.0,0.9256,0.0174,0.9902,0.0286,1.4615,-4.2696,-3.2911,-1.3245,11.7,-3.7,4.0,0.9,2.0,-1846.0,-1811.0,0
45.7414,estop_run,0.9,0.0,0.9489,0.045,0.9902,0.0286,1.4615,-4.2696,-3.2911,-1.3245,11.7,-3.7,4.0,0.9,2.0,-1846.0,-1811.0,0
45.7919,estop_run,0.9,0.0,0.9489,0.045,0.8479,0.0167,1.4615,-4.2696,-3.2911,-1.3245,11.7,-3.7,4.0,0.9,2.0,-1846.0,-1811.0,0
45.8424,estop_run,0.9,0.0,0.9489,0.045,0.8479,0.0167,1.4492,-4.2696,-3.2911,-1.3245,11.7,-3.7,4.0,0.9,2.0,-1846.0,-1811.0,0
45.8928,estop_run,0.9,0.0,0.9489,0.045,0.8479,0.0167,1.4492,-4.236,-3.3815,-1.3107,11.7,-3.7,4.0,0.9,2.0,-1846.0,-1811.0,0
45.9432,estop_run,0.9,0.0,0.9489,0.045,0.8479,0.0167,1.4492,-4.236,-3.3815,-1.3107,11.8,-4.0,2.8,1.0,1.5,-1831.0,-1857.0,0
45.9936,estop_run,0.9,0.0,0.9489,0.045,0.8479,0.0167,1.4492,-4.236,-3.3815,-1.3107,11.8,-4.0,2.8,1.0,1.5,-1831.0,-1857.0,0
46.0442,estop_run,0.9,0.0,0.8453,-0.0136,0.8479,0.0167,1.4492,-4.236,-3.3815,-1.3107,11.8,-4.0,2.8,1.0,1.5,-1831.0,-1857.0,0
46.0947,estop_run,0.9,0.0,0.8453,-0.0136,0.5423,0.0111,1.4492,-4.236,-3.3815,-1.3107,11.8,-4.0,2.8,1.0,1.5,-1831.0,-1857.0,0
46.1451,estop_run,0.9,0.0,0.8453,-0.0136,0.5423,0.0111,1.435,-4.236,-3.3815,-1.3107,11.8,-4.0,2.8,1.0,1.5,-1831.0,-1857.0,0
46.1956,estop_run,0.9,0.0,0.8453,-0.0136,0.5423,0.0111,1.435,-4.2554,-3.458,-1.3405,11.8,-4.0,2.8,1.0,1.5,-1831.0,-1857.0,0
46.246,estop_run,0.9,0.0,0.8453,-0.0136,0.5423,0.0111,1.435,-4.2554,-3.458,-1.3405,15.8,0.0,0.0,-0.1,0.0,-1147.0,-1128.0,2
46.2963,estop_run,0.9,0.0,0.8453,-0.0136,0.5423,0.0111,1.435,-4.2554,-3.458,-1.3405,15.8,0.0,0.0,-0.1,0.0,-1147.0,-1128.0,2
46.3472,estop_run,0.9,0.0,0.6257,0.0161,0.5423,0.0111,1.435,-4.2554,-3.458,-1.3405,15.8,0.0,0.0,-0.1,0.0,-1147.0,-1128.0,2
46.3976,estop_run,0.9,0.0,0.6257,0.0161,0.151,-0.0066,1.435,-4.2554,-3.458,-1.3405,15.8,0.0,0.0,-0.1,0.0,-1147.0,-1128.0,2
46.448,estop_run,0.9,0.0,0.6257,0.0161,0.151,-0.0066,1.4378,-4.2554,-3.458,-1.3405,15.8,0.0,0.0,-0.1,0.0,-1147.0,-1128.0,2
46.4984,estop_run,0.9,0.0,0.6257,0.0161,0.151,-0.0066,1.4378,-4.2271,-3.5757,-1.3407,15.8,0.0,0.0,-0.1,0.0,-1147.0,-1128.0,2
46.5489,estop_run,0.9,0.0,0.6257,0.0161,0.151,-0.0066,1.4378,-4.2271,-3.5757,-1.3407,13.9,5.4,-5.8,-0.1,-0.1,-381.0,-403.0,2
46.5994,estop_run,0.9,0.0,0.6257,0.0161,0.151,-0.0066,1.4378,-4.2271,-3.5757,-1.3407,13.9,5.4,-5.8,-0.1,-0.1,-381.0,-403.0,2
46.6503,estop_run,0.0,0.0,0.1624,-0.0484,0.151,-0.0066,1.4378,-4.2271,-3.5757,-1.3407,13.9,5.4,-5.8,-0.1,-0.1,-381.0,-403.0,2
46.651,estop_stop,0.0,0.0,0.1624,-0.0484,-0.0096,-0.0017,1.4378,-4.2271,-3.5757,-1.3407,13.9,5.4,-5.8,-0.1,-0.1,-381.0,-403.0,2
46.7014,estop_stop,0.0,0.0,0.1624,-0.0484,-0.0096,-0.0017,1.4471,-4.2271,-3.5757,-1.3407,13.9,5.4,-5.8,-0.1,-0.1,-381.0,-403.0,2
46.7518,estop_stop,0.0,0.0,0.1624,-0.0484,-0.0096,-0.0017,1.4471,-4.2052,-3.6679,-1.3369,13.9,5.4,-5.8,-0.1,-0.1,-381.0,-403.0,2
46.8022,estop_stop,0.0,0.0,0.1624,-0.0484,-0.0096,-0.0017,1.4471,-4.2052,-3.6679,-1.3369,13.3,-3.5,0.9,-0.1,0.0,104.0,31.0,0
46.8526,estop_stop,0.0,0.0,0.1624,-0.0484,-0.0096,-0.0017,1.4471,-4.2052,-3.6679,-1.3369,13.3,-3.5,0.9,-0.1,0.0,104.0,31.0,0
46.9032,estop_stop,0.0,0.0,-0.0029,-0.0145,-0.0096,-0.0017,1.4471,-4.2052,-3.6679,-1.3369,13.3,-3.5,0.9,-0.1,0.0,104.0,31.0,0
46.954,estop_stop,0.0,0.0,-0.0029,-0.0145,-0.0048,-0.0025,1.4471,-4.2052,-3.6679,-1.3369,13.3,-3.5,0.9,-0.1,0.0,104.0,31.0,0
47.0045,estop_stop,0.0,0.0,-0.0029,-0.0145,-0.0048,-0.0025,1.4512,-4.2052,-3.6679,-1.3369,13.3,-3.5,0.9,-0.1,0.0,104.0,31.0,0
47.055,estop_stop,0.0,0.0,-0.0029,-0.0145,-0.0048,-0.0025,1.4512,-4.1907,-3.7264,-1.3383,13.3,-3.5,0.9,-0.1,0.0,104.0,31.0,0
47.1054,estop_stop,0.0,0.0,-0.0029,-0.0145,-0.0048,-0.0025,1.4512,-4.1907,-3.7264,-1.3383,13.2,-0.2,0.0,-0.1,0.0,0.0,0.0,0
47.1557,estop_stop,0.0,0.0,-0.0029,-0.0145,-0.0048,-0.0025,1.4512,-4.1907,-3.7264,-1.3383,13.2,-0.2,0.0,-0.1,0.0,0.0,0.0,0
47.2065,estop_stop,0.0,0.0,0.0,0.0,-0.0048,-0.0025,1.4512,-4.1907,-3.7264,-1.3383,13.2,-0.2,0.0,-0.1,0.0,0.0,0.0,0
47.2573,estop_stop,0.0,0.0,0.0,0.0,-0.0094,-0.0023,1.4512,-4.1907,-3.7264,-1.3383,13.2,-0.2,0.0,-0.1,0.0,0.0,0.0,0
47.3079,estop_stop,0.0,0.0,0.0,0.0,-0.0094,-0.0023,1.4532,-4.1907,-3.7264,-1.3383,13.2,-0.2,0.0,-0.1,0.0,0.0,0.0,0
47.3586,estop_stop,0.0,0.0,0.0,0.0,-0.0094,-0.0023,1.4532,-4.1709,-3.8059,-1.3471,13.2,-0.2,0.0,-0.1,0.0,0.0,0.0,0
47.4091,estop_stop,0.0,0.0,0.0,0.0,-0.0094,-0.0023,1.4532,-4.1709,-3.8059,-1.3471,13.3,-0.1,0.0,-0.1,0.0,0.0,0.0,0
47.4595,estop_stop,0.0,0.0,0.0,0.0,-0.0094,-0.0023,1.4532,-4.1709,-3.8059,-1.3471,13.3,-0.1,0.0,-0.1,0.0,0.0,0.0,0
47.5104,estop_stop,0.0,0.0,0.0,0.0,-0.0094,-0.0023,1.4532,-4.1709,-3.8059,-1.3471,13.3,-0.1,0.0,-0.1,0.0,0.0,0.0,0
47.5613,estop_stop,0.0,0.0,0.0,0.0,-0.0041,-0.0014,1.4532,-4.1709,-3.8059,-1.3471,13.3,-0.1,0.0,-0.1,0.0,0.0,0.0,0
47.6119,estop_stop,0.0,0.0,0.0,0.0,-0.0041,-0.0014,1.4607,-4.1709,-3.8059,-1.3471,13.3,-0.1,0.0,-0.1,0.0,0.0,0.0,0
47.6625,estop_stop,0.0,0.0,0.0,0.0,-0.0041,-0.0014,1.4607,-4.1457,-3.9228,-1.3436,13.3,-0.1,0.0,-0.1,0.0,0.0,0.0,0
47.7131,estop_stop,0.0,0.0,0.0,0.0,-0.0041,-0.0014,1.4607,-4.1457,-3.9228,-1.3436,13.3,-0.1,0.0,-0.1,0.0,0.0,0.0,0
47.7635,estop_stop,0.0,0.0,0.0,0.0,-0.0041,-0.0014,1.4607,-4.1457,-3.9228,-1.3436,13.3,-0.1,0.0,-0.1,0.0,0.0,0.0,0
47.8146,estop_stop,0.0,0.0,0.0,0.0,-0.0041,-0.0014,1.4607,-4.1457,-3.9228,-1.3436,13.3,-0.1,0.0,-0.1,0.0,0.0,0.0,0
47.8651,estop_stop,0.0,0.0,0.0,0.0,0.1386,-0.0146,1.4607,-4.1457,-3.9228,-1.3436,13.3,-0.1,0.0,-0.1,0.0,0.0,0.0,0
47.9157,estop_stop,0.0,0.0,0.0,0.0,0.1386,-0.0146,1.4742,-4.1457,-3.9228,-1.3436,13.3,-0.1,0.0,-0.1,0.0,0.0,0.0,0
47.9663,estop_stop,0.0,0.0,0.0,0.0,0.1386,-0.0146,1.4742,-4.1167,-4.0634,-1.3524,13.3,-0.1,0.0,-0.1,0.0,0.0,0.0,0
48.0166,estop_stop,0.0,0.0,0.0,0.0,0.1386,-0.0146,1.4742,-4.1167,-4.0634,-1.3524,11.6,-11.2,9.8,4.0,6.2,-218.0,-272.0,0
48.0669,estop_stop,0.0,0.0,0.0,0.0,0.1386,-0.0146,1.4742,-4.1167,-4.0634,-1.3524,11.6,-11.2,9.8,4.0,6.2,-218.0,-272.0,0
48.1175,estop_stop,0.0,0.0,0.1387,-0.0482,0.1386,-0.0146,1.4742,-4.1167,-4.0634,-1.3524,11.6,-11.2,9.8,4.0,6.2,-218.0,-272.0,0
48.1681,estop_stop,0.0,0.0,0.1387,-0.0482,0.4503,-0.0278,1.4742,-4.1167,-4.0634,-1.3524,11.6,-11.2,9.8,4.0,6.2,-218.0,-272.0,0
48.2186,estop_stop,0.0,0.0,0.1387,-0.0482,0.4503,-0.0278,1.4748,-4.1167,-4.0634,-1.3524,11.6,-11.2,9.8,4.0,6.2,-218.0,-272.0,0
48.269,estop_stop,0.0,0.0,0.1387,-0.0482,0.4503,-0.0278,1.4748,-4.0053,-4.4007,-1.3432,11.6,-11.2,9.8,4.0,6.2,-218.0,-272.0,0
48.3194,estop_stop,0.0,0.0,0.1387,-0.0482,0.4503,-0.0278,1.4748,-4.0053,-4.4007,-1.3432,10.4,-8.9,8.2,1.5,1.1,-1014.0,-1061.0,0
48.3696,estop_stop,0.0,0.0,0.1387,-0.0482,0.4503,-0.0278,1.4748,-4.0053,-4.4007,-1.3432,10.4,-8.9,8.2,1.5,1.1,-1014.0,-1061.0,0
48.4204,estop_stop,0.0,0.0,0.4481,-0.0467,0.4503,-0.0278,1.4748,-4.0053,-4.4007,-1.3432,10.4,-8.9,8.2,1.5,1.1,-1014.0,-1061.0,0
48.4708,estop_stop,0.0,0.0,0.4481,-0.0467,0.9522,-0.0083,1.4748,-4.0053,-4.4007,-1.3432,10.4,-8.9,8.2,1.5,1.1,-1014.0,-1061.0,0
48.5214,estop_stop,0.0,0.0,0.4481,-0.0467,0.9522,-0.0083,1.4786,-4.0053,-4.4007,-1.3432,10.4,-8.9,8.2,1.5,1.1,-1014.0,-1061.0,0
48.5719,estop_stop,0.0,0.0,0.4481,-0.0467,0.9522,-0.0083,1.4786,-3.9722,-4.5504,-1.345,10.4,-8.9,8.2,1.5,1.1,-1014.0,-1061.0,0
48.6224,estop_stop,0.0,0.0,0.4481,-0.0467,0.9522,-0.0083,1.4786,-3.9722,-4.5504,-1.345,10.7,-6.6,5.3,1.6,2.8,-1557.0,-1561.0,0
48.6727,estop_stop,0.0,0.0,0.4481,-0.0467,0.9522,-0.0083,1.4786,-3.9722,-4.5504,-1.345,10.7,-6.6,5.3,1.6,2.8,-1557.0,-1561.0,0
48.6732,spin_0.5,0.0,0.5,0.7907,-0.0252,0.9522,-0.0083,1.4786,-3.9722,-4.5504,-1.345,10.7,-6.6,5.3,1.6,2.8,-1557.0,-1561.0,0
48.7238,spin_0.5,0.0,0.5,0.7907,-0.0252,0.9858,0.0118,1.4786,-3.9722,-4.5504,-1.345,10.7,-6.6,5.3,1.6,2.8,-1557.0,-1561.0,0
48.7742,spin_0.5,0.0,0.5,0.7907,-0.0252,0.9858,0.0118,1.4699,-3.9722,-4.5504,-1.345,10.7,-6.6,5.3,1.6,2.8,-1557.0,-1561.0,0
48.825,spin_0.5,0.0,0.5,0.7907,-0.0252,0.9858,0.0118,1.4699,-3.9507,-4.6638,-1.3426,10.7,-6.6,5.3,1.6,2.8,-1557.0,-1561.0,0
48.8754,spin_0.5,0.0,0.5,0.7907,-0.0252,0.9858,0.0118,1.4699,-3.9507,-4.6638,-1.3426,11.6,-3.9,3.9,0.8,1.8,-1836.0,-1816.0,0
48.9259,spin_0.5,0.0,0.5,0.7907,-0.0252,0.9858,0.0118,1.4699,-3.9507,-4.6638,-1.3426,11.6,-3.9,3.9,0.8,1.8,-1836.0,-1816.0,0
48.9766,spin_0.5,0.0,0.5,0.9697,-0.0012,0.9858,0.0118,1.4699,-3.9507,-4.6638,-1.3426,11.6,-3.9,3.9,0.8,1.8,-1836.0,-1816.0,0
49.0273,spin_0.5,0.0,0.5,0.9697,-0.0012,0.987,0.0103,1.4699,-3.9507,-4.6638,-1.3426,11.6,-3.9,3.9,0.8,1.8,-1836.0,-1816.0,0
49.0777,spin_0.5,0.0,0.5,0.9697,-0.0012,0.987,0.0103,1.4743,-3.9507,-4.6638,-1.3426,11.6,-3.9,3.9,0.8,1.8,-1836.0,-1816.0,0
49.1284,spin_0.5,0.0,0.5,0.9697,-0.0012,0.987,0.0103,1.4743,-3.9244,-4.8085,-1.3429,11.6,-3.9,3.9,0.8,1.8,-1836.0,-1816.0,0
49.1787,spin_0.5,0.0,0.5,0.9697,-0.0012,0.987,0.0103,1.4743,-3.9244,-4.8085,-1.3429,11.6,-4.3,3.7,1.1,1.8,-1792.0,-1787.0,0
49.229,spin_0.5,0.0,0.5,0.9697,-0.0012,0.987,0.0103,1.4743,-3.9244,-4.8085,-1.3429,11.6,-4.3,3.7,1.1,1.8,-1792.0,-1787.0,0
49.2796,spin_0.5,0.0,0.5,0.9809,0.0,0.987,0.0103,1.4743,-3.9244,-4.8085,-1.3429,11.6,-4.3,3.7,1.1,1.8,-1792.0,-1787.0,0
49.3302,spin_0.5,0.0,0.5,0.9809,0.0,0.9286,0.0209,1.4743,-3.9244,-4.8085,-1.3429,11.6,-4.3,3.7,1.1,1.8,-1792.0,-1787.0,0
49.3807,spin_0.5,0.0,0.5,0.9809,0.0,0.9286,0.0209,1.4722,-3.9244,-4.8085,-1.3429,11.6,-4.3,3.7,1.1,1.8,-1792.0,-1787.0,0
49.4312,spin_0.5,0.0,0.5,0.9809,0.0,0.9286,0.0209,1.4722,-3.8912,-4.9407,-1.3328,11.6,-4.3,3.7,1.1,1.8,-1792.0,-1787.0,0
49.4817,spin_0.5,0.0,0.5,0.9809,0.0,0.9286,0.0209,1.4722,-3.8912,-4.9407,-1.3328,16.1,1.6,-1.5,-0.1,0.0,-1773.0,-1740.0,0
49.532,spin_0.5,0.0,0.5,0.9809,0.0,0.9286,0.0209,1.4722,-3.8912,-4.9407,-1.3328,16.1,1.6,-1.5,-0.1,0.0,-1773.0,-1740.0,0
49.5826,spin_0.5,0.0,0.5,0.9174,0.0323,0.9286,0.0209,1.4722,-3.8912,-4.9407,-1.3328,16.1,1.6,-1.5,-0.1,0.0,-1773.0,-1740.0,0
49.6332,spin_0.5,0.0,0.0,0.9174,0.0323,0.5765,0.0268,1.4722,-3.8912,-4.9407,-1.3328,16.1,1.6,-1.5,-0.1,0.0,-1773.0,-1740.0,0
49.6334,spin_1.0,0.0,0.0,0.9174,0.0323,0.5765,0.0268,1.4719,-3.8912,-4.9407,-1.3328,16.1,1.6,-1.5,-0.1,0.0,-1773.0,-1740.0,0
49.6335,spin_-1.0,0.0,0.0,0.9174,0.0323,0.5765,0.0268,1.4719,-3.8626,-5.0467,-1.3185,16.1,1.6,-1.5,-0.1,0.0,-1773.0,-1740.0,0
49.6336,spin_+360,0.0,0.0,0.9174,0.0323,0.5765,0.0268,1.4719,-3.8626,-5.0467,-1.3185,14.2,0.0,0.0,-0.1,0.0,-1465.0,-1504.0,2
49.6337,spin_-360,0.0,0.0,0.9174,0.0323,0.5765,0.0268,1.4719,-3.8626,-5.0467,-1.3185,14.2,0.0,0.0,-0.1,0.0,-1465.0,-1504.0,2
49.634,idle_end,0.0,0.0,0.9027,0.0161,0.5765,0.0268,1.4719,-3.8626,-5.0467,-1.3185,14.2,0.0,0.0,-0.1,0.0,-1465.0,-1504.0,2
