t,phase,cmd_lin,cmd_ang,odom_v,odom_w,filt_v,filt_w,imu_yaw,amcl_x,amcl_y,amcl_yaw,v_batt,a1,a2,ba1,ba2,rpm1,rpm2,ff
0.0007,idle,0.0,0.0,,,,,0.0,,,0.0,,,,,,,,
0.0513,idle,0.0,0.0,,,,,0.0,,,0.0,,,,,,,,
0.1018,idle,0.0,0.0,,,,,0.0,,,0.0,,,,,,,,
0.1527,idle,0.0,0.0,0.0,0.0,,,0.0,,,0.0,,,,,,,,
0.2031,idle,0.0,0.0,0.0,0.0,,,0.0,,,0.0,13.3,-0.1,0.0,-0.1,0.0,0.0,0.0,0
0.2534,idle,0.0,0.0,0.0,0.0,,,0.0,,,0.0,13.3,-0.1,0.0,-0.1,0.0,0.0,0.0,0
0.304,idle,0.0,0.0,0.0,0.0,,,0.0,,,0.0,13.3,-0.1,0.0,-0.1,0.0,0.0,0.0,0
0.3545,idle,0.0,0.0,0.0,0.0,,,0.0,,,0.0,13.3,0.0,0.0,-0.1,0.0,0.0,0.0,0
0.4049,idle,0.0,0.0,0.0,0.0,,,0.0,,,0.0,13.3,0.0,0.0,-0.1,0.0,0.0,0.0,0
0.456,idle,0.0,0.0,0.0,0.0,,,0.0,,,0.0,13.3,0.0,0.0,-0.1,0.0,0.0,0.0,0
0.5065,idle,0.0,0.0,0.0,0.0,,,0.0,,,0.0,13.3,0.0,0.0,-0.1,0.0,0.0,0.0,0
0.5568,idle,0.0,0.0,0.0,0.0,,,0.0,,,0.0,13.3,0.0,0.0,-0.1,0.0,0.0,0.0,0
0.6077,idle,0.0,0.0,0.0,0.0,,,0.0,,,0.0,13.3,0.0,0.0,-0.1,0.0,0.0,0.0,0
0.6582,idle,0.0,0.0,0.0,0.0,,,0.0,,,0.0,13.3,0.0,0.0,-0.1,0.0,0.0,0.0,0
0.7086,idle,0.0,0.0,0.0,0.0,,,0.0,,,0.0,13.3,0.0,0.0,-0.1,0.0,0.0,0.0,0
0.7592,idle,0.0,0.0,0.0,0.0,,,0.0,,,0.0,13.3,0.0,0.0,-0.1,0.0,0.0,0.0,0
0.8095,idle,0.0,0.0,0.0,0.0,,,0.0,,,0.0,13.2,0.0,0.0,-0.1,0.0,0.0,0.0,0
0.8599,idle,0.0,0.0,0.0,0.0,,,0.0,,,0.0,13.2,0.0,0.0,-0.1,0.0,0.0,0.0,0
0.9107,idle,0.0,0.0,0.0,0.0,,,0.0,,,0.0,13.2,0.0,0.0,-0.1,0.0,0.0,0.0,0
0.9611,idle,0.0,0.0,0.0,0.0,,,0.0,,,0.0,13.3,0.0,0.0,-0.1,0.0,0.0,0.0,0
1.0115,idle,0.0,0.0,0.0,0.0,,,0.0,,,0.0,13.3,0.0,0.0,-0.1,0.0,0.0,0.0,0
1.062,idle,0.0,0.0,0.0,0.0,,,0.0,,,0.0,13.3,0.0,0.0,-0.1,0.0,0.0,0.0,0
1.1124,idle,0.0,0.0,0.0,0.0,,,0.0,,,0.0,13.3,0.0,0.0,-0.1,0.0,0.0,0.0,0
1.1627,idle,0.0,0.0,0.0,0.0,,,0.0,,,0.0,13.3,0.0,0.0,-0.1,0.0,0.0,0.0,0
1.2139,idle,0.0,0.0,0.0,0.0,,,0.0,,,0.0,13.3,0.0,0.0,-0.1,0.0,0.0,0.0,0
1.2644,idle,0.0,0.0,0.0,0.0,,,0.0,,,0.0,13.3,0.0,0.0,-0.1,0.0,0.0,0.0,0
1.3148,idle,0.0,0.0,0.0,0.0,,,0.0,,,0.0,13.3,0.0,0.0,-0.1,0.0,0.0,0.0,0
1.3657,idle,0.0,0.0,0.0,0.0,,,0.0,,,0.0,13.3,0.0,0.0,-0.1,0.0,0.0,0.0,0
1.4169,idle,0.0,0.0,0.0,0.0,,,0.0,,,0.0,13.2,0.0,0.0,-0.1,0.0,0.0,0.0,0
1.4672,idle,0.0,0.0,0.0,0.0,,,0.0,,,0.0,13.2,0.0,0.0,-0.1,0.0,0.0,0.0,0
1.5184,idle,0.0,0.0,0.0,0.0,,,0.0,,,0.0,13.2,0.0,0.0,-0.1,0.0,0.0,0.0,0
1.5688,idle,0.0,0.0,0.0,0.0,,,0.0,,,0.0,13.3,-0.1,0.0,-0.1,0.0,0.0,0.0,0
1.6191,idle,0.0,0.0,0.0,0.0,,,0.0,,,0.0,13.3,-0.1,0.0,-0.1,0.0,0.0,0.0,0
1.6699,idle,0.0,0.0,0.0,0.0,,,0.0,,,0.0,13.3,-0.1,0.0,-0.1,0.0,0.0,0.0,0
1.7205,idle,0.0,0.0,0.0,0.0,,,0.0,,,0.0,13.3,0.0,0.0,-0.1,0.0,0.0,0.0,0
1.7708,idle,0.0,0.0,0.0,0.0,,,0.0,,,0.0,13.3,0.0,0.0,-0.1,0.0,0.0,0.0,0
1.8223,idle,0.0,0.0,0.0,0.0,,,0.0,,,0.0,13.3,0.0,0.0,-0.1,0.0,0.0,0.0,0
1.8731,idle,0.0,0.0,0.0,0.0,,,2.0588,,,0.0,13.3,0.0,0.0,-0.1,0.0,0.0,0.0,0
1.9237,idle,0.0,0.0,0.0,0.0,,,2.0588,,,0.0,13.3,0.0,0.0,-0.1,0.0,0.0,0.0,0
1.9741,idle,0.0,0.0,0.0,0.0,,,2.0588,,,0.0,13.3,0.0,0.0,-0.1,0.0,0.0,0.0,0
2.025,idle,0.0,0.0,0.0,0.0,,,2.0588,,,0.0,13.3,0.0,0.0,-0.1,0.0,0.0,0.0,0
2.0755,idle,0.0,0.0,0.0,0.0,,,2.0588,,,0.0,13.3,0.0,0.0,-0.1,0.0,0.0,0.0,0
2.1258,idle,0.0,0.0,0.0,0.0,,,2.0588,,,0.0,13.3,0.0,0.0,-0.1,0.0,0.0,0.0,0
2.1761,idle,0.0,0.0,0.0,0.0,,,2.0588,,,0.0,13.3,0.0,0.0,-0.1,0.0,0.0,0.0,0
2.2269,idle,0.0,0.0,0.0,0.0,,,2.0588,,,0.0,13.3,0.0,0.0,-0.1,0.0,0.0,0.0,0
2.2775,idle,0.0,0.0,0.0,0.0,-0.0,0.0,2.0588,,,0.0,13.3,0.0,0.0,-0.1,0.0,0.0,0.0,0
2.3282,idle,0.0,0.0,0.0,0.0,-0.0,0.0,2.0588,,,0.0,13.3,0.0,0.0,-0.1,0.0,0.0,0.0,0
2.3786,idle,0.0,0.0,0.0,0.0,-0.0,0.0,2.0588,,,0.0,13.3,-0.1,0.0,-0.1,0.0,0.0,0.0,0
2.4289,idle,0.0,0.0,0.0,0.0,-0.0,0.0,2.0588,,,0.0,13.3,-0.1,0.0,-0.1,0.0,0.0,0.0,0
2.48,idle,0.0,0.0,0.0,0.0,-0.0,0.0,2.0588,,,0.0,13.3,-0.1,0.0,-0.1,0.0,0.0,0.0,0
2.5307,idle,0.0,0.0,0.0,0.0,-0.0,0.0,2.0588,,,0.0,13.3,-0.1,0.0,-0.1,0.0,0.0,0.0,0
2.5813,idle,0.0,0.0,0.0,0.0,-0.0,0.0,2.0588,,,0.0,13.3,-0.1,0.0,-0.1,0.0,0.0,0.0,0
2.6318,idle,0.0,0.0,0.0,0.0,-0.0,0.0,2.0588,,,0.0,13.2,0.0,0.0,-0.1,0.0,0.0,0.0,0
2.6823,idle,0.0,0.0,0.0,0.0,-0.0,0.0,2.0588,,,0.0,13.2,0.0,0.0,-0.1,0.0,0.0,0.0,0
2.7332,idle,0.0,0.0,0.0,0.0,-0.0,0.0,2.0588,,,0.0,13.2,0.0,0.0,-0.1,0.0,0.0,0.0,0
2.7839,idle,0.0,0.0,0.0,0.0,-0.0,0.0,2.0588,,,0.0,13.2,0.0,0.0,-0.1,0.0,0.0,0.0,0
2.8344,idle,0.0,0.0,0.0,0.0,-0.0,0.0,2.0588,,,0.0,13.2,0.0,0.0,-0.1,0.0,0.0,0.0,0
2.8851,idle,0.0,0.0,0.0,0.0,-0.0,0.0,2.0588,,,0.0,13.3,0.0,0.0,-0.1,0.0,0.0,0.0,0
2.9356,idle,0.0,0.0,0.0,0.0,-0.0,0.0,2.0588,,,0.0,13.3,0.0,0.0,-0.1,0.0,0.0,0.0,0
2.9868,idle,0.0,0.0,0.0,0.0,-0.0,0.0,2.0588,,,0.0,13.3,0.0,0.0,-0.1,0.0,0.0,0.0,0
3.0374,idle,0.0,0.0,0.0,0.0,-0.0,0.0,2.0588,,,0.0,13.3,0.0,0.0,-0.1,0.0,0.0,0.0,0
3.0881,idle,0.0,0.0,0.0,0.0,-0.0,0.0,2.0588,,,0.0,13.3,0.0,0.0,-0.1,0.0,0.0,0.0,0
3.1386,idle,0.0,0.0,0.0,0.0,-0.0,0.0,2.0588,,,0.0,13.2,0.0,0.0,-0.1,0.0,0.0,0.0,0
3.189,idle,0.0,0.0,0.0,0.0,-0.0,0.0,2.0588,,,0.0,13.2,0.0,0.0,-0.1,0.0,0.0,0.0,0
3.2402,idle,0.0,0.0,0.0,0.0,-0.0,0.0,2.0588,,,0.0,13.2,0.0,0.0,-0.1,0.0,0.0,0.0,0
3.291,idle,0.0,0.0,0.0,0.0,-0.0,0.0,2.0588,,,0.0,13.2,0.0,0.0,-0.1,0.0,0.0,0.0,0
3.3414,idle,0.0,0.0,0.0,0.0,-0.0,0.0,2.0588,,,0.0,13.2,0.0,0.0,-0.1,0.0,0.0,0.0,0
3.3918,idle,0.0,0.0,0.0,0.0,-0.0,0.0,2.0588,,,0.0,13.3,-0.1,0.0,0.0,0.0,0.0,0.0,0
3.4421,idle,0.0,0.0,0.0,0.0,-0.0,0.0,2.0588,,,0.0,13.3,-0.1,0.0,0.0,0.0,0.0,0.0,0
3.493,idle,0.0,0.0,0.0,0.0,-0.0,0.0,2.0588,,,0.0,13.3,-0.1,0.0,0.0,0.0,0.0,0.0,0
3.5435,idle,0.0,0.0,0.0,0.0,-0.0,0.0,2.0588,,,0.0,13.3,-0.1,0.0,0.0,0.0,0.0,0.0,0
3.594,idle,0.0,0.0,0.0,0.0,-0.0,0.0,2.0588,,,0.0,13.3,-0.1,0.0,0.0,0.0,0.0,0.0,0
3.6444,idle,0.0,0.0,0.0,0.0,-0.0,0.0,2.0588,,,0.0,13.3,0.0,0.0,-0.1,0.0,0.0,0.0,0
3.6948,idle,0.0,0.0,0.0,0.0,-0.0,0.0,2.0588,,,0.0,13.3,0.0,0.0,-0.1,0.0,0.0,0.0,0
3.7457,idle,0.0,0.0,0.0,0.0,-0.0,0.0,2.0588,,,0.0,13.3,0.0,0.0,-0.1,0.0,0.0,0.0,0
3.7962,idle,0.0,0.0,0.0,0.0,-0.0,0.0,2.0588,,,0.0,13.3,0.0,0.0,-0.1,0.0,0.0,0.0,0
3.8468,idle,0.0,0.0,0.0,0.0,-0.0,0.0,2.0588,,,0.0,13.3,0.0,0.0,-0.1,0.0,0.0,0.0,0
3.8972,idle,0.0,0.0,0.0,0.0,-0.0,0.0,2.0588,,,0.0,13.3,-0.1,0.0,-0.1,0.0,0.0,0.0,0
3.9475,idle,0.0,0.0,0.0,0.0,-0.0,0.0,2.0588,,,0.0,13.3,-0.1,0.0,-0.1,0.0,0.0,0.0,0
3.9984,idle,0.0,0.0,0.0,0.0,-0.0,0.0,2.0588,,,0.0,13.3,-0.1,0.0,-0.1,0.0,0.0,0.0,0
4.049,idle,0.0,0.0,0.0,0.0,-0.0,0.0,2.0588,,,0.0,13.3,-0.1,0.0,-0.1,0.0,0.0,0.0,0
4.0995,idle,0.0,0.0,0.0,0.0,-0.0,0.0,2.0588,,,0.0,13.3,-0.1,0.0,-0.1,0.0,0.0,0.0,0
4.1502,idle,0.0,0.0,0.0,0.0,-0.0,0.0,2.0588,,,0.0,13.3,-0.1,0.0,-0.1,0.0,0.0,0.0,0
4.2006,idle,0.0,0.0,0.0,0.0,-0.0,0.0,2.0588,,,0.0,13.3,-0.1,0.0,-0.1,0.0,0.0,0.0,0
4.2516,idle,0.0,0.0,0.0,0.0,-0.0,0.0,2.0588,,,0.0,13.3,-0.1,0.0,-0.1,0.0,0.0,0.0,0
4.3021,idle,0.0,0.0,0.0,0.0,-0.0,0.0,2.0588,,,0.0,13.3,-0.1,0.0,-0.1,0.0,0.0,0.0,0
4.3527,idle,0.0,0.0,0.0,0.0,-0.0,0.0,2.0588,,,0.0,13.3,-0.1,0.0,-0.1,0.0,0.0,0.0,0
4.4032,idle,0.0,0.0,0.0,0.0,-0.0,0.0,2.0588,,,0.0,13.3,0.0,0.0,-0.1,0.0,0.0,0.0,0
4.4538,idle,0.0,0.0,0.0,0.0,-0.0,0.0,2.0588,,,0.0,13.3,0.0,0.0,-0.1,0.0,0.0,0.0,0
4.5051,idle,0.0,0.0,0.0,0.0,-0.0,0.0,2.0588,,,0.0,13.3,0.0,0.0,-0.1,0.0,0.0,0.0,0
4.5559,idle,0.0,0.0,0.0,0.0,-0.0,0.0,2.0588,,,0.0,13.3,0.0,0.0,-0.1,0.0,0.0,0.0,0
4.6064,idle,0.0,0.0,0.0,0.0,-0.0,0.0,2.0588,,,0.0,13.3,0.0,0.0,-0.1,0.0,0.0,0.0,0
4.6569,idle,0.0,0.0,0.0,0.0,-0.0,0.0,2.0588,,,0.0,13.3,0.0,0.0,-0.1,0.0,0.0,0.0,0
4.7072,idle,0.0,0.0,0.0,0.0,-0.0,0.0,2.0588,,,0.0,13.3,0.0,0.0,-0.1,0.0,0.0,0.0,0
4.758,idle,0.0,0.0,0.0,0.0,-0.0,0.0,2.0588,,,0.0,13.3,0.0,0.0,-0.1,0.0,0.0,0.0,0
4.8085,idle,0.0,0.0,0.0,0.0,-0.0,0.0,2.0588,,,0.0,13.3,0.0,0.0,-0.1,0.0,0.0,0.0,0
4.8591,idle,0.0,0.0,0.0,0.0,-0.0,0.0,2.0588,,,0.0,13.3,0.0,0.0,-0.1,0.0,0.0,0.0,0
4.9095,idle,0.0,0.0,0.0,0.0,-0.0,0.0,2.0588,,,0.0,13.3,-0.1,0.0,-0.1,0.0,0.0,0.0,0
4.9598,idle,0.0,0.0,0.0,0.0,-0.0,0.0,2.0588,,,0.0,13.3,-0.1,0.0,-0.1,0.0,0.0,0.0,0
5.0105,idle,0.0,0.0,0.0,0.0,-0.0,0.0,2.0588,,,0.0,13.3,-0.1,0.0,-0.1,0.0,0.0,0.0,0
5.0611,idle,0.0,0.0,0.0,0.0,-0.0,0.0,2.0588,,,0.0,13.3,-0.1,0.0,-0.1,0.0,0.0,0.0,0
5.1115,idle,0.0,0.0,0.0,0.0,-0.0,0.0,2.0588,,,0.0,13.3,-0.1,0.0,-0.1,0.0,0.0,0.0,0
5.162,idle,0.0,0.0,0.0,0.0,-0.0,0.0,2.0588,,,0.0,13.3,0.0,0.0,-0.1,0.0,0.0,0.0,0
5.2123,idle,0.0,0.0,0.0,0.0,-0.0,0.0,2.0588,,,0.0,13.3,0.0,0.0,-0.1,0.0,0.0,0.0,0
5.2632,idle,0.0,0.0,0.0,0.0,-0.0,0.0,2.0588,,,0.0,13.3,0.0,0.0,-0.1,0.0,0.0,0.0,0
5.3139,idle,0.0,0.0,0.0,0.0,-0.0,0.0,2.0588,,,0.0,13.3,0.0,0.0,-0.1,0.0,0.0,0.0,0
5.3645,idle,0.0,0.0,0.0,0.0,-0.0,0.0,2.0588,,,0.0,13.3,0.0,0.0,-0.1,0.0,0.0,0.0,0
5.4149,idle,0.0,0.0,0.0,0.0,-0.0,0.0,2.0588,,,0.0,13.3,-0.1,0.0,-0.1,0.0,0.0,0.0,0
5.4652,idle,0.0,0.0,0.0,0.0,-0.0,0.0,2.0588,,,0.0,13.3,-0.1,0.0,-0.1,0.0,0.0,0.0,0
5.5159,idle,0.0,0.0,0.0,0.0,-0.0,0.0,2.0588,,,0.0,13.3,-0.1,0.0,-0.1,0.0,0.0,0.0,0
5.5664,idle,0.0,0.0,0.0,0.0,-0.0,0.0,2.0588,,,0.0,13.3,-0.1,0.0,-0.1,0.0,0.0,0.0,0
5.6169,idle,0.0,0.0,0.0,0.0,-0.0,0.0,2.0588,,,0.0,13.3,-0.1,0.0,-0.1,0.0,0.0,0.0,0
5.6673,idle,0.0,0.0,0.0,0.0,-0.0,0.0,2.0588,,,0.0,13.3,0.0,0.0,-0.1,0.0,0.0,0.0,0
5.7176,idle,0.0,0.0,0.0,0.0,-0.0,0.0,2.0588,,,0.0,13.3,0.0,0.0,-0.1,0.0,0.0,0.0,0
5.7682,idle,0.0,0.0,0.0,0.0,-0.0,0.0,2.0588,,,0.0,13.3,0.0,0.0,-0.1,0.0,0.0,0.0,0
5.8189,idle,0.0,0.0,0.0,0.0,-0.0,0.0,2.0588,,,0.0,13.3,0.0,0.0,-0.1,0.0,0.0,0.0,0
5.8693,idle,0.0,0.0,0.0,0.0,-0.0,0.0,2.0588,,,0.0,13.3,0.0,0.0,-0.1,0.0,0.0,0.0,0
5.9198,idle,0.0,0.0,0.0,0.0,-0.0,0.0,2.0588,,,0.0,13.3,0.0,0.0,-0.1,0.0,0.0,0.0,0
5.97,idle,0.0,0.0,0.0,0.0,-0.0,0.0,2.0588,,,0.0,13.3,0.0,0.0,-0.1,0.0,0.0,0.0,0
6.0211,idle,0.0,0.0,0.0,0.0,-0.0,0.0,2.0588,,,0.0,13.3,0.0,0.0,-0.1,0.0,0.0,0.0,0
6.0717,idle,0.0,0.0,0.0,0.0,-0.0,0.0,2.0588,,,0.0,13.3,0.0,0.0,-0.1,0.0,0.0,0.0,0
6.1225,idle,0.0,0.0,0.0,0.0,-0.0,0.0,2.0588,,,0.0,13.3,0.0,0.0,-0.1,0.0,0.0,0.0,0
6.1731,idle,0.0,0.0,0.0,0.0,-0.0,0.0,2.0588,,,0.0,13.3,0.0,0.0,-0.1,0.0,0.0,0.0,0
6.2235,idle,0.0,0.0,0.0,0.0,-0.0,0.0,2.0588,,,0.0,13.3,0.0,0.0,-0.1,0.0,0.0,0.0,0
6.2742,idle,0.0,0.0,0.0,0.0,-0.0,0.0,2.0588,,,0.0,13.3,0.0,0.0,-0.1,0.0,0.0,0.0,0
6.3248,idle,0.0,0.0,0.0,0.0,-0.0,0.0,2.0588,,,0.0,13.3,0.0,0.0,-0.1,0.0,0.0,0.0,0
6.3753,idle,0.0,0.0,0.0,0.0,-0.0,0.0,2.0588,,,0.0,13.3,0.0,0.0,-0.1,0.0,0.0,0.0,0
6.4259,idle,0.0,0.0,0.0,0.0,-0.0,0.0,2.0588,,,0.0,13.2,0.0,0.0,-0.1,0.0,0.0,0.0,0
6.4762,idle,0.0,0.0,0.0,0.0,-0.0,0.0,2.0588,,,0.0,13.2,0.0,0.0,-0.1,0.0,0.0,0.0,0
6.5271,idle,0.0,0.0,0.0,0.0,-0.0,0.0,2.0588,,,0.0,13.2,0.0,0.0,-0.1,0.0,0.0,0.0,0
6.5775,idle,0.0,0.0,0.0,0.0,-0.0,0.0,2.0588,,,0.0,13.2,0.0,0.0,-0.1,0.0,0.0,0.0,0
6.628,idle,0.0,0.0,0.0,0.0,-0.0,0.0,2.0588,,,0.0,13.2,0.0,0.0,-0.1,0.0,0.0,0.0,0
6.6784,idle,0.0,0.0,0.0,0.0,-0.0,0.0,2.0588,,,0.0,13.3,0.0,0.0,-0.1,0.0,0.0,0.0,0
6.7287,idle,0.0,0.0,0.0,0.0,-0.0,0.0,2.0588,,,0.0,13.3,0.0,0.0,-0.1,0.0,0.0,0.0,0
6.7796,idle,0.0,0.0,0.0,0.0,-0.0,0.0,2.0588,,,0.0,13.3,0.0,0.0,-0.1,0.0,0.0,0.0,0
6.8305,idle,0.0,0.0,0.0,0.0,-0.0,0.0,2.0588,,,0.0,13.3,0.0,0.0,-0.1,0.0,0.0,0.0,0
6.8809,idle,0.0,0.0,0.0,0.0,-0.0,0.0,2.0588,,,0.0,13.3,0.0,0.0,-0.1,0.0,0.0,0.0,0
6.9313,idle,0.0,0.0,0.0,0.0,-0.0,0.0,2.0588,,,0.0,13.2,0.0,0.0,-0.1,0.0,0.0,0.0,0
6.9815,idle,0.0,0.0,0.0,0.0,-0.0,0.0,2.0588,,,0.0,13.2,0.0,0.0,-0.1,0.0,0.0,0.0,0
7.0322,idle,0.0,0.0,0.0,0.0,-0.0,0.0,2.0588,,,0.0,13.2,0.0,0.0,-0.1,0.0,0.0,0.0,0
7.0826,idle,0.0,0.0,0.0,0.0,-0.0,0.0,2.0588,,,0.0,13.2,0.0,0.0,-0.1,0.0,0.0,0.0,0
7.1331,idle,0.0,0.0,0.0,0.0,-0.0,0.0,2.0588,,,0.0,13.2,0.0,0.0,-0.1,0.0,0.0,0.0,0
7.1834,idle,0.0,0.0,0.0,0.0,-0.0,0.0,2.0588,,,0.0,13.3,-0.1,0.0,-0.1,0.0,0.0,0.0,0
7.2337,idle,0.0,0.0,0.0,0.0,-0.0,0.0,2.0588,,,0.0,13.3,-0.1,0.0,-0.1,0.0,0.0,0.0,0
7.2846,idle,0.0,0.0,0.0,0.0,-0.0,0.0,2.0588,,,0.0,13.3,-0.1,0.0,-0.1,0.0,0.0,0.0,0
7.3351,idle,0.0,0.0,0.0,0.0,-0.0,0.0,2.0588,,,0.0,13.3,-0.1,0.0,-0.1,0.0,0.0,0.0,0
7.3857,idle,0.0,0.0,0.0,0.0,-0.0,0.0,2.0588,,,0.0,13.3,-0.1,0.0,-0.1,0.0,0.0,0.0,0
7.4361,idle,0.0,0.0,0.0,0.0,-0.0,0.0,2.0588,,,0.0,13.3,0.0,0.0,-0.1,0.0,0.0,0.0,0
7.4863,idle,0.0,0.0,0.0,0.0,-0.0,0.0,2.0588,,,0.0,13.3,0.0,0.0,-0.1,0.0,0.0,0.0,0
7.5369,idle,0.0,0.0,0.0,0.0,-0.0,0.0,2.0588,,,0.0,13.3,0.0,0.0,-0.1,0.0,0.0,0.0,0
7.5874,idle,0.0,0.0,0.0,0.0,-0.0,0.0,2.0588,,,0.0,13.3,0.0,0.0,-0.1,0.0,0.0,0.0,0
7.6378,idle,0.0,0.0,0.0,0.0,-0.0,0.0,2.0588,,,0.0,13.3,0.0,0.0,-0.1,0.0,0.0,0.0,0
7.6882,idle,0.0,0.0,0.0,0.0,-0.0,0.0,2.0588,,,0.0,13.3,0.0,0.0,-0.1,0.0,0.0,0.0,0
7.7385,idle,0.0,0.0,0.0,0.0,-0.0,0.0,2.0588,,,0.0,13.3,0.0,0.0,-0.1,0.0,0.0,0.0,0
7.7892,idle,0.0,0.0,0.0,0.0,-0.0,0.0,2.0588,,,0.0,13.3,0.0,0.0,-0.1,0.0,0.0,0.0,0
7.8397,idle,0.0,0.0,0.0,0.0,-0.0,0.0,2.0588,,,0.0,13.3,0.0,0.0,-0.1,0.0,0.0,0.0,0
7.8901,idle,0.0,0.0,0.0,0.0,-0.0,0.0,2.0588,,,0.0,13.3,0.0,0.0,-0.1,0.0,0.0,0.0,0
7.9405,idle,0.0,0.0,0.0,0.0,-0.0,0.0,2.0588,,,0.0,13.3,0.0,0.0,-0.1,0.0,0.0,0.0,0
7.9908,idle,0.0,0.0,0.0,0.0,-0.0,0.0,2.0588,,,0.0,13.3,0.0,0.0,-0.1,0.0,0.0,0.0,0
8.0414,idle,0.0,0.0,0.0,0.0,-0.0,0.0,2.0588,,,0.0,13.3,0.0,0.0,-0.1,0.0,0.0,0.0,0
8.092,idle,0.0,0.0,0.0,0.0,-0.0,0.0,2.0588,,,0.0,13.3,0.0,0.0,-0.1,0.0,0.0,0.0,0
8.1425,idle,0.0,0.0,0.0,0.0,-0.0,0.0,2.0588,,,0.0,13.3,0.0,0.0,-0.1,0.0,0.0,0.0,0
8.193,idle,0.0,0.0,0.0,0.0,-0.0,0.0,2.0588,,,0.0,13.3,0.0,0.0,-0.1,0.0,0.0,0.0,0
8.2432,idle,0.0,0.0,0.0,0.0,-0.0,0.0,2.0588,,,0.0,13.3,0.0,0.0,-0.1,0.0,0.0,0.0,0
8.2941,idle,0.0,0.0,0.0,0.0,-0.0,0.0,2.0588,,,0.0,13.3,0.0,0.0,-0.1,0.0,0.0,0.0,0
8.3446,idle,0.0,0.0,0.0,0.0,-0.0,0.0,2.0588,,,0.0,13.3,0.0,0.0,-0.1,0.0,0.0,0.0,0
8.3952,idle,0.0,0.0,0.0,0.0,-0.0,0.0,2.0588,,,0.0,13.3,0.0,0.0,-0.1,0.0,0.0,0.0,0
8.4456,idle,0.0,0.0,0.0,0.0,-0.0,0.0,2.0588,,,0.0,13.3,0.0,0.0,-0.1,0.0,0.0,0.0,0
8.496,idle,0.0,0.0,0.0,0.0,-0.0,0.0,2.0588,,,0.0,13.3,0.0,0.0,-0.1,0.0,0.0,0.0,0
8.5467,idle,0.0,0.0,0.0,0.0,-0.0,0.0,2.0588,,,0.0,13.3,0.0,0.0,-0.1,0.0,0.0,0.0,0
8.5972,idle,0.0,0.0,0.0,0.0,-0.0,0.0,2.0588,,,0.0,13.3,0.0,0.0,-0.1,0.0,0.0,0.0,0
8.6476,idle,0.0,0.0,0.0,0.0,-0.0,0.0,2.0588,,,0.0,13.3,0.0,0.0,-0.1,0.0,0.0,0.0,0
8.6982,idle,0.0,0.0,0.0,0.0,-0.0,0.0,2.0588,,,0.0,13.2,-0.1,0.0,-0.1,0.0,0.0,0.0,0
8.7485,idle,0.0,0.0,0.0,0.0,-0.0,0.0,2.0588,,,0.0,13.2,-0.1,0.0,-0.1,0.0,0.0,0.0,0
8.7994,idle,0.0,0.0,0.0,0.0,-0.0,0.0,2.0588,,,0.0,13.2,-0.1,0.0,-0.1,0.0,0.0,0.0,0
8.85,idle,0.0,0.0,0.0,0.0,-0.0,0.0,2.0588,,,0.0,13.2,-0.1,0.0,-0.1,0.0,0.0,0.0,0
8.9007,idle,0.0,0.0,0.0,0.0,-0.0,0.0,2.0588,,,0.0,13.2,-0.1,0.0,-0.1,0.0,0.0,0.0,0
8.9511,idle,0.0,0.0,0.0,0.0,-0.0,0.0,2.0588,,,0.0,13.3,0.0,0.0,-0.1,0.0,0.0,0.0,0
9.0015,idle,0.0,0.0,0.0,0.0,-0.0,0.0,2.0588,,,0.0,13.3,0.0,0.0,-0.1,0.0,0.0,0.0,0
9.0522,idle,0.0,0.0,0.0,0.0,-0.0,0.0,2.0588,,,0.0,13.3,0.0,0.0,-0.1,0.0,0.0,0.0,0
9.1027,idle,0.0,0.0,0.0,0.0,-0.0,0.0,2.0588,,,0.0,13.3,0.0,0.0,-0.1,0.0,0.0,0.0,0
9.1531,idle,0.0,0.0,0.0,0.0,-0.0,0.0,2.0588,,,0.0,13.3,0.0,0.0,-0.1,0.0,0.0,0.0,0
9.2036,idle,0.0,0.0,0.0,0.0,-0.0,0.0,2.0588,,,0.0,13.3,0.0,0.0,-0.1,0.0,0.0,0.0,0
9.2539,idle,0.0,0.0,0.0,0.0,-0.0,0.0,2.0588,,,0.0,13.3,0.0,0.0,-0.1,0.0,0.0,0.0,0
9.3047,idle,0.0,0.0,0.0,0.0,-0.0,0.0,2.0588,,,0.0,13.3,0.0,0.0,-0.1,0.0,0.0,0.0,0
9.3551,idle,0.0,0.0,0.0,0.0,-0.0,-0.0,2.0588,,,0.0,13.3,0.0,0.0,-0.1,0.0,0.0,0.0,0
9.4056,idle,0.0,0.0,0.0,0.0,-0.0,-0.0,2.0588,,,0.0,13.3,0.0,0.0,-0.1,0.0,0.0,0.0,0
9.456,idle,0.0,0.0,0.0,0.0,-0.0,-0.0,2.0588,,,0.0,13.2,0.0,0.0,-0.1,0.0,0.0,0.0,0
9.5063,idle,0.0,0.0,0.0,0.0,-0.0,-0.0,2.0588,,,0.0,13.2,0.0,0.0,-0.1,0.0,0.0,0.0,0
9.5569,idle,0.0,0.0,0.0,0.0,-0.0,-0.0,2.0588,,,0.0,13.2,0.0,0.0,-0.1,0.0,0.0,0.0,0
9.6073,idle,0.0,0.0,0.0,0.0,-0.0,-0.0,2.0588,,,0.0,13.2,0.0,0.0,-0.1,0.0,0.0,0.0,0
9.6578,idle,0.0,0.0,0.0,0.0,-0.0,-0.0,2.0588,,,0.0,13.2,0.0,0.0,-0.1,0.0,0.0,0.0,0
9.7083,idle,0.0,0.0,0.0,0.0,-0.0,-0.0,2.0588,,,0.0,13.2,0.0,0.0,-0.1,0.0,0.0,0.0,0
9.7586,idle,0.0,0.0,0.0,0.0,-0.0,-0.0,2.0588,,,0.0,13.2,0.0,0.0,-0.1,0.0,0.0,0.0,0
9.8093,idle,0.0,0.0,0.0,0.0,-0.0,-0.0,2.0588,,,0.0,13.2,0.0,0.0,-0.1,0.0,0.0,0.0,0
9.8598,idle,0.0,0.0,0.0,0.0,-0.0,-0.0,2.0588,,,0.0,13.2,0.0,0.0,-0.1,0.0,0.0,0.0,0
9.9102,idle,0.0,0.0,0.0,0.0,-0.0,-0.0,2.0588,,,0.0,13.2,0.0,0.0,-0.1,0.0,0.0,0.0,0
9.9606,idle,0.0,0.0,0.0,0.0,-0.0,-0.0,2.0588,,,0.0,13.3,0.0,0.0,-0.1,0.0,0.0,0.0,0
10.011,idle,0.0,0.0,0.0,0.0,-0.0,-0.0,2.0588,,,0.0,13.3,0.0,0.0,-0.1,0.0,0.0,0.0,0
10.0618,idle,0.0,0.0,0.0,0.0,-0.0,-0.0,2.0588,,,0.0,13.3,0.0,0.0,-0.1,0.0,0.0,0.0,0
10.1123,idle,0.0,0.0,0.0,0.0,-0.0,-0.0,2.0588,,,0.0,13.3,0.0,0.0,-0.1,0.0,0.0,0.0,0
10.1631,idle,0.0,0.0,0.0,0.0,-0.0,-0.0,2.0588,,,0.0,13.3,0.0,0.0,-0.1,0.0,0.0,0.0,0
10.2135,idle,0.0,0.0,0.0,0.0,-0.0,-0.0,2.0588,,,0.0,13.3,0.0,0.0,-0.1,0.0,0.0,0.0,0
10.2639,idle,0.0,0.0,0.0,0.0,-0.0,-0.0,2.0588,,,0.0,13.3,0.0,0.0,-0.1,0.0,0.0,0.0,0
10.3145,idle,0.0,0.0,0.0,0.0,-0.0,-0.0,2.0588,,,0.0,13.3,0.0,0.0,-0.1,0.0,0.0,0.0,0
10.3651,idle,0.0,0.0,0.0,0.0,-0.0,-0.0,2.0588,,,0.0,13.3,0.0,0.0,-0.1,0.0,0.0,0.0,0
10.4155,idle,0.0,0.0,0.0,0.0,-0.0,-0.0,2.0588,,,0.0,13.3,0.0,0.0,-0.1,0.0,0.0,0.0,0
10.4659,idle,0.0,0.0,0.0,0.0,-0.0,-0.0,2.0588,,,0.0,13.3,0.0,0.0,-0.1,0.0,0.0,0.0,0
10.5163,idle,0.0,0.0,0.0,0.0,-0.0,-0.0,2.0588,,,0.0,13.3,0.0,0.0,-0.1,0.0,0.0,0.0,0
10.5672,idle,0.0,0.0,0.0,0.0,-0.0,-0.0,2.0588,,,0.0,13.3,0.0,0.0,-0.1,0.0,0.0,0.0,0
10.618,idle,0.0,0.0,0.0,0.0,-0.0,-0.0,2.0588,,,0.0,13.3,0.0,0.0,-0.1,0.0,0.0,0.0,0
10.6687,idle,0.0,0.0,0.0,0.0,-0.0,-0.0,2.0588,,,0.0,13.3,0.0,0.0,-0.1,0.0,0.0,0.0,0
10.7193,idle,0.0,0.0,0.0,0.0,-0.0,-0.0,2.0588,,,0.0,13.3,0.0,0.0,-0.1,0.0,0.0,0.0,0
10.7696,idle,0.0,0.0,0.0,0.0,-0.0,-0.0,2.0588,,,0.0,13.3,0.0,0.0,-0.1,0.0,0.0,0.0,0
10.8207,idle,0.0,0.0,0.0,0.0,-0.0,-0.0,2.0588,,,0.0,13.3,0.0,0.0,-0.1,0.0,0.0,0.0,0
10.8716,idle,0.0,0.0,0.0,0.0,-0.0,-0.0,2.0588,,,0.0,13.3,0.0,0.0,-0.1,0.0,0.0,0.0,0
10.9222,idle,0.0,0.0,0.0,0.0,-0.0,-0.0,2.0588,,,0.0,13.3,0.0,0.0,-0.1,0.0,0.0,0.0,0
10.9735,idle,0.0,0.0,0.0,0.0,-0.0,-0.0,2.0588,,,0.0,13.3,0.0,0.0,-0.1,0.0,0.0,0.0,0
11.0239,idle,0.0,0.0,0.0,0.0,-0.0,-0.0,2.0588,,,0.0,13.3,0.0,0.0,-0.1,0.0,0.0,0.0,0
11.0749,idle,0.0,0.0,0.0,0.0,-0.0,-0.0,2.0588,,,0.0,13.3,0.0,0.0,-0.1,0.0,0.0,0.0,0
11.1255,idle,0.0,0.0,0.0,0.0,-0.0,-0.0,2.0588,,,0.0,13.3,0.0,0.0,-0.1,0.0,0.0,0.0,0
11.176,idle,0.0,0.0,0.0,0.0,-0.0,-0.0,2.0588,,,0.0,13.3,0.0,0.0,-0.1,0.0,0.0,0.0,0
11.2265,idle,0.0,0.0,0.0,0.0,-0.0,-0.0,2.0588,,,0.0,13.3,0.0,0.0,-0.1,0.0,0.0,0.0,0
11.2769,idle,0.0,0.0,0.0,0.0,-0.0,-0.0,2.0588,,,0.0,13.3,0.0,0.0,-0.1,0.0,0.0,0.0,0
11.3276,idle,0.0,0.0,0.0,0.0,-0.0,-0.0,2.0588,,,0.0,13.3,0.0,0.0,-0.1,0.0,0.0,0.0,0
11.3782,idle,0.0,0.0,0.0,0.0,-0.0,-0.0,2.0588,,,0.0,13.3,0.0,0.0,-0.1,0.0,0.0,0.0,0
11.4288,idle,0.0,0.0,0.0,0.0,-0.0,-0.0,2.0588,,,0.0,13.3,0.0,0.0,-0.1,0.0,0.0,0.0,0
11.4792,idle,0.0,0.0,0.0,0.0,-0.0,-0.0,2.0588,,,0.0,13.3,-0.2,0.0,-0.1,0.0,0.0,0.0,0
11.5295,idle,0.0,0.0,0.0,0.0,-0.0,-0.0,2.0588,,,0.0,13.3,-0.2,0.0,-0.1,0.0,0.0,0.0,0
11.5801,idle,0.0,0.0,0.0,0.0,-0.0,-0.0,2.0588,,,0.0,13.3,-0.2,0.0,-0.1,0.0,0.0,0.0,0
11.6306,idle,0.0,0.0,0.0,0.0,-0.0,-0.0,2.0588,,,0.0,13.3,-0.2,0.0,-0.1,0.0,0.0,0.0,0
11.6812,idle,0.0,0.0,0.0,0.0,-0.0,-0.0,2.0588,,,0.0,13.3,-0.2,0.0,-0.1,0.0,0.0,0.0,0
11.7315,idle,0.0,0.0,0.0,0.0,-0.0,-0.0,2.0588,,,0.0,13.3,0.0,0.0,-0.1,0.0,0.0,0.0,0
11.7819,idle,0.0,0.0,0.0,0.0,-0.0,-0.0,2.0588,,,0.0,13.3,0.0,0.0,-0.1,0.0,0.0,0.0,0
11.8332,idle,0.0,0.0,0.0,0.0,-0.0,-0.0,2.0588,,,0.0,13.3,0.0,0.0,-0.1,0.0,0.0,0.0,0
11.8839,idle,0.0,0.0,0.0,0.0,-0.0,-0.0,2.0588,,,0.0,13.3,0.0,0.0,-0.1,0.0,0.0,0.0,0
11.9347,idle,0.0,0.0,0.0,0.0,-0.0,-0.0,2.0588,,,0.0,13.3,0.0,0.0,-0.1,0.0,0.0,0.0,0
11.9851,idle,0.0,0.0,0.0,0.0,-0.0,-0.0,2.0588,,,0.0,13.2,0.0,0.0,-0.1,0.0,0.0,0.0,0
12.0356,idle,0.0,0.0,0.0,0.0,-0.0,-0.0,2.0588,,,0.0,13.2,0.0,0.0,-0.1,0.0,0.0,0.0,0
12.0863,idle,0.0,0.0,0.0,0.0,-0.0,-0.0,2.0588,,,0.0,13.2,0.0,0.0,-0.1,0.0,0.0,0.0,0
12.1369,idle,0.0,0.0,0.0,0.0,-0.0,-0.0,2.0588,,,0.0,13.2,0.0,0.0,-0.1,0.0,0.0,0.0,0
12.1873,idle,0.0,0.0,0.0,0.0,-0.0,-0.0,2.0588,,,0.0,13.2,0.0,0.0,-0.1,0.0,0.0,0.0,0
12.2378,idle,0.0,0.0,0.0,0.0,-0.0,-0.0,2.0588,,,0.0,13.3,0.0,0.0,-0.1,0.0,0.0,0.0,0
12.2881,idle,0.0,0.0,0.0,0.0,-0.0,-0.0,2.0588,,,0.0,13.3,0.0,0.0,-0.1,0.0,0.0,0.0,0
12.3392,idle,0.0,0.0,0.0,0.0,-0.0,-0.0,2.0588,,,0.0,13.3,0.0,0.0,-0.1,0.0,0.0,0.0,0
12.3899,idle,0.0,0.0,0.0,0.0,-0.0,-0.0,2.0588,,,0.0,13.3,0.0,0.0,-0.1,0.0,0.0,0.0,0
12.4409,idle,0.0,0.0,0.0,0.0,-0.0,-0.0,2.0588,,,0.0,13.3,0.0,0.0,-0.1,0.0,0.0,0.0,0
12.4915,idle,0.0,0.0,0.0,0.0,-0.0,-0.0,2.0588,,,0.0,13.3,0.0,0.0,-0.1,0.0,0.0,0.0,0
12.542,idle,0.0,0.0,0.0,0.0,-0.0,-0.0,2.0588,,,0.0,13.3,0.0,0.0,-0.1,0.0,0.0,0.0,0
12.5926,idle,0.0,0.0,0.0,0.0,-0.0,-0.0,2.0588,,,0.0,13.3,0.0,0.0,-0.1,0.0,0.0,0.0,0
12.6433,idle,0.0,0.0,0.0,0.0,-0.0,-0.0,2.0588,,,0.0,13.3,0.0,0.0,-0.1,0.0,0.0,0.0,0
12.6938,idle,0.0,0.0,0.0,0.0,-0.0,-0.0,2.0588,,,0.0,13.3,0.0,0.0,-0.1,0.0,0.0,0.0,0
12.7441,idle,0.0,0.0,0.0,0.0,-0.0,-0.0,2.0588,,,0.0,13.3,0.0,0.0,-0.1,0.0,0.0,0.0,0
12.7945,idle,0.0,0.0,0.0,0.0,-0.0,-0.0,2.0588,,,0.0,13.3,0.0,0.0,-0.1,0.0,0.0,0.0,0
12.8452,idle,0.0,0.0,0.0,0.0,-0.0,-0.0,2.0588,,,0.0,13.3,0.0,0.0,-0.1,0.0,0.0,0.0,0
12.8957,idle,0.0,0.0,0.0,0.0,-0.0,-0.0,2.0588,,,0.0,13.3,0.0,0.0,-0.1,0.0,0.0,0.0,0
12.9462,idle,0.0,0.0,0.0,0.0,-0.0,-0.0,2.0588,,,0.0,13.3,0.0,0.0,-0.1,0.0,0.0,0.0,0
12.9966,idle,0.0,0.0,0.0,0.0,-0.0,-0.0,2.0588,,,0.0,13.2,0.0,0.0,-0.1,-0.1,0.0,0.0,0
13.0469,idle,0.0,0.0,0.0,0.0,-0.0,-0.0,2.0588,,,0.0,13.2,0.0,0.0,-0.1,-0.1,0.0,0.0,0
13.0977,idle,0.0,0.0,0.0,0.0,-0.0,-0.0,2.0588,,,0.0,13.2,0.0,0.0,-0.1,-0.1,0.0,0.0,0
13.1484,idle,0.0,0.0,0.0,0.0,-0.0,-0.0,2.0588,,,0.0,13.2,0.0,0.0,-0.1,-0.1,0.0,0.0,0
13.199,idle,0.0,0.0,0.0,0.0,-0.0,-0.0,2.0588,,,0.0,13.2,0.0,0.0,-0.1,-0.1,0.0,0.0,0
13.2495,idle,0.0,0.0,0.0,0.0,-0.0,-0.0,2.0588,,,0.0,13.3,0.0,0.0,-0.1,0.0,0.0,0.0,0
13.2998,idle,0.0,0.0,0.0,0.0,-0.0,-0.0,2.0588,,,0.0,13.3,0.0,0.0,-0.1,0.0,0.0,0.0,0
13.3508,idle,0.0,0.0,0.0,0.0,-0.0,-0.0,2.0588,,,0.0,13.3,0.0,0.0,-0.1,0.0,0.0,0.0,0
13.4014,idle,0.0,0.0,0.0,0.0,-0.0,-0.0,2.0588,,,0.0,13.3,0.0,0.0,-0.1,0.0,0.0,0.0,0
13.452,idle,0.0,0.0,0.0,0.0,-0.0,-0.0,2.0588,,,0.0,13.3,0.0,0.0,-0.1,0.0,0.0,0.0,0
13.5025,idle,0.0,0.0,0.0,0.0,-0.0,-0.0,2.0588,,,0.0,13.3,-0.1,0.0,-0.1,0.0,0.0,0.0,0
13.5528,idle,0.0,0.0,0.0,0.0,-0.0,-0.0,2.0588,,,0.0,13.3,-0.1,0.0,-0.1,0.0,0.0,0.0,0
13.6035,idle,0.0,0.0,0.0,0.0,-0.0,-0.0,2.0588,,,0.0,13.3,-0.1,0.0,-0.1,0.0,0.0,0.0,0
13.654,idle,0.0,0.0,0.0,0.0,-0.0,-0.0,2.0588,,,0.0,13.3,-0.1,0.0,-0.1,0.0,0.0,0.0,0
13.7046,idle,0.0,0.0,0.0,0.0,-0.0,-0.0,2.0588,,,0.0,13.3,-0.1,0.0,-0.1,0.0,0.0,0.0,0
13.7551,idle,0.0,0.0,0.0,0.0,-0.0,-0.0,2.0588,,,0.0,13.3,0.0,0.0,-0.1,0.0,0.0,0.0,0
13.8055,idle,0.0,0.0,0.0,0.0,-0.0,-0.0,2.0588,,,0.0,13.3,0.0,0.0,-0.1,0.0,0.0,0.0,0
13.8563,idle,0.0,0.0,0.0,0.0,-0.0,-0.0,2.0588,,,0.0,13.3,0.0,0.0,-0.1,0.0,0.0,0.0,0
13.9072,idle,0.0,0.0,0.0,0.0,-0.0,-0.0,2.0588,,,0.0,13.3,0.0,0.0,-0.1,0.0,0.0,0.0,0
13.9577,idle,0.0,0.0,0.0,0.0,-0.0,-0.0,2.0588,,,0.0,13.3,0.0,0.0,-0.1,0.0,0.0,0.0,0
14.0081,idle,0.0,0.0,0.0,0.0,-0.0,-0.0,2.0588,,,0.0,13.3,-0.1,0.0,-0.1,0.0,0.0,0.0,0
14.0585,idle,0.0,0.0,0.0,0.0,-0.0,-0.0,2.0588,,,0.0,13.3,-0.1,0.0,-0.1,0.0,0.0,0.0,0
14.1095,idle,0.0,0.0,0.0,0.0,-0.0,-0.0,2.0588,,,0.0,13.3,-0.1,0.0,-0.1,0.0,0.0,0.0,0
14.16,idle,0.0,0.0,0.0,0.0,-0.0,-0.0,2.0588,,,0.0,13.3,-0.1,0.0,-0.1,0.0,0.0,0.0,0
14.2106,idle,0.0,0.0,0.0,0.0,-0.0,-0.0,2.0588,,,0.0,13.3,-0.1,0.0,-0.1,0.0,0.0,0.0,0
14.261,idle,0.0,0.0,0.0,0.0,-0.0,-0.0,2.0588,,,0.0,13.3,-0.1,0.0,-0.1,0.0,0.0,0.0,0
14.3113,idle,0.0,0.0,0.0,0.0,-0.0,-0.0,2.0588,,,0.0,13.3,-0.1,0.0,-0.1,0.0,0.0,0.0,0
14.3621,idle,0.0,0.0,0.0,0.0,-0.0,-0.0,2.0588,,,0.0,13.3,-0.1,0.0,-0.1,0.0,0.0,0.0,0
14.4127,idle,0.0,0.0,0.0,0.0,-0.0,-0.0,2.0588,,,0.0,13.3,-0.1,0.0,-0.1,0.0,0.0,0.0,0
14.4633,idle,0.0,0.0,0.0,0.0,-0.0,-0.0,2.0588,,,0.0,13.3,-0.1,0.0,-0.1,0.0,0.0,0.0,0
14.514,idle,0.0,0.0,0.0,0.0,-0.0,-0.0,2.0588,,,0.0,13.3,0.0,0.0,-0.1,0.0,0.0,0.0,0
14.5644,idle,0.0,0.0,0.0,0.0,-0.0,-0.0,2.0588,,,0.0,13.3,0.0,0.0,-0.1,0.0,0.0,0.0,0
14.6152,idle,0.0,0.0,0.0,0.0,-0.0,-0.0,2.0588,,,0.0,13.3,0.0,0.0,-0.1,0.0,0.0,0.0,0
14.6657,idle,0.0,0.0,0.0,0.0,-0.0,-0.0,2.0588,,,0.0,13.3,0.0,0.0,-0.1,0.0,0.0,0.0,0
14.7164,idle,0.0,0.0,0.0,0.0,-0.0,-0.0,2.0588,,,0.0,13.3,0.0,0.0,-0.1,0.0,0.0,0.0,0
14.7668,idle,0.0,0.0,0.0,0.0,-0.0,-0.0,2.0588,,,0.0,13.2,-0.1,0.0,-0.1,0.0,0.0,0.0,0
14.8171,idle,0.0,0.0,0.0,0.0,-0.0,-0.0,2.0588,,,0.0,13.2,-0.1,0.0,-0.1,0.0,0.0,0.0,0
14.8678,idle,0.0,0.0,0.0,0.0,-0.0,-0.0,2.0588,,,0.0,13.2,-0.1,0.0,-0.1,0.0,0.0,0.0,0
14.9184,idle,0.0,0.0,0.0,0.0,-0.0,-0.0,2.0588,,,0.0,13.2,-0.1,0.0,-0.1,0.0,0.0,0.0,0
14.9691,idle,0.0,0.0,0.0,0.0,-0.0,-0.0,2.0588,,,0.0,13.2,-0.1,0.0,-0.1,0.0,0.0,0.0,0
15.0197,idle,0.0,0.0,0.0,0.0,-0.0,-0.0,2.0588,,,0.0,13.3,0.0,0.0,-0.1,0.0,0.0,0.0,0
15.07,idle,0.0,0.0,0.0,0.0,-0.0,-0.0,2.0588,,,0.0,13.3,0.0,0.0,-0.1,0.0,0.0,0.0,0
15.121,idle,0.0,0.0,0.0,0.0,-0.0,-0.0,2.0588,,,0.0,13.3,0.0,0.0,-0.1,0.0,0.0,0.0,0
15.172,idle,0.0,0.0,0.0,0.0,-0.0,-0.0,2.0588,,,0.0,13.3,0.0,0.0,-0.1,0.0,0.0,0.0,0
15.2228,idle,0.0,0.0,0.0,0.0,-0.0,-0.0,2.0588,,,0.0,13.3,0.0,0.0,-0.1,0.0,0.0,0.0,0
15.2734,idle,0.0,0.0,0.0,0.0,-0.0,-0.0,2.0588,,,0.0,13.2,-0.2,0.0,-0.1,0.0,0.0,0.0,0
15.3243,idle,0.0,0.0,0.0,0.0,-0.0,-0.0,2.0588,,,0.0,13.2,-0.2,0.0,-0.1,0.0,0.0,0.0,0
15.3757,idle,0.0,0.0,0.0,0.0,-0.0,-0.0,2.0588,,,0.0,13.2,-0.2,0.0,-0.1,0.0,0.0,0.0,0
15.4265,idle,0.0,0.0,0.0,0.0,-0.0,-0.0,2.0588,,,0.0,13.2,-0.2,0.0,-0.1,0.0,0.0,0.0,0
15.4776,idle,0.0,0.0,0.0,0.0,-0.0,-0.0,2.0588,,,0.0,13.2,-0.2,0.0,-0.1,0.0,0.0,0.0,0
15.5282,idle,0.0,0.0,0.0,0.0,-0.0,-0.0,2.0588,,,0.0,13.3,0.0,0.0,-0.1,0.0,0.0,0.0,0
15.5796,idle,0.0,0.0,0.0,0.0,-0.0,-0.0,2.0588,,,0.0,13.3,0.0,0.0,-0.1,0.0,0.0,0.0,0
15.631,idle,0.0,0.0,0.0,0.0,-0.0,-0.0,2.0588,,,0.0,13.3,0.0,0.0,-0.1,0.0,0.0,0.0,0
15.6815,idle,0.0,0.0,0.0,0.0,-0.0,-0.0,2.0588,,,0.0,13.3,0.0,0.0,-0.1,0.0,0.0,0.0,0
15.7319,idle,0.0,0.0,0.0,0.0,-0.0,-0.0,2.0588,,,0.0,13.3,0.0,0.0,-0.1,0.0,0.0,0.0,0
15.7822,idle,0.0,0.0,0.0,0.0,-0.0,-0.0,2.0588,,,0.0,13.2,0.0,0.0,-0.1,0.0,0.0,0.0,0
15.8326,idle,0.0,0.0,0.0,0.0,-0.0,-0.0,2.0588,,,0.0,13.2,0.0,0.0,-0.1,0.0,0.0,0.0,0
15.8835,idle,0.0,0.0,0.0,0.0,-0.0,-0.0,2.0588,,,0.0,13.2,0.0,0.0,-0.1,0.0,0.0,0.0,0
15.9342,idle,0.0,0.0,0.0,0.0,-0.0,-0.0,2.0588,,,0.0,13.2,0.0,0.0,-0.1,0.0,0.0,0.0,0
15.9849,idle,0.0,0.0,0.0,0.0,-0.0,-0.0,2.0588,,,0.0,13.2,0.0,0.0,-0.1,0.0,0.0,0.0,0
16.0354,idle,0.0,0.0,0.0,0.0,-0.0,-0.0,2.0588,,,0.0,13.3,0.0,0.0,-0.1,0.0,0.0,0.0,0
16.0858,idle,0.0,0.0,0.0,0.0,-0.0,-0.0,2.0588,,,0.0,13.3,0.0,0.0,-0.1,0.0,0.0,0.0,0
16.1367,idle,0.0,0.0,0.0,0.0,-0.0,-0.0,2.0588,,,0.0,13.3,0.0,0.0,-0.1,0.0,0.0,0.0,0
16.1874,idle,0.0,0.0,0.0,0.0,-0.0,-0.0,2.0588,,,0.0,13.3,0.0,0.0,-0.1,0.0,0.0,0.0,0
16.238,idle,0.0,0.0,0.0,0.0,-0.0,-0.0,2.0588,,,0.0,13.3,0.0,0.0,-0.1,0.0,0.0,0.0,0
16.2886,idle,0.0,0.0,0.0,0.0,-0.0,-0.0,2.0588,,,0.0,13.3,-0.1,0.0,-0.1,0.0,0.0,0.0,0
16.339,idle,0.0,0.0,0.0,0.0,-0.0,-0.0,2.0588,,,0.0,13.3,-0.1,0.0,-0.1,0.0,0.0,0.0,0
16.39,idle,0.0,0.0,0.0,0.0,-0.0,-0.0,2.0588,,,0.0,13.3,-0.1,0.0,-0.1,0.0,0.0,0.0,0
16.4406,idle,0.0,0.0,0.0,0.0,-0.0,-0.0,2.0588,,,0.0,13.3,-0.1,0.0,-0.1,0.0,0.0,0.0,0
16.4913,idle,0.0,0.0,0.0,0.0,-0.0,-0.0,2.0588,,,0.0,13.3,-0.1,0.0,-0.1,0.0,0.0,0.0,0
16.5419,idle,0.0,0.0,0.0,0.0,-0.0,-0.0,2.0588,,,0.0,13.3,0.0,0.0,-0.1,0.0,0.0,0.0,0
16.5922,idle,0.0,0.0,0.0,0.0,-0.0,-0.0,2.0588,,,0.0,13.3,0.0,0.0,-0.1,0.0,0.0,0.0,0
16.643,idle,0.0,0.0,0.0,0.0,-0.0,-0.0,2.0588,,,0.0,13.3,0.0,0.0,-0.1,0.0,0.0,0.0,0
16.6935,idle,0.0,0.0,0.0,0.0,-0.0,-0.0,2.0588,,,0.0,13.3,0.0,0.0,-0.1,0.0,0.0,0.0,0
16.744,idle,0.0,0.0,0.0,0.0,-0.0,-0.0,2.0588,,,0.0,13.3,0.0,0.0,-0.1,0.0,0.0,0.0,0
16.7944,idle,0.0,0.0,0.0,0.0,-0.0,-0.0,2.0588,,,0.0,13.3,0.0,0.0,-0.1,0.0,0.0,0.0,0
16.8448,idle,0.0,0.0,0.0,0.0,-0.0,-0.0,2.0588,,,0.0,13.3,0.0,0.0,-0.1,0.0,0.0,0.0,0
16.8955,idle,0.0,0.0,0.0,0.0,-0.0,-0.0,2.0588,,,0.0,13.3,0.0,0.0,-0.1,0.0,0.0,0.0,0
16.946,idle,0.0,0.0,0.0,0.0,-0.0,-0.0,2.0588,,,0.0,13.3,0.0,0.0,-0.1,0.0,0.0,0.0,0
16.9966,idle,0.0,0.0,0.0,0.0,-0.0,-0.0,2.0588,,,0.0,13.3,0.0,0.0,-0.1,0.0,0.0,0.0,0
17.0473,idle,0.0,0.0,0.0,0.0,-0.0,-0.0,2.0588,,,0.0,13.3,-0.1,0.0,-0.1,0.0,0.0,0.0,0
17.0976,idle,0.0,0.0,0.0,0.0,-0.0,-0.0,2.0588,,,0.0,13.3,-0.1,0.0,-0.1,0.0,0.0,0.0,0
17.1489,idle,0.0,0.0,0.0,0.0,-0.0,-0.0,2.0588,,,0.0,13.3,-0.1,0.0,-0.1,0.0,0.0,0.0,0
17.1996,idle,0.0,0.0,0.0,0.0,-0.0,-0.0,2.0588,,,0.0,13.3,-0.1,0.0,-0.1,0.0,0.0,0.0,0
17.2505,idle,0.0,0.0,0.0,0.0,-0.0,-0.0,2.0588,,,0.0,13.3,-0.1,0.0,-0.1,0.0,0.0,0.0,0
17.3011,idle,0.0,0.0,0.0,0.0,-0.0,-0.0,2.0588,,,0.0,13.3,-0.1,0.0,-0.1,0.0,0.0,0.0,0
17.3515,idle,0.0,0.0,0.0,0.0,-0.0,-0.0,2.0588,,,0.0,13.3,-0.1,0.0,-0.1,0.0,0.0,0.0,0
17.4025,idle,0.0,0.0,0.0,0.0,-0.0,-0.0,2.0588,,,0.0,13.3,-0.1,0.0,-0.1,0.0,0.0,0.0,0
17.4533,idle,0.0,0.0,0.0,0.0,-0.0,-0.0,2.0588,,,0.0,13.3,-0.1,0.0,-0.1,0.0,0.0,0.0,0
17.5039,idle,0.0,0.0,0.0,0.0,-0.0,-0.0,2.0588,,,0.0,13.3,-0.1,0.0,-0.1,0.0,0.0,0.0,0
17.5545,idle,0.0,0.0,0.0,0.0,-0.0,-0.0,2.0588,,,0.0,13.3,-0.1,0.0,-0.1,0.0,0.0,0.0,0
17.6048,idle,0.0,0.0,0.0,0.0,-0.0,-0.0,2.0588,,,0.0,13.3,-0.1,0.0,-0.1,0.0,0.0,0.0,0
17.6558,idle,0.0,0.0,0.0,0.0,-0.0,-0.0,2.0588,,,0.0,13.3,-0.1,0.0,-0.1,0.0,0.0,0.0,0
17.7065,idle,0.0,0.0,0.0,0.0,-0.0,-0.0,2.0588,,,0.0,13.3,-0.1,0.0,-0.1,0.0,0.0,0.0,0
17.7571,idle,0.0,0.0,0.0,0.0,-0.0,-0.0,2.0588,,,0.0,13.3,-0.1,0.0,-0.1,0.0,0.0,0.0,0
17.8076,idle,0.0,0.0,0.0,0.0,-0.0,-0.0,2.0588,,,0.0,13.2,0.0,0.0,-0.1,0.0,0.0,0.0,0
17.858,idle,0.0,0.0,0.0,0.0,-0.0,-0.0,2.0588,,,0.0,13.2,0.0,0.0,-0.1,0.0,0.0,0.0,0
17.909,idle,0.0,0.0,0.0,0.0,-0.0,-0.0,2.0588,,,0.0,13.2,0.0,0.0,-0.1,0.0,0.0,0.0,0
17.9597,idle,0.0,0.0,0.0,0.0,-0.0,-0.0,2.0588,,,0.0,13.2,0.0,0.0,-0.1,0.0,0.0,0.0,0
18.0104,idle,0.0,0.0,0.0,0.0,-0.0,-0.0,2.0588,,,0.0,13.2,0.0,0.0,-0.1,0.0,0.0,0.0,0
18.061,idle,0.0,0.0,0.0,0.0,-0.0,-0.0,2.0588,,,0.0,13.3,0.0,0.0,-0.1,0.0,0.0,0.0,0
18.1114,idle,0.0,0.0,0.0,0.0,-0.0,-0.0,2.0588,,,0.0,13.3,0.0,0.0,-0.1,0.0,0.0,0.0,0
18.1624,idle,0.0,0.0,0.0,0.0,-0.0,-0.0,2.0588,,,0.0,13.3,0.0,0.0,-0.1,0.0,0.0,0.0,0
18.2133,idle,0.0,0.0,0.0,0.0,-0.0,-0.0,2.0588,,,0.0,13.3,0.0,0.0,-0.1,0.0,0.0,0.0,0
18.264,idle,0.0,0.0,0.0,0.0,-0.0,-0.0,2.0588,,,0.0,13.3,0.0,0.0,-0.1,0.0,0.0,0.0,0
18.3146,idle,0.0,0.0,0.0,0.0,-0.0,-0.0,2.0588,,,0.0,13.2,0.0,0.0,-0.1,0.0,0.0,0.0,0
18.3649,idle,0.0,0.0,0.0,0.0,-0.0,-0.0,2.0588,,,0.0,13.2,0.0,0.0,-0.1,0.0,0.0,0.0,0
18.4159,idle,0.0,0.0,0.0,0.0,-0.0,-0.0,2.0588,,,0.0,13.2,0.0,0.0,-0.1,0.0,0.0,0.0,0
18.4663,idle,0.0,0.0,0.0,0.0,-0.0,-0.0,2.0588,,,0.0,13.2,0.0,0.0,-0.1,0.0,0.0,0.0,0
18.5171,idle,0.0,0.0,0.0,0.0,-0.0,-0.0,2.0588,,,0.0,13.2,0.0,0.0,-0.1,0.0,0.0,0.0,0
18.5675,idle,0.0,0.0,0.0,0.0,-0.0,-0.0,2.0588,,,0.0,13.3,0.0,0.0,-0.1,0.0,0.0,0.0,0
18.6181,idle,0.0,0.0,0.0,0.0,-0.0,-0.0,2.0588,,,0.0,13.3,0.0,0.0,-0.1,0.0,0.0,0.0,0
18.6689,idle,0.0,0.0,0.0,0.0,-0.0,-0.0,2.0588,,,0.0,13.3,0.0,0.0,-0.1,0.0,0.0,0.0,0
18.7199,idle,0.0,0.0,0.0,0.0,-0.0,-0.0,2.0588,,,0.0,13.3,0.0,0.0,-0.1,0.0,0.0,0.0,0
18.7703,idle,0.0,0.0,0.0,0.0,-0.0,-0.0,2.0588,,,0.0,13.3,0.0,0.0,-0.1,0.0,0.0,0.0,0
18.821,idle,0.0,0.0,0.0,0.0,-0.0,-0.0,2.0588,,,0.0,13.2,-0.1,0.0,-0.1,0.0,0.0,0.0,0
18.8713,idle,0.0,0.0,0.0,0.0,-0.0,-0.0,2.0588,,,0.0,13.2,-0.1,0.0,-0.1,0.0,0.0,0.0,0
18.9222,idle,0.0,0.0,0.0,0.0,-0.0,-0.0,2.0588,,,0.0,13.2,-0.1,0.0,-0.1,0.0,0.0,0.0,0
18.9727,idle,0.0,0.0,0.0,0.0,-0.0,-0.0,2.0588,,,0.0,13.2,-0.1,0.0,-0.1,0.0,0.0,0.0,0
19.0232,idle,0.0,0.0,0.0,0.0,-0.0,-0.0,2.0588,,,0.0,13.2,-0.1,0.0,-0.1,0.0,0.0,0.0,0
19.0735,idle,0.0,0.0,0.0,0.0,-0.0,-0.0,2.0588,,,0.0,13.3,-0.1,0.0,-0.1,0.0,0.0,0.0,0
19.1238,idle,0.0,0.0,0.0,0.0,-0.0,-0.0,2.0588,,,0.0,13.3,-0.1,0.0,-0.1,0.0,0.0,0.0,0
19.1747,idle,0.0,0.0,0.0,0.0,-0.0,-0.0,2.0588,,,0.0,13.3,-0.1,0.0,-0.1,0.0,0.0,0.0,0
19.2254,idle,0.0,0.0,0.0,0.0,-0.0,-0.0,2.0588,,,0.0,13.3,-0.1,0.0,-0.1,0.0,0.0,0.0,0
19.2759,idle,0.0,0.0,0.0,0.0,-0.0,-0.0,2.0588,,,0.0,13.3,-0.1,0.0,-0.1,0.0,0.0,0.0,0
19.3263,idle,0.0,0.0,0.0,0.0,-0.0,-0.0,2.0588,,,0.0,13.3,0.0,0.0,-0.1,0.0,0.0,0.0,0
19.3766,idle,0.0,0.0,0.0,0.0,-0.0,-0.0,2.0588,,,0.0,13.3,0.0,0.0,-0.1,0.0,0.0,0.0,0
19.4273,idle,0.0,0.0,0.0,0.0,-0.0,-0.0,2.0588,,,0.0,13.3,0.0,0.0,-0.1,0.0,0.0,0.0,0
19.4781,idle,0.0,0.0,0.0,0.0,-0.0,-0.0,2.0588,,,0.0,13.3,0.0,0.0,-0.1,0.0,0.0,0.0,0
19.5287,idle,0.0,0.0,0.0,0.0,-0.0,-0.0,2.0588,,,0.0,13.3,0.0,0.0,-0.1,0.0,0.0,0.0,0
19.5791,idle,0.0,0.0,0.0,0.0,-0.0,-0.0,2.0588,,,0.0,13.2,-0.1,0.0,-0.1,0.0,0.0,0.0,0
19.6294,idle,0.0,0.0,0.0,0.0,-0.0,-0.0,2.0588,,,0.0,13.2,-0.1,0.0,-0.1,0.0,0.0,0.0,0
19.68,idle,0.0,0.0,0.0,0.0,-0.0,-0.0,2.0588,,,0.0,13.2,-0.1,0.0,-0.1,0.0,0.0,0.0,0
19.7305,idle,0.0,0.0,0.0,0.0,-0.0,-0.0,2.0588,,,0.0,13.2,-0.1,0.0,-0.1,0.0,0.0,0.0,0
19.781,idle,0.0,0.0,0.0,0.0,-0.0,-0.0,2.0588,,,0.0,13.2,-0.1,0.0,-0.1,0.0,0.0,0.0,0
19.8316,idle,0.0,0.0,0.0,0.0,-0.0,-0.0,2.0588,,,0.0,13.3,0.0,0.0,-0.1,0.0,0.0,0.0,0
19.8819,idle,0.0,0.0,0.0,0.0,-0.0,-0.0,2.0588,,,0.0,13.3,0.0,0.0,-0.1,0.0,0.0,0.0,0
19.9327,idle,0.0,0.0,0.0,0.0,-0.0,-0.0,2.0588,,,0.0,13.3,0.0,0.0,-0.1,0.0,0.0,0.0,0
19.9833,idle,0.0,0.0,0.0,0.0,-0.0,-0.0,2.0588,,,0.0,13.3,0.0,0.0,-0.1,0.0,0.0,0.0,0
20.0338,idle,0.0,0.0,0.0,0.0,-0.0,-0.0,2.0588,,,0.0,13.3,0.0,0.0,-0.1,0.0,0.0,0.0,0
20.0339,fwd_0.2,0.2,0.0,0.0,0.0,-0.0,-0.0,2.0588,,,0.0,13.2,-0.1,0.0,-0.1,0.0,0.0,0.0,0
20.0842,fwd_0.2,0.2,0.0,0.0,0.0,-0.0,-0.0,2.0588,,,0.0,13.2,-0.1,0.0,-0.1,0.0,0.0,0.0,0
20.1348,fwd_0.2,0.2,0.0,0.0,0.0,-0.0,-0.0,2.0588,,,0.0,13.2,-0.1,0.0,-0.1,0.0,0.0,0.0,0
20.1855,fwd_0.2,0.2,0.0,0.0,0.0,-0.0,-0.0,2.0588,,,0.0,13.2,-0.1,0.0,-0.1,0.0,0.0,0.0,0
20.236,fwd_0.2,0.2,0.0,0.0,0.0,-0.0,-0.0,2.0588,,,0.0,13.2,-0.1,0.0,-0.1,0.0,0.0,0.0,0
20.2863,fwd_0.2,0.2,0.0,0.0,0.0,-0.0,-0.0,2.0588,,,0.0,13.3,-0.1,0.0,-0.1,0.0,0.0,0.0,0
20.3366,fwd_0.2,0.2,0.0,0.0,0.0,-0.0,-0.0,2.0588,,,0.0,13.3,-0.1,0.0,-0.1,0.0,0.0,0.0,0
20.3875,fwd_0.2,0.2,0.0,0.0,0.0,-0.0,-0.0,2.0588,,,0.0,13.3,-0.1,0.0,-0.1,0.0,0.0,0.0,0
20.4381,fwd_0.2,0.2,0.0,0.0,0.0,-0.0,-0.0,2.0588,,,0.0,13.3,-0.1,0.0,-0.1,0.0,0.0,0.0,0
20.4891,fwd_0.2,0.2,0.0,0.0,0.0,-0.0,-0.0,2.0588,,,0.0,13.3,-0.1,0.0,-0.1,0.0,0.0,0.0,0
20.5398,fwd_0.2,0.2,0.0,0.0,0.0,-0.0,-0.0,2.0588,,,0.0,13.3,-0.1,0.0,-0.1,0.0,0.0,0.0,0
20.5902,fwd_0.2,0.2,0.0,0.0,0.0,-0.0,-0.0,2.0588,,,0.0,13.3,-0.1,0.0,-0.1,0.0,0.0,0.0,0
20.6408,fwd_0.2,0.2,0.0,0.0,0.0,-0.0,-0.0,2.0588,,,0.0,13.3,-0.1,0.0,-0.1,0.0,0.0,0.0,0
20.6913,fwd_0.2,0.2,0.0,0.0,0.0,-0.0,-0.0,2.0588,,,0.0,13.3,-0.1,0.0,-0.1,0.0,0.0,0.0,0
20.7418,fwd_0.2,0.2,0.0,0.0,0.0,-0.0,-0.0,2.0588,,,0.0,13.3,-0.1,0.0,-0.1,0.0,0.0,0.0,0
20.7923,fwd_0.2,0.2,0.0,0.0,0.0,-0.0,-0.0,2.0588,,,0.0,13.3,0.0,0.0,-0.1,0.0,0.0,0.0,0
20.8426,fwd_0.2,0.2,0.0,0.0,0.0,-0.0,-0.0,2.0588,,,0.0,13.3,0.0,0.0,-0.1,0.0,0.0,0.0,0
20.8937,fwd_0.2,0.2,0.0,0.0,0.0,-0.0,-0.0,2.0588,,,0.0,13.3,0.0,0.0,-0.1,0.0,0.0,0.0,0
20.9441,fwd_0.2,0.2,0.0,0.0,0.0,-0.0,-0.0,2.0588,,,0.0,13.3,0.0,0.0,-0.1,0.0,0.0,0.0,0
20.9945,fwd_0.2,0.2,0.0,0.0,0.0,-0.0,-0.0,2.0588,,,0.0,13.3,0.0,0.0,-0.1,0.0,0.0,0.0,0
21.0449,fwd_0.2,0.2,0.0,0.0,0.0,-0.0,-0.0,2.0588,,,0.0,13.2,0.0,0.0,-0.1,0.0,0.0,0.0,0
21.0953,fwd_0.2,0.2,0.0,0.0,0.0,-0.0,-0.0,2.0588,,,0.0,13.2,0.0,0.0,-0.1,0.0,0.0,0.0,0
21.146,fwd_0.2,0.2,0.0,0.0,0.0,-0.0,-0.0,2.0588,,,0.0,13.2,0.0,0.0,-0.1,0.0,0.0,0.0,0
21.1965,fwd_0.2,0.2,0.0,0.0,0.0,-0.0,-0.0,2.0588,,,0.0,13.2,0.0,0.0,-0.1,0.0,0.0,0.0,0
21.247,fwd_0.2,0.2,0.0,0.0,0.0,-0.0,-0.0,2.0588,,,0.0,13.2,0.0,0.0,-0.1,0.0,0.0,0.0,0
21.2975,fwd_0.2,0.2,0.0,0.0,0.0,-0.0,-0.0,2.0588,-3.7648,-5.2946,-0.7636,13.2,0.0,0.0,-0.1,0.0,0.0,0.0,0
21.3481,fwd_0.2,0.2,0.0,0.0,0.0,-0.0,-0.0,2.0588,-3.7648,-5.2946,-0.7636,13.2,-0.1,0.0,-0.1,0.0,0.0,0.0,0
21.3985,fwd_0.2,0.2,0.0,0.0,0.0,-0.0,-0.0,2.0588,-3.7648,-5.2946,-0.7636,13.2,-0.1,0.0,-0.1,0.0,0.0,0.0,0
21.4495,fwd_0.2,0.2,0.0,0.0,0.0,-0.0,-0.0,2.0588,-3.7648,-5.2946,-0.7636,13.2,-0.1,0.0,-0.1,0.0,0.0,0.0,0
21.5001,fwd_0.2,0.2,0.0,0.0,0.0,-0.0,-0.0,2.0588,-3.7648,-5.2946,-0.7636,13.2,-0.1,0.0,-0.1,0.0,0.0,0.0,0
21.5506,fwd_0.2,0.2,0.0,0.0,0.0,-0.0,-0.0,2.0588,-3.7648,-5.2946,-0.7636,13.2,-0.1,0.0,-0.1,0.0,0.0,0.0,0
21.601,fwd_0.2,0.2,0.0,0.0,0.0,-0.0,-0.0,2.0588,-3.7648,-5.2946,-0.7636,13.3,0.0,0.0,-0.1,0.0,0.0,0.0,0
21.6514,fwd_0.2,0.2,0.0,0.0,0.0,-0.0,-0.0,2.0588,-3.7648,-5.2946,-0.7636,13.3,0.0,0.0,-0.1,0.0,0.0,0.0,0
21.7023,fwd_0.2,0.2,0.0,0.0,0.0,-0.0,-0.0,2.0588,-3.7648,-5.2946,-0.7636,13.3,0.0,0.0,-0.1,0.0,0.0,0.0,0
21.7532,fwd_0.2,0.2,0.0,0.0,0.0,-0.0,-0.0,2.0588,-3.7648,-5.2946,-0.7636,13.3,0.0,0.0,-0.1,0.0,0.0,0.0,0
21.8038,fwd_0.2,0.2,0.0,0.0,0.0,-0.0,-0.0,2.0588,-3.7648,-5.2946,-0.7636,13.3,0.0,0.0,-0.1,0.0,0.0,0.0,0
21.8546,fwd_0.2,0.2,0.0,0.0,0.0,-0.0,-0.0,2.0588,-3.676,-5.3963,-0.7543,13.3,0.0,0.0,-0.1,0.0,0.0,0.0,0
21.9051,fwd_0.2,0.2,0.0,0.0,0.0,-0.0,-0.0,2.0588,-3.676,-5.3963,-0.7543,13.3,0.0,0.0,-0.1,0.0,0.0,0.0,0
21.9556,fwd_0.2,0.2,0.0,0.0,0.0,-0.0,-0.0,2.0588,-3.676,-5.3963,-0.7543,13.3,0.0,0.0,-0.1,0.0,0.0,0.0,0
22.0067,fwd_0.2,0.2,0.0,0.0,0.0,-0.0,-0.0,2.0588,-3.676,-5.3963,-0.7543,13.3,0.0,0.0,-0.1,0.0,0.0,0.0,0
22.0573,fwd_0.2,0.0,0.0,0.0,0.0,-0.0,-0.0,2.0588,-3.676,-5.3963,-0.7543,13.3,0.0,0.0,-0.1,0.0,0.0,0.0,0
22.0575,pause,0.0,0.0,0.0,0.0,-0.0,-0.0,2.0588,-3.676,-5.3963,-0.7543,13.3,0.0,0.0,-0.1,0.0,0.0,0.0,0
22.1079,pause,0.0,0.0,0.0,0.0,-0.0,-0.0,2.0588,-3.676,-5.3963,-0.7543,13.2,-0.1,0.0,-0.1,0.0,0.0,0.0,0
22.1582,pause,0.0,0.0,0.0,0.0,-0.0,-0.0,2.0588,-3.676,-5.3963,-0.7543,13.2,-0.1,0.0,-0.1,0.0,0.0,0.0,0
22.2089,pause,0.0,0.0,0.0,0.0,-0.0,-0.0,2.0588,-3.676,-5.3963,-0.7543,13.2,-0.1,0.0,-0.1,0.0,0.0,0.0,0
22.2595,pause,0.0,0.0,0.0,0.0,-0.0,-0.0,2.0588,-3.676,-5.3963,-0.7543,13.2,-0.1,0.0,-0.1,0.0,0.0,0.0,0
22.3099,pause,0.0,0.0,0.0,0.0,-0.0,-0.0,2.0588,-3.676,-5.3963,-0.7543,13.2,-0.1,0.0,-0.1,0.0,0.0,0.0,0
22.3604,pause,0.0,0.0,0.0,0.0,-0.0,-0.0,2.0588,-3.581,-5.4968,-0.7437,13.2,-0.1,0.0,-0.1,0.0,0.0,0.0,0
22.4109,pause,0.0,0.0,0.0,0.0,-0.0,-0.0,2.0588,-3.581,-5.4968,-0.7437,13.2,0.0,0.0,-0.1,0.0,0.0,0.0,0
22.4613,pause,0.0,0.0,0.0,0.0,-0.0,-0.0,2.0588,-3.581,-5.4968,-0.7437,13.2,0.0,0.0,-0.1,0.0,0.0,0.0,0
22.512,pause,0.0,0.0,0.0,0.0,-0.0,-0.0,2.0588,-3.581,-5.4968,-0.7437,13.2,0.0,0.0,-0.1,0.0,0.0,0.0,0
22.5627,pause,0.0,0.0,0.0,0.0,-0.0,-0.0,2.0588,-3.581,-5.4968,-0.7437,13.2,0.0,0.0,-0.1,0.0,0.0,0.0,0
22.6132,pause,0.0,0.0,0.0,0.0,-0.0,-0.0,2.0588,-3.581,-5.4968,-0.7437,13.2,0.0,0.0,-0.1,0.0,0.0,0.0,0
22.6636,pause,0.0,0.0,0.0,0.0,-0.0,-0.0,2.0588,-3.581,-5.4968,-0.7437,13.2,-0.1,0.0,-0.1,0.0,0.0,0.0,0
22.6637,rev_0.2,-0.2,0.0,0.0,0.0,-0.0,-0.0,2.0588,-3.581,-5.4968,-0.7437,13.2,-0.1,0.0,-0.1,0.0,0.0,0.0,0
22.7145,rev_0.2,-0.2,0.0,0.0,0.0,-0.0,-0.0,2.0588,-3.581,-5.4968,-0.7437,13.2,-0.1,0.0,-0.1,0.0,0.0,0.0,0
22.7651,rev_0.2,-0.2,0.0,0.0,0.0,0.0467,-0.1084,2.0588,-3.581,-5.4968,-0.7437,13.2,-0.1,0.0,-0.1,0.0,0.0,0.0,0
22.8156,rev_0.2,-0.2,0.0,0.0,0.0,0.0467,-0.1084,2.0588,-3.581,-5.4968,-0.7437,13.2,-0.1,0.0,-0.1,0.0,0.0,0.0,0
22.866,rev_0.2,-0.2,0.0,0.0,0.0,0.0467,-0.1084,2.0588,-3.581,-5.4968,-0.7437,13.2,0.0,0.0,-0.1,0.0,0.0,0.0,0
22.9163,rev_0.2,-0.2,0.0,0.0,0.0,0.0467,-0.1084,2.0588,-3.581,-5.4968,-0.7437,13.2,0.0,0.0,-0.1,0.0,0.0,0.0,0
22.967,rev_0.2,-0.2,0.0,0.0,0.0,0.0467,-0.1084,2.0588,-3.581,-5.4968,-0.7437,13.2,0.0,0.0,-0.1,0.0,0.0,0.0,0
23.0175,rev_0.2,-0.2,0.0,0.0,0.0,0.1643,-0.0567,2.0588,-3.581,-5.4968,-0.7437,13.2,0.0,0.0,-0.1,0.0,0.0,0.0,0
23.0681,rev_0.2,-0.2,0.0,0.0,0.0,0.1643,-0.0567,2.0588,-3.581,-5.4968,-0.7437,13.2,0.0,0.0,-0.1,0.0,0.0,0.0,0
23.1185,rev_0.2,-0.2,0.0,0.0,0.0,0.1643,-0.0567,2.0588,-3.581,-5.4968,-0.7437,12.3,-12.1,10.0,2.9,4.3,0.0,-178.0,0
23.1688,rev_0.2,-0.2,0.0,0.0,0.0,0.1643,-0.0567,2.0588,-3.581,-5.4968,-0.7437,12.3,-12.1,10.0,2.9,4.3,0.0,-178.0,0
23.2195,rev_0.2,-0.2,0.0,0.0463,-0.1736,0.1643,-0.0567,2.0588,-3.581,-5.4968,-0.7437,12.3,-12.1,10.0,2.9,4.3,0.0,-178.0,0
23.27,rev_0.2,-0.2,0.0,0.0463,-0.1736,0.2535,-0.0025,2.0588,-3.581,-5.4968,-0.7437,12.3,-12.1,10.0,2.9,4.3,0.0,-178.0,0
23.3206,rev_0.2,-0.2,0.0,0.0463,-0.1736,0.2535,-0.0025,2.0588,-3.581,-5.4968,-0.7437,12.3,-12.1,10.0,2.9,4.3,0.0,-178.0,0
23.371,rev_0.2,-0.2,0.0,0.0463,-0.1736,0.2535,-0.0025,2.0588,-3.581,-5.4968,-0.7437,12.7,-7.8,3.1,2.9,1.2,-374.0,-378.0,0
23.4213,rev_0.2,-0.2,0.0,0.0463,-0.1736,0.2535,-0.0025,2.0588,-3.581,-5.4968,-0.7437,12.7,-7.8,3.1,2.9,1.2,-374.0,-378.0,0
23.4721,rev_0.2,-0.2,0.0,0.162,-0.1158,0.2535,-0.0025,2.0588,-3.581,-5.4968,-0.7437,12.7,-7.8,3.1,2.9,1.2,-374.0,-378.0,0
23.5226,rev_0.2,-0.2,0.0,0.162,-0.1158,0.1947,0.0182,2.0588,-3.581,-5.4968,-0.7437,12.7,-7.8,3.1,2.9,1.2,-374.0,-378.0,0
23.5734,rev_0.2,-0.2,0.0,0.162,-0.1158,0.1947,0.0182,2.0588,-3.581,-5.4968,-0.7437,12.7,-7.8,3.1,2.9,1.2,-374.0,-378.0,0
23.6239,rev_0.2,-0.2,0.0,0.162,-0.1158,0.1947,0.0182,2.0588,-3.581,-5.4968,-0.7437,13.0,-2.2,2.6,0.7,1.0,-448.0,-397.0,0
23.6743,rev_0.2,-0.2,0.0,0.162,-0.1158,0.1947,0.0182,2.0588,-3.581,-5.4968,-0.7437,13.0,-2.2,2.6,0.7,1.0,-448.0,-397.0,0
23.7249,rev_0.2,-0.2,0.0,0.249,0.0579,0.1947,0.0182,2.0588,-3.581,-5.4968,-0.7437,13.0,-2.2,2.6,0.7,1.0,-448.0,-397.0,0
23.7755,rev_0.2,-0.2,0.0,0.249,0.0579,0.2609,0.0142,2.0588,-3.581,-5.4968,-0.7437,13.0,-2.2,2.6,0.7,1.0,-448.0,-397.0,0
23.8262,rev_0.2,-0.2,0.0,0.249,0.0579,0.2609,0.0142,2.0588,-3.581,-5.4968,-0.7437,13.0,-2.2,2.6,0.7,1.0,-448.0,-397.0,0
23.8766,rev_0.2,-0.2,0.0,0.249,0.0579,0.2609,0.0142,2.0588,-3.581,-5.4968,-0.7437,12.9,-2.9,3.1,0.9,1.3,-415.0,-386.0,0
23.9271,rev_0.2,-0.2,0.0,0.249,0.0579,0.2609,0.0142,2.0588,-3.581,-5.4968,-0.7437,12.9,-2.9,3.1,0.9,1.3,-415.0,-386.0,0
23.9777,rev_0.2,-0.2,0.0,0.1912,0.029,0.2609,0.0142,2.0588,-3.581,-5.4968,-0.7437,12.9,-2.9,3.1,0.9,1.3,-415.0,-386.0,0
24.0287,rev_0.2,-0.2,0.0,0.1912,0.029,0.1623,0.013,2.0588,-3.581,-5.4968,-0.7437,12.9,-2.9,3.1,0.9,1.3,-415.0,-386.0,0
24.0791,rev_0.2,-0.2,0.0,0.1912,0.029,0.1623,0.013,2.0588,-3.581,-5.4968,-0.7437,12.9,-2.9,3.1,0.9,1.3,-415.0,-386.0,0
24.1298,rev_0.2,-0.2,0.0,0.1912,0.029,0.1623,0.013,2.0588,-3.6858,-5.3046,-0.7564,12.9,-2.9,3.1,0.9,1.3,-415.0,-386.0,0
24.1803,rev_0.2,-0.2,0.0,0.1912,0.029,0.1623,0.013,2.0588,-3.6858,-5.3046,-0.7564,13.0,-2.0,1.5,0.6,0.5,-413.0,-414.0,0
24.2307,rev_0.2,-0.2,0.0,0.1912,0.029,0.1623,0.013,2.0588,-3.6858,-5.3046,-0.7564,13.0,-2.0,1.5,0.6,0.5,-413.0,-414.0,0
24.2814,rev_0.2,-0.2,0.0,0.2286,0.0145,0.1623,0.013,2.0588,-3.6858,-5.3046,-0.7564,13.0,-2.0,1.5,0.6,0.5,-413.0,-414.0,0
24.3321,rev_0.2,-0.2,0.0,0.2286,0.0145,0.2503,0.0198,2.0588,-3.6858,-5.3046,-0.7564,13.0,-2.0,1.5,0.6,0.5,-413.0,-414.0,0
24.3827,rev_0.2,-0.2,0.0,0.2286,0.0145,0.2503,0.0198,2.0588,-3.6858,-5.3046,-0.7564,13.0,-2.0,1.5,0.6,0.5,-413.0,-414.0,0
24.4332,rev_0.2,-0.2,0.0,0.2286,0.0145,0.2503,0.0198,2.0588,-3.6858,-5.3046,-0.7564,12.9,-3.1,2.4,0.9,0.8,-389.0,-389.0,0
24.4836,rev_0.2,-0.2,0.0,0.2286,0.0145,0.2503,0.0198,2.0588,-3.6858,-5.3046,-0.7564,12.9,-3.1,2.4,0.9,0.8,-389.0,-389.0,0
24.5346,rev_0.2,-0.2,0.0,0.1912,0.0,0.2503,0.0198,2.0588,-3.6858,-5.3046,-0.7564,12.9,-3.1,2.4,0.9,0.8,-389.0,-389.0,0
24.5853,rev_0.2,-0.2,0.0,0.1912,0.0,0.1679,0.0166,2.0588,-3.6858,-5.3046,-0.7564,12.9,-3.1,2.4,0.9,0.8,-389.0,-389.0,0
24.636,rev_0.2,-0.2,0.0,0.1912,0.0,0.1679,0.0166,2.0588,-3.6858,-5.3046,-0.7564,12.9,-3.1,2.4,0.9,0.8,-389.0,-389.0,0
24.6865,rev_0.2,0.0,0.0,0.1912,0.0,0.1679,0.0166,2.0588,-3.7763,-5.2532,-0.7429,12.9,-3.1,2.4,0.9,0.8,-389.0,-389.0,0
24.6867,pause,0.0,0.0,0.1912,0.0,0.1679,0.0166,2.0588,-3.7763,-5.2532,-0.7429,12.9,-2.9,2.6,0.9,1.0,-408.0,-399.0,0
24.7372,pause,0.0,0.0,0.1912,0.0,0.1679,0.0166,2.0588,-3.7763,-5.2532,-0.7429,12.9,-2.9,2.6,0.9,1.0,-408.0,-399.0,0
24.7881,pause,0.0,0.0,0.2461,0.0145,0.1679,0.0166,2.0588,-3.7763,-5.2532,-0.7429,12.9,-2.9,2.6,0.9,1.0,-408.0,-399.0,0
24.8389,pause,0.0,0.0,0.2461,0.0145,0.063,0.0206,2.0588,-3.7763,-5.2532,-0.7429,12.9,-2.9,2.6,0.9,1.0,-408.0,-399.0,0
24.8896,pause,0.0,0.0,0.2461,0.0145,0.063,0.0206,2.0588,-3.7763,-5.2532,-0.7429,12.9,-2.9,2.6,0.9,1.0,-408.0,-399.0,0
24.9402,pause,0.0,0.0,0.2461,0.0145,0.063,0.0206,2.0588,-3.7763,-5.2532,-0.7429,12.9,-3.0,2.6,0.8,0.9,-395.0,-378.0,0
24.9906,pause,0.0,0.0,0.2461,0.0145,0.063,0.0206,2.0588,-3.7763,-5.2532,-0.7429,12.9,-3.0,2.6,0.8,0.9,-395.0,-378.0,0
25.0415,pause,0.0,0.0,0.188,0.0145,0.063,0.0206,2.0588,-3.7763,-5.2532,-0.7429,12.9,-3.0,2.6,0.8,0.9,-395.0,-378.0,0
25.092,pause,0.0,0.0,0.188,0.0145,-0.0078,0.0079,2.0588,-3.7763,-5.2532,-0.7429,12.9,-3.0,2.6,0.8,0.9,-395.0,-378.0,0
25.1426,pause,0.0,0.0,0.188,0.0145,-0.0078,0.0079,2.0487,-3.7763,-5.2532,-0.7429,12.9,-3.0,2.6,0.8,0.9,-395.0,-378.0,0
25.193,pause,0.0,0.0,0.188,0.0145,-0.0078,0.0079,2.0487,-3.8786,-5.112,-0.7372,12.9,-3.0,2.6,0.8,0.9,-395.0,-378.0,0
25.2435,pause,0.0,0.0,0.188,0.0145,-0.0078,0.0079,2.0487,-3.8786,-5.112,-0.7372,13.2,1.4,-1.5,0.0,0.0,-82.0,-82.0,0
25.2939,pause,0.0,0.0,0.188,0.0145,-0.0078,0.0079,2.0487,-3.8786,-5.112,-0.7372,13.2,1.4,-1.5,0.0,0.0,-82.0,-82.0,0
25.2944,fwd_0.4,0.4,0.0,0.1157,0.029,-0.0078,0.0079,2.0487,-3.8786,-5.112,-0.7372,13.2,1.4,-1.5,0.0,0.0,-82.0,-82.0,0
25.3448,fwd_0.4,0.4,0.0,0.1157,0.029,-0.0762,0.0021,2.0487,-3.8786,-5.112,-0.7372,13.2,1.4,-1.5,0.0,0.0,-82.0,-82.0,0
25.3953,fwd_0.4,0.4,0.0,0.1157,0.029,-0.0762,0.0021,1.997,-3.8786,-5.112,-0.7372,13.2,1.4,-1.5,0.0,0.0,-82.0,-82.0,0
25.4457,fwd_0.4,0.4,0.0,0.1157,0.029,-0.0762,0.0021,1.997,-3.8786,-5.112,-0.7372,13.2,0.0,-0.2,0.0,0.0,43.0,45.0,0
25.4959,fwd_0.4,0.4,0.0,0.1157,0.029,-0.0762,0.0021,1.997,-3.8786,-5.112,-0.7372,13.2,0.0,-0.2,0.0,0.0,43.0,45.0,0
25.5465,fwd_0.4,0.4,0.0,-0.0058,0.0,-0.0762,0.0021,1.997,-3.8786,-5.112,-0.7372,13.2,0.0,-0.2,0.0,0.0,43.0,45.0,0
25.5972,fwd_0.4,0.4,0.0,-0.0058,0.0,-0.1984,0.0034,1.997,-3.8786,-5.112,-0.7372,13.2,0.0,-0.2,0.0,0.0,43.0,45.0,0
25.6477,fwd_0.4,0.4,0.0,-0.0058,0.0,-0.1984,0.0034,2.0158,-3.8786,-5.112,-0.7372,13.2,0.0,-0.2,0.0,0.0,43.0,45.0,0
25.6982,fwd_0.4,0.4,0.0,-0.0058,0.0,-0.1984,0.0034,2.0158,-3.8786,-5.112,-0.7372,13.2,2.9,-2.6,-0.1,0.0,-26.0,0.0,0
25.7486,fwd_0.4,0.4,0.0,-0.0058,0.0,-0.1984,0.0034,2.0158,-3.8786,-5.112,-0.7372,13.2,2.9,-2.6,-0.1,0.0,-26.0,0.0,0
25.7995,fwd_0.4,0.4,0.0,-0.0724,0.0145,-0.1984,0.0034,2.0158,-3.8786,-5.112,-0.7372,13.2,2.9,-2.6,-0.1,0.0,-26.0,0.0,0
25.85,fwd_0.4,0.4,0.0,-0.0724,0.0145,-0.2257,-0.0091,2.0158,-3.8786,-5.112,-0.7372,13.2,2.9,-2.6,-0.1,0.0,-26.0,0.0,0
25.9006,fwd_0.4,0.4,0.0,-0.0724,0.0145,-0.2257,-0.0091,2.0272,-3.8786,-5.112,-0.7372,13.2,2.9,-2.6,-0.1,0.0,-26.0,0.0,0
25.9511,fwd_0.4,0.4,0.0,-0.0724,0.0145,-0.2257,-0.0091,2.0272,-3.8786,-5.112,-0.7372,13.0,1.8,-1.7,0.6,0.7,451.0,458.0,0
26.0014,fwd_0.4,0.4,0.0,-0.0724,0.0145,-0.2257,-0.0091,2.0272,-3.8786,-5.112,-0.7372,13.0,1.8,-1.7,0.6,0.7,451.0,458.0,0
26.0521,fwd_0.4,0.4,0.0,-0.191,0.0,-0.2257,-0.0091,2.0272,-3.8786,-5.112,-0.7372,13.0,1.8,-1.7,0.6,0.7,451.0,458.0,0
26.1027,fwd_0.4,0.4,0.0,-0.191,0.0,-0.1771,-0.0231,2.0272,-3.8786,-5.112,-0.7372,13.0,1.8,-1.7,0.6,0.7,451.0,458.0,0
26.1532,fwd_0.4,0.4,0.0,-0.191,0.0,-0.1771,-0.0231,2.0343,-3.8786,-5.112,-0.7372,13.0,1.8,-1.7,0.6,0.7,451.0,458.0,0
26.2039,fwd_0.4,0.4,0.0,-0.191,0.0,-0.1771,-0.0231,2.0343,-3.7706,-5.189,-0.7105,13.0,1.8,-1.7,0.6,0.7,451.0,458.0,0
26.2544,fwd_0.4,0.4,0.0,-0.191,0.0,-0.1771,-0.0231,2.0343,-3.7706,-5.189,-0.7105,12.9,2.6,-2.7,0.8,1.0,392.0,392.0,0
26.3048,fwd_0.4,0.4,0.0,-0.191,0.0,-0.1771,-0.0231,2.0343,-3.7706,-5.189,-0.7105,12.9,2.6,-2.7,0.8,1.0,392.0,392.0,0
26.3555,fwd_0.4,0.4,0.0,-0.2172,-0.0145,-0.1771,-0.0231,2.0343,-3.7706,-5.189,-0.7105,12.9,2.6,-2.7,0.8,1.0,392.0,392.0,0
26.4062,fwd_0.4,0.4,0.0,-0.2172,-0.0145,-0.2091,-0.0029,2.0343,-3.7706,-5.189,-0.7105,12.9,2.6,-2.7,0.8,1.0,392.0,392.0,0
26.4567,fwd_0.4,0.4,0.0,-0.2172,-0.0145,-0.2091,-0.0029,2.0361,-3.7706,-5.189,-0.7105,12.9,2.6,-2.7,0.8,1.0,392.0,392.0,0
26.5071,fwd_0.4,0.4,0.0,-0.2172,-0.0145,-0.2091,-0.0029,2.0361,-3.6603,-5.2443,-0.6911,12.9,2.6,-2.7,0.8,1.0,392.0,392.0,0
26.5576,fwd_0.4,0.4,0.0,-0.2172,-0.0145,-0.2091,-0.0029,2.0361,-3.6603,-5.2443,-0.6911,12.9,2.8,-4.1,0.9,1.5,360.0,334.0,0
26.608,fwd_0.4,0.4,0.0,-0.2172,-0.0145,-0.2091,-0.0029,2.0361,-3.6603,-5.2443,-0.6911,12.9,2.8,-4.1,0.9,1.5,360.0,334.0,0
26.6589,fwd_0.4,0.4,0.0,-0.1766,-0.0145,-0.2091,-0.0029,2.0361,-3.6603,-5.2443,-0.6911,12.9,2.8,-4.1,0.9,1.5,360.0,334.0,0
26.7095,fwd_0.4,0.4,0.0,-0.1766,-0.0145,-0.1972,0.0124,2.0361,-3.6603,-5.2443,-0.6911,12.9,2.8,-4.1,0.9,1.5,360.0,334.0,0
26.7599,fwd_0.4,0.4,0.0,-0.1766,-0.0145,-0.1972,0.0124,2.0418,-3.6603,-5.2443,-0.6911,12.9,2.8,-4.1,0.9,1.5,360.0,334.0,0
26.8105,fwd_0.4,0.4,0.0,-0.1766,-0.0145,-0.1972,0.0124,2.0418,-3.5757,-5.2816,-0.7102,12.9,2.8,-4.1,0.9,1.5,360.0,334.0,0
26.8609,fwd_0.4,0.4,0.0,-0.1766,-0.0145,-0.1972,0.0124,2.0418,-3.5757,-5.2816,-0.7102,12.8,3.4,-3.2,1.0,1.3,376.0,397.0,0
26.9113,fwd_0.4,0.4,0.0,-0.1766,-0.0145,-0.1972,0.0124,2.0418,-3.5757,-5.2816,-0.7102,12.8,3.4,-3.2,1.0,1.3,376.0,397.0,0
26.9619,fwd_0.4,0.4,0.0,-0.2086,0.0289,-0.1972,0.0124,2.0418,-3.5757,-5.2816,-0.7102,12.8,3.4,-3.2,1.0,1.3,376.0,397.0,0
27.0124,fwd_0.4,0.4,0.0,-0.2086,0.0289,-0.1885,0.0011,2.0418,-3.5757,-5.2816,-0.7102,12.8,3.4,-3.2,1.0,1.3,376.0,397.0,0
27.0629,fwd_0.4,0.4,0.0,-0.2086,0.0289,-0.1885,0.0011,2.0475,-3.5757,-5.2816,-0.7102,12.8,3.4,-3.2,1.0,1.3,376.0,397.0,0
27.1134,fwd_0.4,0.4,0.0,-0.2086,0.0289,-0.1885,0.0011,2.0475,-3.4584,-5.3985,-0.7091,12.8,3.4,-3.2,1.0,1.3,376.0,397.0,0
27.1637,fwd_0.4,0.4,0.0,-0.2086,0.0289,-0.1885,0.0011,2.0475,-3.4584,-5.3985,-0.7091,12.8,4.1,-3.4,1.3,1.4,363.0,391.0,0
27.2142,fwd_0.4,0.4,0.0,-0.2086,0.0289,-0.1885,0.0011,2.0475,-3.4584,-5.3985,-0.7091,12.8,4.1,-3.4,1.3,1.4,363.0,391.0,0
27.2652,fwd_0.4,0.4,0.0,-0.22,0.0289,-0.1885,0.0011,2.0475,-3.4584,-5.3985,-0.7091,12.8,4.1,-3.4,1.3,1.4,363.0,391.0,0
27.3159,fwd_0.4,0.0,0.0,-0.22,0.0289,-0.1826,0.001,2.0475,-3.4584,-5.3985,-0.7091,12.8,4.1,-3.4,1.3,1.4,363.0,391.0,0
27.3162,pause,0.0,0.0,-0.22,0.0289,-0.1826,0.001,2.0528,-3.4584,-5.3985,-0.7091,12.8,4.1,-3.4,1.3,1.4,363.0,391.0,0
27.3666,pause,0.0,0.0,-0.22,0.0289,-0.1826,0.001,2.0528,-3.3821,-5.4636,-0.719,12.8,4.1,-3.4,1.3,1.4,363.0,391.0,0
27.417,pause,0.0,0.0,-0.22,0.0289,-0.1826,0.001,2.0528,-3.3821,-5.4636,-0.719,12.9,3.1,-3.2,0.9,1.2,389.0,382.0,0
27.4677,pause,0.0,0.0,-0.22,0.0289,-0.1826,0.001,2.0528,-3.3821,-5.4636,-0.719,12.9,3.1,-3.2,0.9,1.2,389.0,382.0,0
27.5184,pause,0.0,0.0,-0.1882,-0.0145,-0.1826,0.001,2.0528,-3.3821,-5.4636,-0.719,12.9,3.1,-3.2,0.9,1.2,389.0,382.0,0
27.569,pause,0.0,0.0,-0.1882,-0.0145,-0.0193,-0.0035,2.0528,-3.3821,-5.4636,-0.719,12.9,3.1,-3.2,0.9,1.2,389.0,382.0,0
27.6195,pause,0.0,0.0,-0.1882,-0.0145,-0.0193,-0.0035,2.0516,-3.3821,-5.4636,-0.719,12.9,3.1,-3.2,0.9,1.2,389.0,382.0,0
27.6701,pause,0.0,0.0,-0.1882,-0.0145,-0.0193,-0.0035,2.0516,-3.2451,-5.8169,-0.71,12.9,3.1,-3.2,0.9,1.2,389.0,382.0,0
27.7206,pause,0.0,0.0,-0.1882,-0.0145,-0.0193,-0.0035,2.0516,-3.2451,-5.8169,-0.71,13.2,-5.4,1.7,-0.1,0.0,334.0,298.0,0
27.7712,pause,0.0,0.0,-0.1882,-0.0145,-0.0193,-0.0035,2.0516,-3.2451,-5.8169,-0.71,13.2,-5.4,1.7,-0.1,0.0,334.0,298.0,0
27.822,pause,0.0,0.0,-0.1824,-0.0145,-0.0193,-0.0035,2.0516,-3.2451,-5.8169,-0.71,13.2,-5.4,1.7,-0.1,0.0,334.0,298.0,0
27.8728,pause,0.0,0.0,-0.1824,-0.0145,0.0009,-0.0018,2.0516,-3.2451,-5.8169,-0.71,13.2,-5.4,1.7,-0.1,0.0,334.0,298.0,0
27.9232,pause,0.0,0.0,-0.1824,-0.0145,0.0009,-0.0018,2.0505,-3.2451,-5.8169,-0.71,13.2,-5.4,1.7,-0.1,0.0,334.0,298.0,0
27.9234,rev_0.4,-0.4,0.0,-0.1824,-0.0145,0.0009,-0.0018,2.0505,-3.2451,-5.8169,-0.71,13.2,-1.6,1.0,0.0,0.0,120.0,112.0,0
27.9738,rev_0.4,-0.4,0.0,-0.1824,-0.0145,0.0009,-0.0018,2.0505,-3.2451,-5.8169,-0.71,13.2,-1.6,1.0,0.0,0.0,120.0,112.0,0
28.0247,rev_0.4,-0.4,0.0,-0.0202,-0.0145,0.0009,-0.0018,2.0505,-3.2451,-5.8169,-0.71,13.2,-1.6,1.0,0.0,0.0,120.0,112.0,0
28.0753,rev_0.4,-0.4,0.0,-0.0202,-0.0145,0.1585,-0.0042,2.0505,-3.2451,-5.8169,-0.71,13.2,-1.6,1.0,0.0,0.0,120.0,112.0,0
28.1258,rev_0.4,-0.4,0.0,-0.0202,-0.0145,0.1585,-0.0042,2.0516,-3.2451,-5.8169,-0.71,13.2,-1.6,1.0,0.0,0.0,120.0,112.0,0
28.1762,rev_0.4,-0.4,0.0,-0.0202,-0.0145,0.1585,-0.0042,2.0516,-3.2451,-5.8169,-0.71,13.2,0.0,0.0,0.1,0.0,0.0,0.0,0
28.2265,rev_0.4,-0.4,0.0,-0.0202,-0.0145,0.1585,-0.0042,2.0516,-3.2451,-5.8169,-0.71,13.2,0.0,0.0,0.1,0.0,0.0,0.0,0
28.2774,rev_0.4,-0.4,0.0,0.0,0.0,0.1585,-0.0042,2.0516,-3.2451,-5.8169,-0.71,13.2,0.0,0.0,0.1,0.0,0.0,0.0,0
28.3279,rev_0.4,-0.4,0.0,0.0,0.0,0.3668,0.0355,2.0516,-3.2451,-5.8169,-0.71,13.2,0.0,0.0,0.1,0.0,0.0,0.0,0
28.3785,rev_0.4,-0.4,0.0,0.0,0.0,0.3668,0.0355,2.0444,-3.2451,-5.8169,-0.71,13.2,0.0,0.0,0.1,0.0,0.0,0.0,0
28.4289,rev_0.4,-0.4,0.0,0.0,0.0,0.3668,0.0355,2.0444,-3.2451,-5.8169,-0.71,11.2,-9.5,10.4,5.2,7.3,-430.0,-484.0,0
28.4792,rev_0.4,-0.4,0.0,0.0,0.0,0.3668,0.0355,2.0444,-3.2451,-5.8169,-0.71,11.2,-9.5,10.4,5.2,7.3,-430.0,-484.0,0
28.5299,rev_0.4,-0.4,0.0,0.1535,-0.0434,0.3668,0.0355,2.0444,-3.2451,-5.8169,-0.71,11.2,-9.5,10.4,5.2,7.3,-430.0,-484.0,0
28.5804,rev_0.4,-0.4,0.0,0.1535,-0.0434,0.5045,0.0518,2.0444,-3.2451,-5.8169,-0.71,11.2,-9.5,10.4,5.2,7.3,-430.0,-484.0,0
28.631,rev_0.4,-0.4,0.0,0.1535,-0.0434,0.5045,0.0518,2.0348,-3.2451,-5.8169,-0.71,11.2,-9.5,10.4,5.2,7.3,-430.0,-484.0,0
28.6813,rev_0.4,-0.4,0.0,0.1535,-0.0434,0.5045,0.0518,2.0348,-3.2451,-5.8169,-0.71,12.4,-3.4,3.3,2.0,2.5,-925.0,-902.0,0
28.7316,rev_0.4,-0.4,0.0,0.1535,-0.0434,0.5045,0.0518,2.0348,-3.2451,-5.8169,-0.71,12.4,-3.4,3.3,2.0,2.5,-925.0,-902.0,0
28.7822,rev_0.4,-0.4,0.0,0.3561,0.0145,0.5045,0.0518,2.0348,-3.2451,-5.8169,-0.71,12.4,-3.4,3.3,2.0,2.5,-925.0,-902.0,0
28.8327,rev_0.4,-0.4,0.0,0.3561,0.0145,0.4184,0.0292,2.0348,-3.2451,-5.8169,-0.71,12.4,-3.4,3.3,2.0,2.5,-925.0,-902.0,0
28.8831,rev_0.4,-0.4,0.0,0.3561,0.0145,0.4184,0.0292,2.0384,-3.2451,-5.8169,-0.71,12.4,-3.4,3.3,2.0,2.5,-925.0,-902.0,0
28.9335,rev_0.4,-0.4,0.0,0.3561,0.0145,0.4184,0.0292,2.0384,-3.2451,-5.8169,-0.71,12.8,-1.4,2.8,0.7,2.0,-865.0,-819.0,0
28.9838,rev_0.4,-0.4,0.0,0.3561,0.0145,0.4184,0.0292,2.0384,-3.2451,-5.8169,-0.71,12.8,-1.4,2.8,0.7,2.0,-865.0,-819.0,0
29.0345,rev_0.4,-0.4,0.0,0.4892,0.0724,0.4184,0.0292,2.0384,-3.2451,-5.8169,-0.71,12.8,-1.4,2.8,0.7,2.0,-865.0,-819.0,0
29.0849,rev_0.4,-0.4,0.0,0.4892,0.0724,0.4612,0.0209,2.0384,-3.2451,-5.8169,-0.71,12.8,-1.4,2.8,0.7,2.0,-865.0,-819.0,0
29.1353,rev_0.4,-0.4,0.0,0.4892,0.0724,0.4612,0.0209,2.0474,-3.2451,-5.8169,-0.71,12.8,-1.4,2.8,0.7,2.0,-865.0,-819.0,0
29.1858,rev_0.4,-0.4,0.0,0.4892,0.0724,0.4612,0.0209,2.0474,-3.3973,-5.6023,-0.7114,12.8,-1.4,2.8,0.7,2.0,-865.0,-819.0,0
29.2362,rev_0.4,-0.4,0.0,0.4892,0.0724,0.4612,0.0209,2.0474,-3.3973,-5.6023,-0.7114,12.4,-4.1,3.6,2.1,2.6,-829.0,-832.0,0
29.2865,rev_0.4,-0.4,0.0,0.4892,0.0724,0.4612,0.0209,2.0474,-3.3973,-5.6023,-0.7114,12.4,-4.1,3.6,2.1,2.6,-829.0,-832.0,0
29.3374,rev_0.4,-0.4,0.0,0.5095,0.0,0.4612,0.0209,2.0474,-3.3973,-5.6023,-0.7114,12.4,-4.1,3.6,2.1,2.6,-829.0,-832.0,0
29.3879,rev_0.4,-0.4,0.0,0.5095,0.0,0.4698,0.0098,2.0474,-3.3973,-5.6023,-0.7114,12.4,-4.1,3.6,2.1,2.6,-829.0,-832.0,0
29.4384,rev_0.4,-0.4,0.0,0.5095,0.0,0.4698,0.0098,2.0465,-3.3973,-5.6023,-0.7114,12.4,-4.1,3.6,2.1,2.6,-829.0,-832.0,0
29.4889,rev_0.4,-0.4,0.0,0.5095,0.0,0.4698,0.0098,2.0465,-3.5074,-5.5349,-0.712,12.4,-4.1,3.6,2.1,2.6,-829.0,-832.0,0
29.5394,rev_0.4,-0.4,0.0,0.5095,0.0,0.4698,0.0098,2.0465,-3.5074,-5.5349,-0.712,12.6,-3.4,3.1,1.9,2.4,-837.0,-835.0,0
29.5897,rev_0.4,-0.4,0.0,0.5095,0.0,0.4698,0.0098,2.0465,-3.5074,-5.5349,-0.712,12.6,-3.4,3.1,1.9,2.4,-837.0,-835.0,0
29.6412,rev_0.4,-0.4,0.0,0.3561,0.0145,0.4698,0.0098,2.0465,-3.5074,-5.5349,-0.712,12.6,-3.4,3.1,1.9,2.4,-837.0,-835.0,0
29.6918,rev_0.4,-0.4,0.0,0.3561,0.0145,0.3993,0.0183,2.0465,-3.5074,-5.5349,-0.712,12.6,-3.4,3.1,1.9,2.4,-837.0,-835.0,0
29.7423,rev_0.4,-0.4,0.0,0.3561,0.0145,0.3993,0.0183,2.0416,-3.5074,-5.5349,-0.712,12.6,-3.4,3.1,1.9,2.4,-837.0,-835.0,0
29.7927,rev_0.4,-0.4,0.0,0.3561,0.0145,0.3993,0.0183,2.0416,-3.6127,-5.4746,-0.6913,12.6,-3.4,3.1,1.9,2.4,-837.0,-835.0,0
29.8432,rev_0.4,-0.4,0.0,0.3561,0.0145,0.3993,0.0183,2.0416,-3.6127,-5.4746,-0.6913,12.7,-3.0,2.6,1.4,1.7,-880.0,-879.0,0
29.8935,rev_0.4,-0.4,0.0,0.3561,0.0145,0.3993,0.0183,2.0416,-3.6127,-5.4746,-0.6913,12.7,-3.0,2.6,1.4,1.7,-880.0,-879.0,0
29.9442,rev_0.4,0.0,0.0,0.5198,0.0001,0.3993,0.0183,2.0416,-3.6127,-5.4746,-0.6913,12.7,-3.0,2.6,1.4,1.7,-880.0,-879.0,0
29.9444,pause,0.0,0.0,0.5198,0.0001,0.3508,0.0104,2.0416,-3.6127,-5.4746,-0.6913,12.7,-3.0,2.6,1.4,1.7,-880.0,-879.0,0
29.9949,pause,0.0,0.0,0.5198,0.0001,0.3508,0.0104,2.0408,-3.6127,-5.4746,-0.6913,12.7,-3.0,2.6,1.4,1.7,-880.0,-879.0,0
30.0456,pause,0.0,0.0,0.5198,0.0001,0.3508,0.0104,2.0408,-3.7138,-5.3922,-0.6739,12.7,-3.0,2.6,1.4,1.7,-880.0,-879.0,0
30.096,pause,0.0,0.0,0.5198,0.0001,0.3508,0.0104,2.0408,-3.7138,-5.3922,-0.6739,12.8,-1.7,1.9,0.7,1.3,-837.0,-813.0,0
30.1464,pause,0.0,0.0,0.5198,0.0001,0.3508,0.0104,2.0408,-3.7138,-5.3922,-0.6739,12.8,-1.7,1.9,0.7,1.3,-837.0,-813.0,0
30.1971,pause,0.0,0.0,0.3989,0.029,0.3508,0.0104,2.0408,-3.7138,-5.3922,-0.6739,12.8,-1.7,1.9,0.7,1.3,-837.0,-813.0,0
30.2476,pause,0.0,0.0,0.3989,0.029,-0.0024,0.0025,2.0408,-3.7138,-5.3922,-0.6739,12.8,-1.7,1.9,0.7,1.3,-837.0,-813.0,0
30.2981,pause,0.0,0.0,0.3989,0.029,-0.0024,0.0025,2.0407,-3.7138,-5.3922,-0.6739,12.8,-1.7,1.9,0.7,1.3,-837.0,-813.0,0
30.3485,pause,0.0,0.0,0.3989,0.029,-0.0024,0.0025,2.0407,-3.8151,-5.2957,-0.7195,12.8,-1.7,1.9,0.7,1.3,-837.0,-813.0,0
30.3989,pause,0.0,0.0,0.3989,0.029,-0.0024,0.0025,2.0407,-3.8151,-5.2957,-0.7195,14.3,5.5,-6.1,1.2,0.8,-816.0,-835.0,0
30.4493,pause,0.0,0.0,0.3989,0.029,-0.0024,0.0025,2.0407,-3.8151,-5.2957,-0.7195,14.3,5.5,-6.1,1.2,0.8,-816.0,-835.0,0
30.4999,pause,0.0,0.0,0.2516,-0.0145,-0.0024,0.0025,2.0407,-3.8151,-5.2957,-0.7195,14.3,5.5,-6.1,1.2,0.8,-816.0,-835.0,0
30.5505,pause,0.0,0.0,0.2516,-0.0145,-0.0575,0.0401,2.0407,-3.8151,-5.2957,-0.7195,14.3,5.5,-6.1,1.2,0.8,-816.0,-835.0,0
30.5506,fwd_0.6,0.6,0.0,0.2516,-0.0145,-0.0575,0.0401,2.0396,-3.8151,-5.2957,-0.7195,14.3,5.5,-6.1,1.2,0.8,-816.0,-835.0,0
30.6011,fwd_0.6,0.6,0.0,0.2516,-0.0145,-0.0575,0.0401,2.0396,-3.9096,-5.1511,-0.7104,14.3,5.5,-6.1,1.2,0.8,-816.0,-835.0,0
30.6516,fwd_0.6,0.6,0.0,0.2516,-0.0145,-0.0575,0.0401,2.0396,-3.9096,-5.1511,-0.7104,13.2,1.6,-1.0,-0.7,0.0,43.0,0.0,0
30.7019,fwd_0.6,0.6,0.0,0.2516,-0.0145,-0.0575,0.0401,2.0396,-3.9096,-5.1511,-0.7104,13.2,1.6,-1.0,-0.7,0.0,43.0,0.0,0
30.7526,fwd_0.6,0.6,0.0,0.0,0.0,-0.0575,0.0401,2.0396,-3.9096,-5.1511,-0.7104,13.2,1.6,-1.0,-0.7,0.0,43.0,0.0,0
30.8031,fwd_0.6,0.6,0.0,0.0,0.0,-0.2082,0.054,2.0396,-3.9096,-5.1511,-0.7104,13.2,1.6,-1.0,-0.7,0.0,43.0,0.0,0
30.8536,fwd_0.6,0.6,0.0,0.0,0.0,-0.2082,0.054,2.0633,-3.9096,-5.1511,-0.7104,13.2,1.6,-1.0,-0.7,0.0,43.0,0.0,0
30.904,fwd_0.6,0.6,0.0,0.0,0.0,-0.2082,0.054,2.0633,-3.9096,-5.1511,-0.7104,14.4,-2.0,3.1,-0.1,-0.2,134.0,140.0,0
30.9543,fwd_0.6,0.6,0.0,0.0,0.0,-0.2082,0.054,2.0633,-3.9096,-5.1511,-0.7104,14.4,-2.0,3.1,-0.1,-0.2,134.0,140.0,0
31.0052,fwd_0.6,0.6,0.0,-0.0376,0.0723,-0.2082,0.054,2.0633,-3.9096,-5.1511,-0.7104,14.4,-2.0,3.1,-0.1,-0.2,134.0,140.0,0
31.0557,fwd_0.6,0.6,0.0,-0.0376,0.0723,-0.4991,-0.0047,2.0633,-3.9096,-5.1511,-0.7104,14.4,-2.0,3.1,-0.1,-0.2,134.0,140.0,0
31.1062,fwd_0.6,0.6,0.0,-0.0376,0.0723,-0.4991,-0.0047,2.0804,-3.9096,-5.1511,-0.7104,14.4,-2.0,3.1,-0.1,-0.2,134.0,140.0,0
31.1566,fwd_0.6,0.6,0.0,-0.0376,0.0723,-0.4991,-0.0047,2.0804,-3.9096,-5.1511,-0.7104,11.3,9.3,-9.9,4.0,6.6,413.0,448.0,0
31.207,fwd_0.6,0.6,0.0,-0.0376,0.0723,-0.4991,-0.0047,2.0804,-3.9096,-5.1511,-0.7104,11.3,9.3,-9.9,4.0,6.6,413.0,448.0,0
31.2576,fwd_0.6,0.6,0.0,-0.2025,0.0868,-0.4991,-0.0047,2.0804,-3.9096,-5.1511,-0.7104,11.3,9.3,-9.9,4.0,6.6,413.0,448.0,0
31.3081,fwd_0.6,0.6,0.0,-0.2025,0.0868,-0.5806,-0.0117,2.0804,-3.9096,-5.1511,-0.7104,11.3,9.3,-9.9,4.0,6.6,413.0,448.0,0
31.3586,fwd_0.6,0.6,0.0,-0.2025,0.0868,-0.5806,-0.0117,2.0824,-3.9096,-5.1511,-0.7104,11.3,9.3,-9.9,4.0,6.6,413.0,448.0,0
31.4093,fwd_0.6,0.6,0.0,-0.2025,0.0868,-0.5806,-0.0117,2.0824,-3.8084,-5.2568,-0.6963,11.3,9.3,-9.9,4.0,6.6,413.0,448.0,0
31.4598,fwd_0.6,0.6,0.0,-0.2025,0.0868,-0.5806,-0.0117,2.0824,-3.8084,-5.2568,-0.6963,12.1,3.5,-4.9,2.1,3.7,1038.0,960.0,0
31.5102,fwd_0.6,0.6,0.0,-0.2025,0.0868,-0.5806,-0.0117,2.0824,-3.8084,-5.2568,-0.6963,12.1,3.5,-4.9,2.1,3.7,1038.0,960.0,0
31.5609,fwd_0.6,0.6,0.0,-0.515,-0.0579,-0.5806,-0.0117,2.0824,-3.8084,-5.2568,-0.6963,12.1,3.5,-4.9,2.1,3.7,1038.0,960.0,0
31.6116,fwd_0.6,0.6,0.0,-0.515,-0.0579,-0.5069,-0.0062,2.0824,-3.8084,-5.2568,-0.6963,12.1,3.5,-4.9,2.1,3.7,1038.0,960.0,0
31.6621,fwd_0.6,0.6,0.0,-0.515,-0.0579,-0.5069,-0.0062,2.0858,-3.8084,-5.2568,-0.6963,12.1,3.5,-4.9,2.1,3.7,1038.0,960.0,0
31.7128,fwd_0.6,0.6,0.0,-0.515,-0.0579,-0.5069,-0.0062,2.0858,-3.7034,-5.3361,-0.6796,12.1,3.5,-4.9,2.1,3.7,1038.0,960.0,0
31.7632,fwd_0.6,0.6,0.0,-0.515,-0.0579,-0.5069,-0.0062,2.0858,-3.7034,-5.3361,-0.6796,12.4,2.3,-4.0,1.0,2.8,922.0,850.0,0
31.8135,fwd_0.6,0.6,0.0,-0.515,-0.0579,-0.5069,-0.0062,2.0858,-3.7034,-5.3361,-0.6796,12.4,2.3,-4.0,1.0,2.8,922.0,850.0,0
31.8643,fwd_0.6,0.6,0.0,-0.4344,-0.0289,-0.5069,-0.0062,2.0858,-3.7034,-5.3361,-0.6796,12.4,2.3,-4.0,1.0,2.8,922.0,850.0,0
31.9151,fwd_0.6,0.6,0.0,-0.4344,-0.0289,-0.4393,-0.0114,2.0858,-3.7034,-5.3361,-0.6796,12.4,2.3,-4.0,1.0,2.8,922.0,850.0,0
31.9655,fwd_0.6,0.6,0.0,-0.4344,-0.0289,-0.4393,-0.0114,2.086,-3.7034,-5.3361,-0.6796,12.4,2.3,-4.0,1.0,2.8,922.0,850.0,0
32.0161,fwd_0.6,0.6,0.0,-0.4344,-0.0289,-0.4393,-0.0114,2.086,-3.6052,-5.417,-0.672,12.4,2.3,-4.0,1.0,2.8,922.0,850.0,0
32.0665,fwd_0.6,0.6,0.0,-0.4344,-0.0289,-0.4393,-0.0114,2.086,-3.6052,-5.417,-0.672,12.6,3.1,-2.9,1.9,2.2,953.0,949.0,0
32.1169,fwd_0.6,0.6,0.0,-0.4344,-0.0289,-0.4393,-0.0114,2.086,-3.6052,-5.417,-0.672,12.6,3.1,-2.9,1.9,2.2,953.0,949.0,0
32.1676,fwd_0.6,0.6,0.0,-0.495,0.0145,-0.4393,-0.0114,2.086,-3.6052,-5.417,-0.672,12.6,3.1,-2.9,1.9,2.2,953.0,949.0,0
32.2184,fwd_0.6,0.6,0.0,-0.495,0.0145,-0.4857,-0.0182,2.086,-3.6052,-5.417,-0.672,12.6,3.1,-2.9,1.9,2.2,953.0,949.0,0
32.2688,fwd_0.6,0.6,0.0,-0.495,0.0145,-0.4857,-0.0182,2.0943,-3.6052,-5.417,-0.672,12.6,3.1,-2.9,1.9,2.2,953.0,949.0,0
32.3199,fwd_0.6,0.6,0.0,-0.495,0.0145,-0.4857,-0.0182,2.0943,-3.4855,-5.5404,-0.6746,12.6,3.1,-2.9,1.9,2.2,953.0,949.0,0
32.3703,fwd_0.6,0.6,0.0,-0.495,0.0145,-0.4857,-0.0182,2.0943,-3.4855,-5.5404,-0.6746,12.4,3.6,-3.5,2.1,3.0,885.0,862.0,0
32.421,fwd_0.6,0.6,0.0,-0.495,0.0145,-0.4857,-0.0182,2.0943,-3.4855,-5.5404,-0.6746,12.4,3.6,-3.5,2.1,3.0,885.0,862.0,0
32.4717,fwd_0.6,0.6,0.0,-0.4256,-0.0145,-0.4857,-0.0182,2.0943,-3.4855,-5.5404,-0.6746,12.4,3.6,-3.5,2.1,3.0,885.0,862.0,0
32.5221,fwd_0.6,0.6,0.0,-0.4256,-0.0145,-0.4249,-0.027,2.0943,-3.4855,-5.5404,-0.6746,12.4,3.6,-3.5,2.1,3.0,885.0,862.0,0
32.5727,fwd_0.6,0.0,0.0,-0.4256,-0.0145,-0.4249,-0.027,2.0865,-3.4855,-5.5404,-0.6746,12.4,3.6,-3.5,2.1,3.0,885.0,862.0,0
32.573,pause,0.0,0.0,-0.4256,-0.0145,-0.4249,-0.027,2.0865,-3.3883,-5.6129,-0.6687,12.4,3.6,-3.5,2.1,3.0,885.0,862.0,0
32.6234,pause,0.0,0.0,-0.4256,-0.0145,-0.4249,-0.027,2.0865,-3.3883,-5.6129,-0.6687,12.7,2.8,-3.1,2.0,2.4,913.0,908.0,0
32.6737,pause,0.0,0.0,-0.4256,-0.0145,-0.4249,-0.027,2.0865,-3.3883,-5.6129,-0.6687,12.7,2.8,-3.1,2.0,2.4,913.0,908.0,0
32.7244,pause,0.0,0.0,-0.4777,-0.0145,-0.4249,-0.027,2.0865,-3.3883,-5.6129,-0.6687,12.7,2.8,-3.1,2.0,2.4,913.0,908.0,0
32.7749,pause,0.0,0.0,-0.4777,-0.0145,-0.147,-0.0129,2.0865,-3.3883,-5.6129,-0.6687,12.7,2.8,-3.1,2.0,2.4,913.0,908.0,0
32.8253,pause,0.0,0.0,-0.4777,-0.0145,-0.147,-0.0129,2.0919,-3.3883,-5.6129,-0.6687,12.7,2.8,-3.1,2.0,2.4,913.0,908.0,0
32.876,pause,0.0,0.0,-0.4777,-0.0145,-0.147,-0.0129,2.0919,-3.2888,-5.6922,-0.6741,12.7,2.8,-3.1,2.0,2.4,913.0,908.0,0
32.9264,pause,0.0,0.0,-0.4777,-0.0145,-0.147,-0.0129,2.0919,-3.2888,-5.6922,-0.6741,12.4,3.1,-3.7,1.9,2.7,873.0,860.0,0
32.9766,pause,0.0,0.0,-0.4777,-0.0145,-0.147,-0.0129,2.0919,-3.2888,-5.6922,-0.6741,12.4,3.1,-3.7,1.9,2.7,873.0,860.0,0
33.0272,pause,0.0,0.0,-0.307,-0.0289,-0.147,-0.0129,2.0919,-3.2888,-5.6922,-0.6741,12.4,3.1,-3.7,1.9,2.7,873.0,860.0,0
33.0779,pause,0.0,0.0,-0.307,-0.0289,0.0133,-0.0071,2.0919,-3.2888,-5.6922,-0.6741,12.4,3.1,-3.7,1.9,2.7,873.0,860.0,0
33.1285,pause,0.0,0.0,-0.307,-0.0289,0.0133,-0.0071,2.1183,-3.2888,-5.6922,-0.6741,12.4,3.1,-3.7,1.9,2.7,873.0,860.0,0
33.1793,pause,0.0,0.0,-0.307,-0.0289,0.0133,-0.0071,2.1183,-3.1866,-5.7629,-0.6645,12.4,3.1,-3.7,1.9,2.7,873.0,860.0,0
33.1796,rev_0.6,-0.6,0.0,-0.307,-0.0289,0.0133,-0.0071,2.1183,-3.1866,-5.7629,-0.6645,13.2,-0.4,0.3,0.1,0.0,-37.0,153.0,0
33.23,rev_0.6,-0.6,0.0,-0.307,-0.0289,0.0133,-0.0071,2.1183,-3.1866,-5.7629,-0.6645,13.2,-0.4,0.3,0.1,0.0,-37.0,153.0,0
33.2812,rev_0.6,-0.6,0.0,-0.0145,0.0145,0.0133,-0.0071,2.1183,-3.1866,-5.7629,-0.6645,13.2,-0.4,0.3,0.1,0.0,-37.0,153.0,0
33.3318,rev_0.6,-0.6,0.0,-0.0145,0.0145,0.1975,-0.0233,2.1183,-3.1866,-5.7629,-0.6645,13.2,-0.4,0.3,0.1,0.0,-37.0,153.0,0
33.3825,rev_0.6,-0.6,0.0,-0.0145,0.0145,0.1975,-0.0233,2.122,-3.1866,-5.7629,-0.6645,13.2,-0.4,0.3,0.1,0.0,-37.0,153.0,0
33.4332,rev_0.6,-0.6,0.0,-0.0145,0.0145,0.1975,-0.0233,2.122,-3.0732,-5.8541,-0.663,13.2,-0.4,0.3,0.1,0.0,-37.0,153.0,0
33.484,rev_0.6,-0.6,0.0,-0.0145,0.0145,0.1975,-0.0233,2.122,-3.0732,-5.8541,-0.663,13.2,0.0,0.0,-0.1,0.0,0.0,0.0,0
33.5344,rev_0.6,-0.6,0.0,-0.0145,0.0145,0.1975,-0.0233,2.122,-3.0732,-5.8541,-0.663,13.2,0.0,0.0,-0.1,0.0,0.0,0.0,0
33.5854,rev_0.6,-0.6,0.0,0.0029,-0.0145,0.1975,-0.0233,2.122,-3.0732,-5.8541,-0.663,13.2,0.0,0.0,-0.1,0.0,0.0,0.0,0
33.6361,rev_0.6,-0.6,0.0,0.0029,-0.0145,0.5714,0.0558,2.122,-3.0732,-5.8541,-0.663,13.2,0.0,0.0,-0.1,0.0,0.0,0.0,0
33.6867,rev_0.6,-0.6,0.0,0.0029,-0.0145,0.5714,0.0558,2.103,-3.0732,-5.8541,-0.663,13.2,0.0,0.0,-0.1,0.0,0.0,0.0,0
33.7373,rev_0.6,-0.6,0.0,0.0029,-0.0145,0.5714,0.0558,2.103,-2.9382,-6.0086,-0.6684,13.2,0.0,0.0,-0.1,0.0,0.0,0.0,0
33.788,rev_0.6,-0.6,0.0,0.0029,-0.0145,0.5714,0.0558,2.103,-2.9382,-6.0086,-0.6684,10.9,-8.6,9.0,6.0,2.2,-774.0,-841.0,0
33.8384,rev_0.6,-0.6,0.0,0.0029,-0.0145,0.5714,0.0558,2.103,-2.9382,-6.0086,-0.6684,10.9,-8.6,9.0,6.0,2.2,-774.0,-841.0,0
33.8893,rev_0.6,-0.6,0.0,0.3561,-0.1014,0.5714,0.0558,2.103,-2.9382,-6.0086,-0.6684,10.9,-8.6,9.0,6.0,2.2,-774.0,-841.0,0
33.94,rev_0.6,-0.6,0.0,0.3561,-0.1014,0.7673,0.0309,2.103,-2.9382,-6.0086,-0.6684,10.9,-8.6,9.0,6.0,2.2,-774.0,-841.0,0
33.9907,rev_0.6,-0.6,0.0,0.3561,-0.1014,0.7673,0.0309,2.1035,-2.9382,-6.0086,-0.6684,10.9,-8.6,9.0,6.0,2.2,-774.0,-841.0,0
34.0414,rev_0.6,-0.6,0.0,0.3561,-0.1014,0.7673,0.0309,2.1035,-2.8253,-6.1002,-0.6756,10.9,-8.6,9.0,6.0,2.2,-774.0,-841.0,0
34.0921,rev_0.6,-0.6,0.0,0.3561,-0.1014,0.7673,0.0309,2.1035,-2.8253,-6.1002,-0.6756,11.5,-3.9,6.2,0.7,0.9,-1368.0,-1246.0,0
34.1426,rev_0.6,-0.6,0.0,0.3561,-0.1014,0.7673,0.0309,2.1035,-2.8253,-6.1002,-0.6756,11.5,-3.9,6.2,0.7,0.9,-1368.0,-1246.0,0
34.1935,rev_0.6,-0.6,0.0,0.7928,0.0868,0.7673,0.0309,2.1035,-2.8253,-6.1002,-0.6756,11.5,-3.9,6.2,0.7,0.9,-1368.0,-1246.0,0
34.2442,rev_0.6,-0.6,0.0,0.7928,0.0868,0.671,0.0141,2.1035,-2.8253,-6.1002,-0.6756,11.5,-3.9,6.2,0.7,0.9,-1368.0,-1246.0,0
34.295,rev_0.6,-0.6,0.0,0.7928,0.0868,0.671,0.0141,2.1027,-2.8253,-6.1002,-0.6756,11.5,-3.9,6.2,0.7,0.9,-1368.0,-1246.0,0
34.3455,rev_0.6,-0.6,0.0,0.7928,0.0868,0.671,0.0141,2.1027,-2.9487,-6.0118,-0.6598,11.5,-3.9,6.2,0.7,0.9,-1368.0,-1246.0,0
34.3961,rev_0.6,-0.6,0.0,0.7928,0.0868,0.671,0.0141,2.1027,-2.9487,-6.0118,-0.6598,12.3,-3.5,3.6,0.5,0.5,-1352.0,-1330.0,0
34.4465,rev_0.6,-0.6,0.0,0.7928,0.0868,0.671,0.0141,2.1027,-2.9487,-6.0118,-0.6598,12.3,-3.5,3.6,0.5,0.5,-1352.0,-1330.0,0
34.4974,rev_0.6,-0.6,0.0,0.5731,0.0,0.671,0.0141,2.1027,-2.9487,-6.0118,-0.6598,12.3,-3.5,3.6,0.5,0.5,-1352.0,-1330.0,0
34.5479,rev_0.6,-0.6,0.0,0.5731,0.0,0.7514,0.0101,2.1027,-2.9487,-6.0118,-0.6598,12.3,-3.5,3.6,0.5,0.5,-1352.0,-1330.0,0
34.5985,rev_0.6,-0.6,0.0,0.5731,0.0,0.7514,0.0101,2.0937,-2.9487,-6.0118,-0.6598,12.3,-3.5,3.6,0.5,0.5,-1352.0,-1330.0,0
34.6491,rev_0.6,-0.6,0.0,0.5731,0.0,0.7514,0.0101,2.0937,-3.0661,-5.9204,-0.6597,12.3,-3.5,3.6,0.5,0.5,-1352.0,-1330.0,0
34.6996,rev_0.6,-0.6,0.0,0.5731,0.0,0.7514,0.0101,2.0937,-3.0661,-5.9204,-0.6597,12.2,-3.2,3.3,0.5,0.5,-1394.0,-1386.0,0
34.7501,rev_0.6,-0.6,0.0,0.5731,0.0,0.7514,0.0101,2.0937,-3.0661,-5.9204,-0.6597,12.2,-3.2,3.3,0.5,0.5,-1394.0,-1386.0,0
34.8011,rev_0.6,-0.6,0.0,0.828,-0.0,0.7514,0.0101,2.0937,-3.0661,-5.9204,-0.6597,12.2,-3.2,3.3,0.5,0.5,-1394.0,-1386.0,0
34.8522,rev_0.6,-0.6,0.0,0.828,-0.0,0.598,0.0154,2.0937,-3.0661,-5.9204,-0.6597,12.2,-3.2,3.3,0.5,0.5,-1394.0,-1386.0,0
34.9029,rev_0.6,-0.6,0.0,0.828,-0.0,0.598,0.0154,2.0846,-3.0661,-5.9204,-0.6597,12.2,-3.2,3.3,0.5,0.5,-1394.0,-1386.0,0
34.9535,rev_0.6,-0.6,0.0,0.828,-0.0,0.598,0.0154,2.0846,-3.2186,-5.8045,-0.6728,12.2,-3.2,3.3,0.5,0.5,-1394.0,-1386.0,0
35.0041,rev_0.6,-0.6,0.0,0.828,-0.0,0.598,0.0154,2.0846,-3.2186,-5.8045,-0.6728,11.9,-2.9,2.8,0.6,0.5,-1262.0,-1277.0,0
35.0545,rev_0.6,-0.6,0.0,0.828,-0.0,0.598,0.0154,2.0846,-3.2186,-5.8045,-0.6728,11.9,-2.9,2.8,0.6,0.5,-1262.0,-1277.0,0
35.1052,rev_0.6,-0.6,0.0,0.5461,-0.0143,0.598,0.0154,2.0846,-3.2186,-5.8045,-0.6728,11.9,-2.9,2.8,0.6,0.5,-1262.0,-1277.0,0
35.1558,rev_0.6,-0.6,0.0,0.5461,-0.0143,0.7768,0.0142,2.0846,-3.2186,-5.8045,-0.6728,11.9,-2.9,2.8,0.6,0.5,-1262.0,-1277.0,0
35.2062,rev_0.6,0.0,0.0,0.5461,-0.0143,0.7768,0.0142,2.0862,-3.2186,-5.8045,-0.6728,11.9,-2.9,2.8,0.6,0.5,-1262.0,-1277.0,0
35.2064,pause,0.0,0.0,0.5461,-0.0143,0.7768,0.0142,2.0862,-3.342,-5.7081,-0.6614,11.9,-2.9,2.8,0.6,0.5,-1262.0,-1277.0,0
35.2568,pause,0.0,0.0,0.5461,-0.0143,0.7768,0.0142,2.0862,-3.342,-5.7081,-0.6614,12.1,-3.7,3.4,0.6,0.5,-1325.0,-1330.0,0
35.3071,pause,0.0,0.0,0.5461,-0.0143,0.7768,0.0142,2.0862,-3.342,-5.7081,-0.6614,12.1,-3.7,3.4,0.6,0.5,-1325.0,-1330.0,0
35.3583,pause,0.0,0.0,0.5958,0.0,0.7768,0.0142,2.0862,-3.342,-5.7081,-0.6614,12.1,-3.7,3.4,0.6,0.5,-1325.0,-1330.0,0
35.4087,pause,0.0,0.0,0.5958,0.0,0.3783,0.0194,2.0862,-3.342,-5.7081,-0.6614,12.1,-3.7,3.4,0.6,0.5,-1325.0,-1330.0,0
35.4592,pause,0.0,0.0,0.5958,0.0,0.3783,0.0194,2.0824,-3.342,-5.7081,-0.6614,12.1,-3.7,3.4,0.6,0.5,-1325.0,-1330.0,0
35.5097,pause,0.0,0.0,0.5958,0.0,0.3783,0.0194,2.0824,-3.4693,-5.6028,-0.6824,12.1,-3.7,3.4,0.6,0.5,-1325.0,-1330.0,0
35.5603,pause,0.0,0.0,0.5958,0.0,0.3783,0.0194,2.0824,-3.4693,-5.6028,-0.6824,12.4,-2.3,2.8,0.2,0.2,-1239.0,-1234.0,0
35.6117,pause,0.0,0.0,0.5958,0.0,0.3783,0.0194,2.0824,-3.4693,-5.6028,-0.6824,12.4,-2.3,2.8,0.2,0.2,-1239.0,-1234.0,0
35.6631,pause,0.0,0.0,0.7733,0.0289,0.3783,0.0194,2.0824,-3.4693,-5.6028,-0.6824,12.4,-2.3,2.8,0.2,0.2,-1239.0,-1234.0,0
35.714,pause,0.0,0.0,0.7733,0.0289,-0.0441,0.004,2.0824,-3.4693,-5.6028,-0.6824,12.4,-2.3,2.8,0.2,0.2,-1239.0,-1234.0,0
35.7647,pause,0.0,0.0,0.7733,0.0289,-0.0441,0.004,2.0785,-3.4693,-5.6028,-0.6824,12.4,-2.3,2.8,0.2,0.2,-1239.0,-1234.0,0
35.8152,pause,0.0,0.0,0.7733,0.0289,-0.0441,0.004,2.0785,-3.5689,-5.5097,-0.6415,12.4,-2.3,2.8,0.2,0.2,-1239.0,-1234.0,0
35.8153,fwd_0.9,0.9,0.0,0.7733,0.0289,-0.0441,0.004,2.0785,-3.5689,-5.5097,-0.6415,14.0,13.4,-11.1,2.9,2.6,-731.0,-802.0,2
35.8657,fwd_0.9,0.9,0.0,0.7733,0.0289,-0.0441,0.004,2.0785,-3.5689,-5.5097,-0.6415,14.0,13.4,-11.1,2.9,2.6,-731.0,-802.0,2
35.9166,fwd_0.9,0.9,0.0,0.2435,0.029,-0.0441,0.004,2.0785,-3.5689,-5.5097,-0.6415,14.0,13.4,-11.1,2.9,2.6,-731.0,-802.0,2
35.9673,fwd_0.9,0.9,0.0,0.2435,0.029,-0.1431,0.0035,2.0785,-3.5689,-5.5097,-0.6415,14.0,13.4,-11.1,2.9,2.6,-731.0,-802.0,2
36.018,fwd_0.9,0.9,0.0,0.2435,0.029,-0.1431,0.0035,2.0792,-3.5689,-5.5097,-0.6415,14.0,13.4,-11.1,2.9,2.6,-731.0,-802.0,2
36.0687,fwd_0.9,0.9,0.0,0.2435,0.029,-0.1431,0.0035,2.0792,-3.691,-5.4194,-0.6682,14.0,13.4,-11.1,2.9,2.6,-731.0,-802.0,2
36.1194,fwd_0.9,0.9,0.0,0.2435,0.029,-0.1431,0.0035,2.0792,-3.691,-5.4194,-0.6682,13.1,4.0,-3.4,-0.2,0.3,64.0,61.0,0
36.1697,fwd_0.9,0.9,0.0,0.2435,0.029,-0.1431,0.0035,2.0792,-3.691,-5.4194,-0.6682,13.1,4.0,-3.4,-0.2,0.3,64.0,61.0,0
36.2209,fwd_0.9,0.9,0.0,-0.0434,-0.0145,-0.1431,0.0035,2.0792,-3.691,-5.4194,-0.6682,13.1,4.0,-3.4,-0.2,0.3,64.0,61.0,0
36.2714,fwd_0.9,0.9,0.0,-0.0434,-0.0145,-0.7471,0.0116,2.0792,-3.691,-5.4194,-0.6682,13.1,4.0,-3.4,-0.2,0.3,64.0,61.0,0
36.322,fwd_0.9,0.9,0.0,-0.0434,-0.0145,-0.7471,0.0116,2.1132,-3.691,-5.4194,-0.6682,13.1,4.0,-3.4,-0.2,0.3,64.0,61.0,0
36.3726,fwd_0.9,0.9,0.0,-0.0434,-0.0145,-0.7471,0.0116,2.1132,-3.7903,-5.3595,-0.6855,13.1,4.0,-3.4,-0.2,0.3,64.0,61.0,0
36.4232,fwd_0.9,0.9,0.0,-0.0434,-0.0145,-0.7471,0.0116,2.1132,-3.7903,-5.3595,-0.6855,11.0,9.4,-9.2,5.6,7.0,668.0,674.0,0
36.4736,fwd_0.9,0.9,0.0,-0.0434,-0.0145,-0.7471,0.0116,2.1132,-3.7903,-5.3595,-0.6855,11.0,9.4,-9.2,5.6,7.0,668.0,674.0,0
36.5248,fwd_0.9,0.9,0.0,-0.2808,0.0145,-0.7471,0.0116,2.1132,-3.7903,-5.3595,-0.6855,11.0,9.4,-9.2,5.6,7.0,668.0,674.0,0
36.5754,fwd_0.9,0.9,0.0,-0.2808,0.0145,-0.6177,-0.0108,2.1132,-3.7903,-5.3595,-0.6855,11.0,9.4,-9.2,5.6,7.0,668.0,674.0,0
36.6263,fwd_0.9,0.9,0.0,-0.2808,0.0145,-0.6177,-0.0108,2.1119,-3.7903,-5.3595,-0.6855,11.0,9.4,-9.2,5.6,7.0,668.0,674.0,0
36.6768,fwd_0.9,0.9,0.0,-0.2808,0.0145,-0.6177,-0.0108,2.1119,-3.8979,-5.2654,-0.6926,11.0,9.4,-9.2,5.6,7.0,668.0,674.0,0
36.7273,fwd_0.9,0.9,0.0,-0.2808,0.0145,-0.6177,-0.0108,2.1119,-3.8979,-5.2654,-0.6926,11.7,4.5,-4.1,0.7,0.6,1439.0,1446.0,0
36.7776,fwd_0.9,0.9,0.0,-0.2808,0.0145,-0.6177,-0.0108,2.1119,-3.8979,-5.2654,-0.6926,11.7,4.5,-4.1,0.7,0.6,1439.0,1446.0,0
36.8287,fwd_0.9,0.9,0.0,-0.8254,0.0144,-0.6177,-0.0108,2.1119,-3.8979,-5.2654,-0.6926,11.7,4.5,-4.1,0.7,0.6,1439.0,1446.0,0
36.8793,fwd_0.9,0.9,0.0,-0.8254,0.0144,-0.9109,-0.0162,2.1119,-3.8979,-5.2654,-0.6926,11.7,4.5,-4.1,0.7,0.6,1439.0,1446.0,0
36.93,fwd_0.9,0.9,0.0,-0.8254,0.0144,-0.9109,-0.0162,2.1142,-3.8979,-5.2654,-0.6926,11.7,4.5,-4.1,0.7,0.6,1439.0,1446.0,0
36.9807,fwd_0.9,0.9,0.0,-0.8254,0.0144,-0.9109,-0.0162,2.1142,-3.9909,-5.1691,-0.6747,11.7,4.5,-4.1,0.7,0.6,1439.0,1446.0,0
37.0312,fwd_0.9,0.9,0.0,-0.8254,0.0144,-0.9109,-0.0162,2.1142,-3.9909,-5.1691,-0.6747,11.6,4.3,-3.9,0.8,0.6,1471.0,1481.0,0
37.0816,fwd_0.9,0.9,0.0,-0.8254,0.0144,-0.9109,-0.0162,2.1142,-3.9909,-5.1691,-0.6747,11.6,4.3,-3.9,0.8,0.6,1471.0,1481.0,0
37.1323,fwd_0.9,0.9,0.0,-0.7997,0.0,-0.9109,-0.0162,2.1142,-3.9909,-5.1691,-0.6747,11.6,4.3,-3.9,0.8,0.6,1471.0,1481.0,0
37.1827,fwd_0.9,0.9,0.0,-0.7997,0.0,-0.7667,-0.0071,2.1142,-3.9909,-5.1691,-0.6747,11.6,4.3,-3.9,0.8,0.6,1471.0,1481.0,0
37.2331,fwd_0.9,0.9,0.0,-0.7997,0.0,-0.7667,-0.0071,2.119,-3.9909,-5.1691,-0.6747,11.6,4.3,-3.9,0.8,0.6,1471.0,1481.0,0
37.2835,fwd_0.9,0.9,0.0,-0.7997,0.0,-0.7667,-0.0071,2.119,-3.8811,-5.2515,-0.6854,11.6,4.3,-3.9,0.8,0.6,1471.0,1481.0,0
37.3339,fwd_0.9,0.9,0.0,-0.7997,0.0,-0.7667,-0.0071,2.119,-3.8811,-5.2515,-0.6854,12.1,4.7,-2.5,0.7,0.4,1371.0,1478.0,0
37.3842,fwd_0.9,0.9,0.0,-0.7997,0.0,-0.7667,-0.0071,2.119,-3.8811,-5.2515,-0.6854,12.1,4.7,-2.5,0.7,0.4,1371.0,1478.0,0
37.4349,fwd_0.9,0.9,0.0,-0.689,-0.0289,-0.7667,-0.0071,2.119,-3.8811,-5.2515,-0.6854,12.1,4.7,-2.5,0.7,0.4,1371.0,1478.0,0
37.4854,fwd_0.9,0.9,0.0,-0.689,-0.0289,-0.6741,-0.0168,2.119,-3.8811,-5.2515,-0.6854,12.1,4.7,-2.5,0.7,0.4,1371.0,1478.0,0
37.5358,fwd_0.9,0.9,0.0,-0.689,-0.0289,-0.6741,-0.0168,2.1264,-3.8811,-5.2515,-0.6854,12.1,4.7,-2.5,0.7,0.4,1371.0,1478.0,0
37.5862,fwd_0.9,0.9,0.0,-0.689,-0.0289,-0.6741,-0.0168,2.1264,-3.7682,-5.3344,-0.6753,12.1,4.7,-2.5,0.7,0.4,1371.0,1478.0,0
37.6368,fwd_0.9,0.9,0.0,-0.689,-0.0289,-0.6741,-0.0168,2.1264,-3.7682,-5.3344,-0.6753,11.8,3.7,-4.0,0.7,0.6,1430.0,1412.0,0
37.6872,fwd_0.9,0.9,0.0,-0.689,-0.0289,-0.6741,-0.0168,2.1264,-3.7682,-5.3344,-0.6753,11.8,3.7,-4.0,0.7,0.6,1430.0,1412.0,0
37.7379,fwd_0.9,0.9,0.0,-0.7613,0.0145,-0.6741,-0.0168,2.1264,-3.7682,-5.3344,-0.6753,11.8,3.7,-4.0,0.7,0.6,1430.0,1412.0,0
37.7884,fwd_0.9,0.9,0.0,-0.7613,0.0145,-0.729,-0.028,2.1264,-3.7682,-5.3344,-0.6753,11.8,3.7,-4.0,0.7,0.6,1430.0,1412.0,0
37.8388,fwd_0.9,0.0,0.0,-0.7613,0.0145,-0.729,-0.028,2.1311,-3.7682,-5.3344,-0.6753,11.8,3.7,-4.0,0.7,0.6,1430.0,1412.0,0
37.839,pause,0.0,0.0,-0.7613,0.0145,-0.729,-0.028,2.1311,-3.6397,-5.4374,-0.6624,11.8,3.7,-4.0,0.7,0.6,1430.0,1412.0,0
37.8894,pause,0.0,0.0,-0.7613,0.0145,-0.729,-0.028,2.1311,-3.6397,-5.4374,-0.6624,12.1,4.0,-3.6,0.6,0.5,1338.0,1415.0,0
37.9397,pause,0.0,0.0,-0.7613,0.0145,-0.729,-0.028,2.1311,-3.6397,-5.4374,-0.6624,12.1,4.0,-3.6,0.6,0.5,1338.0,1415.0,0
37.9906,pause,0.0,0.0,-0.6687,0.0145,-0.729,-0.028,2.1311,-3.6397,-5.4374,-0.6624,12.1,4.0,-3.6,0.6,0.5,1338.0,1415.0,0
38.0416,pause,0.0,0.0,-0.6687,0.0145,-0.3342,0.0149,2.1311,-3.6397,-5.4374,-0.6624,12.1,4.0,-3.6,0.6,0.5,1338.0,1415.0,0
38.0922,pause,0.0,0.0,-0.6687,0.0145,-0.3342,0.0149,2.1256,-3.6397,-5.4374,-0.6624,12.1,4.0,-3.6,0.6,0.5,1338.0,1415.0,0
38.1429,pause,0.0,0.0,-0.6687,0.0145,-0.3342,0.0149,2.1256,-3.5099,-5.5253,-0.6572,12.1,4.0,-3.6,0.6,0.5,1338.0,1415.0,0
38.1934,pause,0.0,0.0,-0.6687,0.0145,-0.3342,0.0149,2.1256,-3.5099,-5.5253,-0.6572,12.1,3.1,-3.9,0.5,0.6,1383.0,1355.0,0
38.2438,pause,0.0,0.0,-0.6687,0.0145,-0.3342,0.0149,2.1256,-3.5099,-5.5253,-0.6572,12.1,3.1,-3.9,0.5,0.6,1383.0,1355.0,0
38.2947,pause,0.0,0.0,-0.7237,-0.029,-0.3342,0.0149,2.1256,-3.5099,-5.5253,-0.6572,12.1,3.1,-3.9,0.5,0.6,1383.0,1355.0,0
38.3453,pause,0.0,0.0,-0.7237,-0.029,0.0406,0.0091,2.1256,-3.5099,-5.5253,-0.6572,12.1,3.1,-3.9,0.5,0.6,1383.0,1355.0,0
38.3959,pause,0.0,0.0,-0.7237,-0.029,0.0406,0.0091,2.1295,-3.5099,-5.5253,-0.6572,12.1,3.1,-3.9,0.5,0.6,1383.0,1355.0,0
38.4464,pause,0.0,0.0,-0.7237,-0.029,0.0406,0.0091,2.1295,-3.356,-5.5946,-0.6281,12.1,3.1,-3.9,0.5,0.6,1383.0,1355.0,0
38.4465,rev_0.9,-0.9,0.0,-0.7237,-0.029,0.0406,0.0091,2.1295,-3.356,-5.5946,-0.6281,11.9,-13.6,10.6,3.9,3.4,-303.0,962.0,2
38.4968,rev_0.9,-0.9,0.0,-0.7237,-0.029,0.0406,0.0091,2.1295,-3.356,-5.5946,-0.6281,11.9,-13.6,10.6,3.9,3.4,-303.0,962.0,2
38.5479,rev_0.9,-0.9,0.0,-0.2725,-0.0,0.0406,0.0091,2.1295,-3.356,-5.5946,-0.6281,11.9,-13.6,10.6,3.9,3.4,-303.0,962.0,2
38.5983,rev_0.9,-0.9,0.0,-0.2725,-0.0,0.2078,-0.0093,2.1295,-3.356,-5.5946,-0.6281,11.9,-13.6,10.6,3.9,3.4,-303.0,962.0,2
38.6488,rev_0.9,-0.9,0.0,-0.2725,-0.0,0.2078,-0.0093,2.1353,-3.356,-5.5946,-0.6281,11.9,-13.6,10.6,3.9,3.4,-303.0,962.0,2
38.6993,rev_0.9,-0.9,0.0,-0.2725,-0.0,0.2078,-0.0093,2.1353,-3.2034,-5.83,-0.6446,11.9,-13.6,10.6,3.9,3.4,-303.0,962.0,2
38.7497,rev_0.9,-0.9,0.0,-0.2725,-0.0,0.2078,-0.0093,2.1353,-3.2034,-5.83,-0.6446,13.2,-0.4,0.1,-0.6,0.0,-90.0,-97.0,0
38.8,rev_0.9,-0.9,0.0,-0.2725,-0.0,0.2078,-0.0093,2.1353,-3.2034,-5.83,-0.6446,13.2,-0.4,0.1,-0.6,0.0,-90.0,-97.0,0
38.8507,rev_0.9,-0.9,0.0,0.055,-0.0145,0.2078,-0.0093,2.1353,-3.2034,-5.83,-0.6446,13.2,-0.4,0.1,-0.6,0.0,-90.0,-97.0,0
38.9012,rev_0.9,-0.9,0.0,0.055,-0.0145,0.6779,-0.0237,2.1353,-3.2034,-5.83,-0.6446,13.2,-0.4,0.1,-0.6,0.0,-90.0,-97.0,0
38.9517,rev_0.9,-0.9,0.0,0.055,-0.0145,0.6779,-0.0237,2.1332,-3.2034,-5.83,-0.6446,13.2,-0.4,0.1,-0.6,0.0,-90.0,-97.0,0
39.0021,rev_0.9,-0.9,0.0,0.055,-0.0145,0.6779,-0.0237,2.1332,-3.0764,-5.9097,-0.6444,13.2,-0.4,0.1,-0.6,0.0,-90.0,-97.0,0
39.0526,rev_0.9,-0.9,0.0,0.055,-0.0145,0.6779,-0.0237,2.1332,-3.0764,-5.9097,-0.6444,10.8,-8.2,8.4,5.0,6.5,-700.0,-736.0,0
39.1029,rev_0.9,-0.9,0.0,0.055,-0.0145,0.6779,-0.0237,2.1332,-3.0764,-5.9097,-0.6444,10.8,-8.2,8.4,5.0,6.5,-700.0,-736.0,0
39.1535,rev_0.9,-0.9,0.0,0.3356,-0.0579,0.6779,-0.0237,2.1332,-3.0764,-5.9097,-0.6444,10.8,-8.2,8.4,5.0,6.5,-700.0,-736.0,0
39.204,rev_0.9,-0.9,0.0,0.3356,-0.0579,0.8516,0.0736,2.1332,-3.0764,-5.9097,-0.6444,10.8,-8.2,8.4,5.0,6.5,-700.0,-736.0,0
39.2545,rev_0.9,-0.9,0.0,0.3356,-0.0579,0.8516,0.0736,2.123,-3.0764,-5.9097,-0.6444,10.8,-8.2,8.4,5.0,6.5,-700.0,-736.0,0
39.3051,rev_0.9,-0.9,0.0,0.3356,-0.0579,0.8516,0.0736,2.123,-2.9282,-5.9956,-0.6202,10.8,-8.2,8.4,5.0,6.5,-700.0,-736.0,0
39.3557,rev_0.9,-0.9,0.0,0.3356,-0.0579,0.8516,0.0736,2.123,-2.9282,-5.9956,-0.6202,9.0,-6.8,6.3,3.7,5.1,-1529.0,-1546.0,0
39.406,rev_0.9,-0.9,0.0,0.3356,-0.0579,0.8516,0.0736,2.123,-2.9282,-5.9956,-0.6202,9.0,-6.8,6.3,3.7,5.1,-1529.0,-1546.0,0
39.4566,rev_0.9,-0.9,0.0,0.7758,-0.029,0.8516,0.0736,2.123,-2.9282,-5.9956,-0.6202,9.0,-6.8,6.3,3.7,5.1,-1529.0,-1546.0,0
39.5072,rev_0.9,-0.9,0.0,0.7758,-0.029,1.0924,0.0404,2.123,-2.9282,-5.9956,-0.6202,9.0,-6.8,6.3,3.7,5.1,-1529.0,-1546.0,0
39.5576,rev_0.9,-0.9,0.0,0.7758,-0.029,1.0924,0.0404,2.1193,-2.9282,-5.9956,-0.6202,9.0,-6.8,6.3,3.7,5.1,-1529.0,-1546.0,0
39.6081,rev_0.9,-0.9,0.0,0.7758,-0.029,1.0924,0.0404,2.1193,-2.821,-6.0672,-0.6146,9.0,-6.8,6.3,3.7,5.1,-1529.0,-1546.0,0
39.6585,rev_0.9,-0.9,0.0,0.7758,-0.029,1.0924,0.0404,2.1193,-2.821,-6.0672,-0.6146,9.4,-4.0,7.7,2.9,6.5,-1846.0,-1696.0,0
39.7088,rev_0.9,-0.9,0.0,0.7758,-0.029,1.0924,0.0404,2.1193,-2.821,-6.0672,-0.6146,9.4,-4.0,7.7,2.9,6.5,-1846.0,-1696.0,0
39.7594,rev_0.9,-0.9,0.0,0.8711,0.1013,1.0924,0.0404,2.1193,-2.821,-6.0672,-0.6146,9.4,-4.0,7.7,2.9,6.5,-1846.0,-1696.0,0
39.81,rev_0.9,-0.9,0.0,0.8711,0.1013,1.0302,0.0395,2.1193,-2.821,-6.0672,-0.6146,9.4,-4.0,7.7,2.9,6.5,-1846.0,-1696.0,0
39.8604,rev_0.9,-0.9,0.0,0.8711,0.1013,1.0302,0.0395,2.1189,-2.821,-6.0672,-0.6146,9.4,-4.0,7.7,2.9,6.5,-1846.0,-1696.0,0
39.9109,rev_0.9,-0.9,0.0,0.8711,0.1013,1.0302,0.0395,2.1189,-2.6961,-6.1455,-0.6239,9.4,-4.0,7.7,2.9,6.5,-1846.0,-1696.0,0
39.9613,rev_0.9,-0.9,0.0,0.8711,0.1013,1.0302,0.0395,2.1189,-2.6961,-6.1455,-0.6239,11.4,-3.8,3.3,2.0,2.5,-2014.0,-2026.0,0
40.0116,rev_0.9,-0.9,0.0,0.8711,0.1013,1.0302,0.0395,2.1189,-2.6961,-6.1455,-0.6239,11.4,-3.8,3.3,2.0,2.5,-2014.0,-2026.0,0
40.0634,rev_0.9,-0.9,0.0,1.1074,0.0,1.0302,0.0395,2.1189,-2.6961,-6.1455,-0.6239,11.4,-3.8,3.3,2.0,2.5,-2014.0,-2026.0,0
40.114,rev_0.9,-0.9,0.0,1.1074,0.0,1.1627,0.0368,2.1189,-2.6961,-6.1455,-0.6239,11.4,-3.8,3.3,2.0,2.5,-2014.0,-2026.0,0
40.1647,rev_0.9,-0.9,0.0,1.1074,0.0,1.1627,0.0368,2.1097,-2.6961,-6.1455,-0.6239,11.4,-3.8,3.3,2.0,2.5,-2014.0,-2026.0,0
40.2152,rev_0.9,-0.9,0.0,1.1074,0.0,1.1627,0.0368,2.1097,-2.5719,-6.2388,-0.6259,11.4,-3.8,3.3,2.0,2.5,-2014.0,-2026.0,0
40.2656,rev_0.9,-0.9,0.0,1.1074,0.0,1.1627,0.0368,2.1097,-2.5719,-6.2388,-0.6259,11.4,-3.9,3.1,2.1,2.5,-2116.0,-2123.0,0
40.3159,rev_0.9,-0.9,0.0,1.1074,0.0,1.1627,0.0368,2.1097,-2.5719,-6.2388,-0.6259,11.4,-3.9,3.1,2.1,2.5,-2116.0,-2123.0,0
40.3668,rev_0.9,-0.9,0.0,1.1394,0.0,1.1627,0.0368,2.1097,-2.5719,-6.2388,-0.6259,11.4,-3.9,3.1,2.1,2.5,-2116.0,-2123.0,0
40.4175,rev_0.9,-0.9,0.0,1.1394,0.0,1.0145,0.0241,2.1097,-2.5719,-6.2388,-0.6259,11.4,-3.9,3.1,2.1,2.5,-2116.0,-2123.0,0
40.4681,rev_0.9,0.0,0.0,1.1394,0.0,1.0145,0.0241,2.1075,-2.5719,-6.2388,-0.6259,11.4,-3.9,3.1,2.1,2.5,-2116.0,-2123.0,0
40.4684,pause,0.0,0.0,1.1394,0.0,1.0145,0.0241,2.1075,-2.4458,-6.3272,-0.6098,11.4,-3.9,3.1,2.1,2.5,-2116.0,-2123.0,0
40.5189,pause,0.0,0.0,1.1394,0.0,1.0145,0.0241,2.1075,-2.4458,-6.3272,-0.6098,11.9,-2.7,2.8,0.9,1.7,-2051.0,-2063.0,0
40.5692,pause,0.0,0.0,1.1394,0.0,1.0145,0.0241,2.1075,-2.4458,-6.3272,-0.6098,11.9,-2.7,2.8,0.9,1.7,-2051.0,-2063.0,0
40.6199,pause,0.0,0.0,1.2645,0.0145,1.0145,0.0241,2.1075,-2.4458,-6.3272,-0.6098,11.9,-2.7,2.8,0.9,1.7,-2051.0,-2063.0,0
40.6706,pause,0.0,0.0,1.2645,0.0145,1.1018,0.0208,2.1075,-2.4458,-6.3272,-0.6098,11.9,-2.7,2.8,0.9,1.7,-2051.0,-2063.0,0
40.7214,pause,0.0,0.0,1.2645,0.0145,1.1018,0.0208,2.1195,-2.4458,-6.3272,-0.6098,11.9,-2.7,2.8,0.9,1.7,-2051.0,-2063.0,0
40.7721,pause,0.0,0.0,1.2645,0.0145,1.1018,0.0208,2.1195,-2.3356,-6.4241,-0.6287,11.9,-2.7,2.8,0.9,1.7,-2051.0,-2063.0,0
40.8226,pause,0.0,0.0,1.2645,0.0145,1.1018,0.0208,2.1195,-2.3356,-6.4241,-0.6287,11.4,-3.6,2.9,2.1,2.2,-2157.0,-2150.0,0
40.873,pause,0.0,0.0,1.2645,0.0145,1.1018,0.0208,2.1195,-2.3356,-6.4241,-0.6287,11.4,-3.6,2.9,2.1,2.2,-2157.0,-2150.0,0
40.9237,pause,0.0,0.0,1.0828,0.0,1.1018,0.0208,2.1195,-2.3356,-6.4241,-0.6287,11.4,-3.6,2.9,2.1,2.2,-2157.0,-2150.0,0
40.9741,pause,0.0,0.0,1.0828,0.0,0.5047,0.0473,2.1195,-2.3356,-6.4241,-0.6287,11.4,-3.6,2.9,2.1,2.2,-2157.0,-2150.0,0
41.0246,pause,0.0,0.0,1.0828,0.0,0.5047,0.0473,2.1156,-2.3356,-6.4241,-0.6287,11.4,-3.6,2.9,2.1,2.2,-2157.0,-2150.0,0
41.075,pause,0.0,0.0,1.0828,0.0,0.5047,0.0473,2.1156,-2.2229,-6.4924,-0.6075,11.4,-3.6,2.9,2.1,2.2,-2157.0,-2150.0,0
41.0752,accel_0.9,0.9,0.0,1.0828,0.0,0.5047,0.0473,2.1156,-2.2229,-6.4924,-0.6075,14.3,0.0,0.0,-0.1,0.0,-1418.0,-1427.0,2
41.1255,accel_0.9,0.9,0.0,1.0828,0.0,0.5047,0.0473,2.1156,-2.2229,-6.4924,-0.6075,14.3,0.0,0.0,-0.1,0.0,-1418.0,-1427.0,2
41.1763,accel_0.9,0.9,0.0,0.912,-0.0145,0.5047,0.0473,2.1156,-2.2229,-6.4924,-0.6075,14.3,0.0,0.0,-0.1,0.0,-1418.0,-1427.0,2
41.2268,accel_0.9,0.9,0.0,0.912,-0.0145,0.2074,-0.0117,2.1156,-2.2229,-6.4924,-0.6075,14.3,0.0,0.0,-0.1,0.0,-1418.0,-1427.0,2
41.2772,accel_0.9,0.9,0.0,0.912,-0.0145,0.2074,-0.0117,2.1002,-2.2229,-6.4924,-0.6075,14.3,0.0,0.0,-0.1,0.0,-1418.0,-1427.0,2
41.3277,accel_0.9,0.9,0.0,0.912,-0.0145,0.2074,-0.0117,2.1002,-2.1244,-6.5697,-0.6166,14.3,0.0,0.0,-0.1,0.0,-1418.0,-1427.0,2
41.3781,accel_0.9,0.9,0.0,0.912,-0.0145,0.2074,-0.0117,2.1002,-2.1244,-6.5697,-0.6166,14.3,0.0,0.0,-0.1,0.0,-1024.0,-973.0,2
41.4284,accel_0.9,0.9,0.0,0.912,-0.0145,0.2074,-0.0117,2.1002,-2.1244,-6.5697,-0.6166,14.3,0.0,0.0,-0.1,0.0,-1024.0,-973.0,2
41.4792,accel_0.9,0.9,0.0,0.5848,0.0869,0.2074,-0.0117,2.1002,-2.1244,-6.5697,-0.6166,14.3,0.0,0.0,-0.1,0.0,-1024.0,-973.0,2
41.5297,accel_0.9,0.9,0.0,0.5848,0.0869,-0.0103,-0.0223,2.1002,-2.1244,-6.5697,-0.6166,14.3,0.0,0.0,-0.1,0.0,-1024.0,-973.0,2
41.5801,accel_0.9,0.9,0.0,0.5848,0.0869,-0.0103,-0.0223,2.129,-2.1244,-6.5697,-0.6166,14.3,0.0,0.0,-0.1,0.0,-1024.0,-973.0,2
41.6306,accel_0.9,0.9,0.0,0.5848,0.0869,-0.0103,-0.0223,2.129,-2.1244,-6.5697,-0.6166,14.2,0.0,0.0,-0.1,0.0,197.0,53.0,2
41.6809,accel_0.9,0.9,0.0,0.5848,0.0869,-0.0103,-0.0223,2.129,-2.1244,-6.5697,-0.6166,14.2,0.0,0.0,-0.1,0.0,197.0,53.0,2
41.7315,accel_0.9,0.9,0.0,0.0464,-0.1158,-0.0103,-0.0223,2.129,-2.1244,-6.5697,-0.6166,14.2,0.0,0.0,-0.1,0.0,197.0,53.0,2
41.782,accel_0.9,0.9,0.0,0.0464,-0.1158,-0.0013,-0.011,2.129,-2.1244,-6.5697,-0.6166,14.2,0.0,0.0,-0.1,0.0,197.0,53.0,2
41.8323,accel_0.9,0.9,0.0,0.0464,-0.1158,-0.0013,-0.011,2.149,-2.1244,-6.5697,-0.6166,14.2,0.0,0.0,-0.1,0.0,197.0,53.0,2
41.8829,accel_0.9,0.9,0.0,0.0464,-0.1158,-0.0013,-0.011,2.149,-2.1244,-6.5697,-0.6166,14.2,0.0,0.0,-0.1,0.0,97.0,0.0,2
41.9333,accel_0.9,0.9,0.0,0.0464,-0.1158,-0.0013,-0.011,2.149,-2.1244,-6.5697,-0.6166,14.2,0.0,0.0,-0.1,0.0,97.0,0.0,2
41.984,accel_0.9,0.9,0.0,-0.0087,-0.0434,-0.0013,-0.011,2.149,-2.1244,-6.5697,-0.6166,14.2,0.0,0.0,-0.1,0.0,97.0,0.0,2
42.0346,accel_0.9,0.9,0.0,-0.0087,-0.0434,-0.0034,-0.0058,2.149,-2.1244,-6.5697,-0.6166,14.2,0.0,0.0,-0.1,0.0,97.0,0.0,2
42.0851,accel_0.9,0.9,0.0,-0.0087,-0.0434,-0.0034,-0.0058,2.1508,-2.1244,-6.5697,-0.6166,14.2,0.0,0.0,-0.1,0.0,97.0,0.0,2
42.1355,accel_0.9,0.9,0.0,-0.0087,-0.0434,-0.0034,-0.0058,2.1508,-2.1244,-6.5697,-0.6166,14.1,0.0,0.0,-0.1,0.0,0.0,0.0,2
42.1859,accel_0.9,0.9,0.0,-0.0087,-0.0434,-0.0034,-0.0058,2.1508,-2.1244,-6.5697,-0.6166,14.1,0.0,0.0,-0.1,0.0,0.0,0.0,2
42.2368,accel_0.9,0.9,0.0,0.0,0.0,-0.0034,-0.0058,2.1508,-2.1244,-6.5697,-0.6166,14.1,0.0,0.0,-0.1,0.0,0.0,0.0,2
42.2872,accel_0.9,0.9,0.0,0.0,0.0,-0.0048,-0.0031,2.1508,-2.1244,-6.5697,-0.6166,14.1,0.0,0.0,-0.1,0.0,0.0,0.0,2
42.3376,accel_0.9,0.9,0.0,0.0,0.0,-0.0048,-0.0031,2.1616,-2.1244,-6.5697,-0.6166,14.1,0.0,0.0,-0.1,0.0,0.0,0.0,2
42.388,accel_0.9,0.9,0.0,0.0,0.0,-0.0048,-0.0031,2.1616,-2.1244,-6.5697,-0.6166,14.1,0.0,0.0,0.0,0.0,0.0,0.0,2
42.4385,accel_0.9,0.9,0.0,0.0,0.0,-0.0048,-0.0031,2.1616,-2.1244,-6.5697,-0.6166,14.1,0.0,0.0,0.0,0.0,0.0,0.0,2
42.4896,accel_0.9,0.9,0.0,0.0,0.0,-0.0048,-0.0031,2.1616,-2.1244,-6.5697,-0.6166,14.1,0.0,0.0,0.0,0.0,0.0,0.0,2
42.5403,accel_0.9,0.9,0.0,0.0,0.0,-0.0088,0.0015,2.1616,-2.1244,-6.5697,-0.6166,14.1,0.0,0.0,0.0,0.0,0.0,0.0,2
42.5908,accel_0.9,0.9,0.0,0.0,0.0,-0.0088,0.0015,2.1709,-2.1244,-6.5697,-0.6166,14.1,0.0,0.0,0.0,0.0,0.0,0.0,2
42.6411,accel_0.9,0.9,0.0,0.0,0.0,-0.0088,0.0015,2.1709,-2.1244,-6.5697,-0.6166,14.0,0.0,0.0,-0.1,0.0,0.0,0.0,2
42.6914,accel_0.9,0.9,0.0,0.0,0.0,-0.0088,0.0015,2.1709,-2.1244,-6.5697,-0.6166,14.0,0.0,0.0,-0.1,0.0,0.0,0.0,2
42.7422,accel_0.9,0.9,0.0,0.0,0.0,-0.0088,0.0015,2.1709,-2.1244,-6.5697,-0.6166,14.0,0.0,0.0,-0.1,0.0,0.0,0.0,2
42.7929,accel_0.9,0.9,0.0,0.0,0.0,-0.0093,0.0038,2.1709,-2.1244,-6.5697,-0.6166,14.0,0.0,0.0,-0.1,0.0,0.0,0.0,2
42.8436,accel_0.9,0.9,0.0,0.0,0.0,-0.0093,0.0038,2.1715,-2.1244,-6.5697,-0.6166,14.0,0.0,0.0,-0.1,0.0,0.0,0.0,2
42.8942,accel_0.9,0.9,0.0,0.0,0.0,-0.0093,0.0038,2.1715,-2.1244,-6.5697,-0.6166,14.0,0.0,0.0,-0.1,0.0,0.0,0.0,2
42.9445,accel_0.9,0.9,0.0,0.0,0.0,-0.0093,0.0038,2.1715,-2.1244,-6.5697,-0.6166,14.0,0.0,0.0,-0.1,0.0,0.0,0.0,2
42.9954,accel_0.9,0.9,0.0,-0.0029,0.0145,-0.0093,0.0038,2.1715,-2.1244,-6.5697,-0.6166,14.0,0.0,0.0,-0.1,0.0,0.0,0.0,2
43.046,accel_0.9,0.9,0.0,-0.0029,0.0145,-0.0068,0.0014,2.1715,-2.1244,-6.5697,-0.6166,14.0,0.0,0.0,-0.1,0.0,0.0,0.0,2
43.0966,accel_0.9,0.0,0.0,-0.0029,0.0145,-0.0068,0.0014,2.1735,-2.1244,-6.5697,-0.6166,14.0,0.0,0.0,-0.1,0.0,0.0,0.0,2
43.0969,decel_0,0.0,0.0,-0.0029,0.0145,-0.0068,0.0014,2.1735,-2.1244,-6.5697,-0.6166,3.0,-0.1,0.0,0.0,0.0,-284.0,95.0,6
43.1473,decel_0,0.0,0.0,-0.0029,0.0145,-0.0068,0.0014,2.1735,-2.1244,-6.5697,-0.6166,3.0,-0.1,0.0,0.0,0.0,-284.0,95.0,6
43.1983,decel_0,0.0,0.0,-0.0029,0.0145,-0.0068,0.0014,2.1735,-2.1244,-6.5697,-0.6166,3.0,-0.1,0.0,0.0,0.0,-284.0,95.0,6
43.249,decel_0,0.0,0.0,-0.0029,0.0145,-0.0016,-0.0027,2.1735,-2.1244,-6.5697,-0.6166,3.0,-0.1,0.0,0.0,0.0,-284.0,95.0,6
43.2996,decel_0,0.0,0.0,-0.0029,0.0145,-0.0016,-0.0027,2.1862,-2.1244,-6.5697,-0.6166,3.0,-0.1,0.0,0.0,0.0,-284.0,95.0,6
43.3501,decel_0,0.0,0.0,-0.0029,0.0145,-0.0016,-0.0027,2.1862,-2.2444,-6.4911,-0.7264,3.0,-0.1,0.0,0.0,0.0,-284.0,95.0,6
43.4007,decel_0,0.0,0.0,-0.0029,0.0145,-0.0016,-0.0027,2.1862,-2.2444,-6.4911,-0.7264,3.1,0.0,0.0,-0.1,0.0,0.0,0.0,4
43.4511,decel_0,0.0,0.0,-0.0029,0.0145,-0.0016,-0.0027,2.1862,-2.2444,-6.4911,-0.7264,3.1,0.0,0.0,-0.1,0.0,0.0,0.0,4
43.502,decel_0,0.0,0.0,0.0,0.0,-0.0016,-0.0027,2.1862,-2.2444,-6.4911,-0.7264,3.1,0.0,0.0,-0.1,0.0,0.0,0.0,4
43.5526,decel_0,0.0,0.0,0.0,0.0,-0.0365,-0.0013,2.1862,-2.2444,-6.4911,-0.7264,3.1,0.0,0.0,-0.1,0.0,0.0,0.0,4
43.6032,decel_0,0.0,0.0,0.0,0.0,-0.0365,-0.0013,2.1979,-2.2444,-6.4911,-0.7264,3.1,0.0,0.0,-0.1,0.0,0.0,0.0,4
43.6537,decel_0,0.0,0.0,0.0,0.0,-0.0365,-0.0013,2.1979,-2.2444,-6.4911,-0.7264,3.3,0.0,0.0,-0.1,0.0,0.0,0.0,4
43.7042,decel_0,0.0,0.0,0.0,0.0,-0.0365,-0.0013,2.1979,-2.2444,-6.4911,-0.7264,3.3,0.0,0.0,-0.1,0.0,0.0,0.0,4
43.7552,decel_0,0.0,0.0,0.0,0.0,-0.0365,-0.0013,2.1979,-2.2444,-6.4911,-0.7264,3.3,0.0,0.0,-0.1,0.0,0.0,0.0,4
43.806,decel_0,0.0,0.0,0.0,0.0,-0.1281,-0.023,2.1979,-2.2444,-6.4911,-0.7264,3.3,0.0,0.0,-0.1,0.0,0.0,0.0,4
43.8566,decel_0,0.0,0.0,0.0,0.0,-0.1281,-0.023,2.1655,-2.2444,-6.4911,-0.7264,3.3,0.0,0.0,-0.1,0.0,0.0,0.0,4
43.9072,decel_0,0.0,0.0,0.0,0.0,-0.1281,-0.023,2.1655,-2.2444,-6.4911,-0.7264,3.3,0.0,0.0,-0.1,0.0,26.0,68.0,4
43.9576,decel_0,0.0,0.0,0.0,0.0,-0.1281,-0.023,2.1655,-2.2444,-6.4911,-0.7264,3.3,0.0,0.0,-0.1,0.0,26.0,68.0,4
44.0089,decel_0,0.0,0.0,-0.0349,0.0003,-0.1281,-0.023,2.1655,-2.2444,-6.4911,-0.7264,3.3,0.0,0.0,-0.1,0.0,26.0,68.0,4
44.06,decel_0,0.0,0.0,-0.0349,0.0003,-0.1081,-0.0047,2.1655,-2.2444,-6.4911,-0.7264,3.3,0.0,0.0,-0.1,0.0,26.0,68.0,4
44.1106,decel_0,0.0,0.0,-0.0349,0.0003,-0.1081,-0.0047,2.1677,-2.2444,-6.4911,-0.7264,3.3,0.0,0.0,-0.1,0.0,26.0,68.0,4
44.1611,decel_0,0.0,0.0,-0.0349,0.0003,-0.1081,-0.0047,2.1677,-2.2444,-6.4911,-0.7264,3.5,0.0,0.0,-0.1,0.0,266.0,194.0,4
44.2114,decel_0,0.0,0.0,-0.0349,0.0003,-0.1081,-0.0047,2.1677,-2.2444,-6.4911,-0.7264,3.5,0.0,0.0,-0.1,0.0,266.0,194.0,4
44.262,decel_0,0.0,0.0,-0.1245,-0.0724,-0.1081,-0.0047,2.1677,-2.2444,-6.4911,-0.7264,3.5,0.0,0.0,-0.1,0.0,266.0,194.0,4
44.3125,decel_0,0.0,0.0,-0.1245,-0.0724,-0.0373,-0.0119,2.1677,-2.2444,-6.4911,-0.7264,3.5,0.0,0.0,-0.1,0.0,266.0,194.0,4
44.3631,decel_0,0.0,0.0,-0.1245,-0.0724,-0.0373,-0.0119,2.1678,-2.2444,-6.4911,-0.7264,3.5,0.0,0.0,-0.1,0.0,266.0,194.0,4
44.4137,decel_0,0.0,0.0,-0.1245,-0.0724,-0.0373,-0.0119,2.1678,-2.2444,-6.4911,-0.7264,3.5,0.0,0.0,-0.1,0.0,201.0,242.0,4
44.4641,decel_0,0.0,0.0,-0.1245,-0.0724,-0.0373,-0.0119,2.1678,-2.2444,-6.4911,-0.7264,3.5,0.0,0.0,-0.1,0.0,201.0,242.0,4
44.5151,decel_0,0.0,0.0,-0.1042,0.0289,-0.0373,-0.0119,2.1678,-2.2444,-6.4911,-0.7264,3.5,0.0,0.0,-0.1,0.0,201.0,242.0,4
44.5658,decel_0,0.0,0.0,-0.1042,0.0289,-0.0016,-0.0119,2.1678,-2.2444,-6.4911,-0.7264,3.5,0.0,0.0,-0.1,0.0,201.0,242.0,4
44.6165,decel_0,0.0,0.0,-0.1042,0.0289,-0.0016,-0.0119,2.1681,-2.2444,-6.4911,-0.7264,3.5,0.0,0.0,-0.1,0.0,201.0,242.0,4
44.6671,decel_0,0.0,0.0,-0.1042,0.0289,-0.0016,-0.0119,2.1681,-2.2444,-6.4911,-0.7264,3.6,0.0,0.0,-0.1,0.0,87.0,47.0,4
44.7174,decel_0,0.0,0.0,-0.1042,0.0289,-0.0016,-0.0119,2.1681,-2.2444,-6.4911,-0.7264,3.6,0.0,0.0,-0.1,0.0,87.0,47.0,4
44.7684,decel_0,0.0,0.0,-0.0347,-0.0,-0.0016,-0.0119,2.1681,-2.2444,-6.4911,-0.7264,3.6,0.0,0.0,-0.1,0.0,87.0,47.0,4
44.8191,decel_0,0.0,0.0,-0.0347,-0.0,-0.0291,-0.045,2.1681,-2.2444,-6.4911,-0.7264,3.6,0.0,0.0,-0.1,0.0,87.0,47.0,4
44.8697,decel_0,0.0,0.0,-0.0347,-0.0,-0.0291,-0.045,2.1682,-2.2444,-6.4911,-0.7264,3.6,0.0,0.0,-0.1,0.0,87.0,47.0,4
44.9205,decel_0,0.0,0.0,-0.0347,-0.0,-0.0291,-0.045,2.1682,-2.2444,-6.4911,-0.7264,3.6,0.0,0.0,-0.1,0.0,0.0,0.0,4
44.9709,decel_0,0.0,0.0,-0.0347,-0.0,-0.0291,-0.045,2.1682,-2.2444,-6.4911,-0.7264,3.6,0.0,0.0,-0.1,0.0,0.0,0.0,4
45.022,decel_0,0.0,0.0,-0.0,-0.029,-0.0291,-0.045,2.1682,-2.2444,-6.4911,-0.7264,3.6,0.0,0.0,-0.1,0.0,0.0,0.0,4
45.0726,decel_0,0.0,0.0,-0.0,-0.029,-0.0265,-0.0102,2.1682,-2.2444,-6.4911,-0.7264,3.6,0.0,0.0,-0.1,0.0,0.0,0.0,4
45.1233,decel_0,0.0,0.0,-0.0,-0.029,-0.0265,-0.0102,2.1717,-2.2444,-6.4911,-0.7264,3.6,0.0,0.0,-0.1,0.0,0.0,0.0,4
45.1236,estop_run,0.9,0.0,-0.0,-0.029,-0.0265,-0.0102,2.1717,-2.2444,-6.4911,-0.7264,3.7,0.0,0.0,0.0,0.0,58.0,11.0,4
45.174,estop_run,0.9,0.0,-0.0,-0.029,-0.0265,-0.0102,2.1717,-2.2444,-6.4911,-0.7264,3.7,0.0,0.0,0.0,0.0,58.0,11.0,4
45.225,estop_run,0.9,0.0,-0.0231,-0.087,-0.0265,-0.0102,2.1717,-2.2444,-6.4911,-0.7264,3.7,0.0,0.0,0.0,0.0,58.0,11.0,4
45.2759,estop_run,0.9,0.0,-0.0231,-0.087,-0.0389,-0.0431,2.1717,-2.2444,-6.4911,-0.7264,3.7,0.0,0.0,0.0,0.0,58.0,11.0,4
45.3265,estop_run,0.9,0.0,-0.0231,-0.087,-0.0389,-0.0431,2.1716,-2.2444,-6.4911,-0.7264,3.7,0.0,0.0,0.0,0.0,58.0,11.0,4
45.377,estop_run,0.9,0.0,-0.0231,-0.087,-0.0389,-0.0431,2.1716,-2.2444,-6.4911,-0.7264,3.8,-0.1,0.0,-0.1,0.0,76.0,50.0,4
45.4273,estop_run,0.9,0.0,-0.0231,-0.087,-0.0389,-0.0431,2.1716,-2.2444,-6.4911,-0.7264,3.8,-0.1,0.0,-0.1,0.0,76.0,50.0,4
45.4779,estop_run,0.9,0.0,-0.0319,-0.0434,-0.0389,-0.0431,2.1716,-2.2444,-6.4911,-0.7264,3.8,-0.1,0.0,-0.1,0.0,76.0,50.0,4
45.5286,estop_run,0.9,0.0,-0.0319,-0.0434,-0.1252,-0.0851,2.1716,-2.2444,-6.4911,-0.7264,3.8,-0.1,0.0,-0.1,0.0,76.0,50.0,4
45.579,estop_run,0.9,0.0,-0.0319,-0.0434,-0.1252,-0.0851,2.1712,-2.2444,-6.4911,-0.7264,3.8,-0.1,0.0,-0.1,0.0,76.0,50.0,4
45.6296,estop_run,0.9,0.0,-0.0319,-0.0434,-0.1252,-0.0851,2.1712,-2.2444,-6.4911,-0.7264,3.8,0.0,0.0,0.0,0.0,105.0,65.0,4
45.6799,estop_run,0.9,0.0,-0.0319,-0.0434,-0.1252,-0.0851,2.1712,-2.2444,-6.4911,-0.7264,3.8,0.0,0.0,0.0,0.0,105.0,65.0,4
45.7307,estop_run,0.9,0.0,-0.0376,-0.0145,-0.1252,-0.0851,2.1712,-2.2444,-6.4911,-0.7264,3.8,0.0,0.0,0.0,0.0,105.0,65.0,4
45.7814,estop_run,0.9,0.0,-0.0376,-0.0145,-0.172,-0.0121,2.1712,-2.2444,-6.4911,-0.7264,3.8,0.0,0.0,0.0,0.0,105.0,65.0,4
45.8319,estop_run,0.9,0.0,-0.0376,-0.0145,-0.172,-0.0121,2.173,-2.2444,-6.4911,-0.7264,3.8,0.0,0.0,0.0,0.0,105.0,65.0,4
45.8826,estop_run,0.9,0.0,-0.0376,-0.0145,-0.172,-0.0121,2.173,-2.2444,-6.4911,-0.7264,3.9,0.0,0.0,-0.1,0.0,352.0,249.0,4
45.9329,estop_run,0.9,0.0,-0.0376,-0.0145,-0.172,-0.0121,2.173,-2.2444,-6.4911,-0.7264,3.9,0.0,0.0,-0.1,0.0,352.0,249.0,4
45.9835,estop_run,0.9,0.0,-0.1216,-0.1447,-0.172,-0.0121,2.173,-2.2444,-6.4911,-0.7264,3.9,0.0,0.0,-0.1,0.0,352.0,249.0,4
46.0339,estop_run,0.9,0.0,-0.1216,-0.1447,-0.1244,0.0223,2.173,-2.2444,-6.4911,-0.7264,3.9,0.0,0.0,-0.1,0.0,352.0,249.0,4
46.0848,estop_run,0.9,0.0,-0.1216,-0.1447,-0.1244,0.0223,2.1691,-2.2444,-6.4911,-0.7264,3.9,0.0,0.0,-0.1,0.0,352.0,249.0,4
46.1353,estop_run,0.9,0.0,-0.1216,-0.1447,-0.1244,0.0223,2.1691,-2.2444,-6.4911,-0.7264,3.9,0.0,0.0,0.0,0.0,343.0,346.0,4
46.1856,estop_run,0.9,0.0,-0.1216,-0.1447,-0.1244,0.0223,2.1691,-2.2444,-6.4911,-0.7264,3.9,0.0,0.0,0.0,0.0,343.0,346.0,4
46.237,estop_run,0.9,0.0,-0.1679,0.0,-0.1244,0.0223,2.1691,-2.2444,-6.4911,-0.7264,3.9,0.0,0.0,0.0,0.0,343.0,346.0,4
46.2874,estop_run,0.9,0.0,-0.1679,0.0,-0.0057,0.0084,2.1691,-2.2444,-6.4911,-0.7264,3.9,0.0,0.0,0.0,0.0,343.0,346.0,4
46.3378,estop_run,0.9,0.0,-0.1679,0.0,-0.0057,0.0084,2.1584,-2.2444,-6.4911,-0.7264,3.9,0.0,0.0,0.0,0.0,343.0,346.0,4
46.3883,estop_run,0.9,0.0,-0.1679,0.0,-0.0057,0.0084,2.1584,-2.2444,-6.4911,-0.7264,4.0,0.0,0.0,-0.1,0.0,175.0,265.0,4
46.4386,estop_run,0.9,0.0,-0.1679,0.0,-0.0057,0.0084,2.1584,-2.2444,-6.4911,-0.7264,4.0,0.0,0.0,-0.1,0.0,175.0,265.0,4
46.4894,estop_run,0.9,0.0,-0.1216,0.1158,-0.0057,0.0084,2.1584,-2.2444,-6.4911,-0.7264,4.0,0.0,0.0,-0.1,0.0,175.0,265.0,4
46.5399,estop_run,0.9,0.0,-0.1216,0.1158,0.0004,0.005,2.1584,-2.2444,-6.4911,-0.7264,4.0,0.0,0.0,-0.1,0.0,175.0,265.0,4
46.5904,estop_run,0.9,0.0,-0.1216,0.1158,0.0004,0.005,2.1626,-2.2444,-6.4911,-0.7264,4.0,0.0,0.0,-0.1,0.0,175.0,265.0,4
46.6408,estop_run,0.0,0.0,-0.1216,0.1158,0.0004,0.005,2.1626,-2.2444,-6.4911,-0.7264,4.0,0.0,0.0,-0.1,0.0,95.0,94.0,4
46.641,estop_stop,0.0,0.0,-0.1216,0.1158,0.0004,0.005,2.1626,-2.2444,-6.4911,-0.7264,4.0,0.0,0.0,-0.1,0.0,95.0,94.0,4
46.6919,estop_stop,0.0,0.0,-0.0318,0.0434,0.0004,0.005,2.1626,-2.2444,-6.4911,-0.7264,4.0,0.0,0.0,-0.1,0.0,95.0,94.0,4
46.7424,estop_stop,0.0,0.0,-0.0318,0.0434,0.0007,0.003,2.1626,-2.2444,-6.4911,-0.7264,4.0,0.0,0.0,-0.1,0.0,95.0,94.0,4
46.7929,estop_stop,0.0,0.0,-0.0318,0.0434,0.0007,0.003,2.1567,-2.2444,-6.4911,-0.7264,4.0,0.0,0.0,-0.1,0.0,95.0,94.0,4
46.8435,estop_stop,0.0,0.0,-0.0318,0.0434,0.0007,0.003,2.1567,-2.2444,-6.4911,-0.7264,4.1,0.0,0.0,-0.1,0.0,0.0,0.0,4
46.8938,estop_stop,0.0,0.0,-0.0318,0.0434,0.0007,0.003,2.1567,-2.2444,-6.4911,-0.7264,4.1,0.0,0.0,-0.1,0.0,0.0,0.0,4
46.9444,estop_stop,0.0,0.0,0.0,0.0,0.0007,0.003,2.1567,-2.2444,-6.4911,-0.7264,4.1,0.0,0.0,-0.1,0.0,0.0,0.0,4
46.9949,estop_stop,0.0,0.0,0.0,0.0,0.0008,0.0015,2.1567,-2.2444,-6.4911,-0.7264,4.1,0.0,0.0,-0.1,0.0,0.0,0.0,4
47.0453,estop_stop,0.0,0.0,0.0,0.0,0.0008,0.0015,2.1547,-2.2444,-6.4911,-0.7264,4.1,0.0,0.0,-0.1,0.0,0.0,0.0,4
47.0958,estop_stop,0.0,0.0,0.0,0.0,0.0008,0.0015,2.1547,-2.2444,-6.4911,-0.7264,4.2,0.0,0.0,-0.1,0.0,0.0,0.0,4
47.1461,estop_stop,0.0,0.0,0.0,0.0,0.0008,0.0015,2.1547,-2.2444,-6.4911,-0.7264,4.2,0.0,0.0,-0.1,0.0,0.0,0.0,4
47.1969,estop_stop,0.0,0.0,0.0,0.0,0.0008,0.0015,2.1547,-2.2444,-6.4911,-0.7264,4.2,0.0,0.0,-0.1,0.0,0.0,0.0,4
47.2474,estop_stop,0.0,0.0,0.0,0.0,0.0009,0.001,2.1547,-2.2444,-6.4911,-0.7264,4.2,0.0,0.0,-0.1,0.0,0.0,0.0,4
47.2979,estop_stop,0.0,0.0,0.0,0.0,0.0009,0.001,2.1319,-2.2444,-6.4911,-0.7264,4.2,0.0,0.0,-0.1,0.0,0.0,0.0,4
47.3485,estop_stop,0.0,0.0,0.0,0.0,0.0009,0.001,2.1319,-2.2444,-6.4911,-0.7264,4.2,0.0,0.0,0.0,0.0,0.0,0.0,4
47.3989,estop_stop,0.0,0.0,0.0,0.0,0.0009,0.001,2.1319,-2.2444,-6.4911,-0.7264,4.2,0.0,0.0,0.0,0.0,0.0,0.0,4
47.4499,estop_stop,0.0,0.0,0.0,0.0,0.0009,0.001,2.1319,-2.2444,-6.4911,-0.7264,4.2,0.0,0.0,0.0,0.0,0.0,0.0,4
47.5006,estop_stop,0.0,0.0,0.0,0.0,0.0001,0.0005,2.1319,-2.2444,-6.4911,-0.7264,4.2,0.0,0.0,0.0,0.0,0.0,0.0,4
47.5512,estop_stop,0.0,0.0,0.0,0.0,0.0001,0.0005,2.138,-2.2444,-6.4911,-0.7264,4.2,0.0,0.0,0.0,0.0,0.0,0.0,4
47.6017,estop_stop,0.0,0.0,0.0,0.0,0.0001,0.0005,2.138,-2.2444,-6.4911,-0.7264,4.2,0.0,0.0,-0.1,0.0,0.0,0.0,4
47.652,estop_stop,0.0,0.0,0.0,0.0,0.0001,0.0005,2.138,-2.2444,-6.4911,-0.7264,4.2,0.0,0.0,-0.1,0.0,0.0,0.0,4
47.7029,estop_stop,0.0,0.0,0.0,0.0,0.0001,0.0005,2.138,-2.2444,-6.4911,-0.7264,4.2,0.0,0.0,-0.1,0.0,0.0,0.0,4
47.7537,estop_stop,0.0,0.0,0.0,0.0,0.0002,0.0003,2.138,-2.2444,-6.4911,-0.7264,4.2,0.0,0.0,-0.1,0.0,0.0,0.0,4
47.8045,estop_stop,0.0,0.0,0.0,0.0,0.0002,0.0003,2.1068,-2.2444,-6.4911,-0.7264,4.2,0.0,0.0,-0.1,0.0,0.0,0.0,4
47.855,estop_stop,0.0,0.0,0.0,0.0,0.0002,0.0003,2.1068,-2.2444,-6.4911,-0.7264,4.3,0.0,0.0,-0.1,0.0,0.0,0.0,4
47.9054,estop_stop,0.0,0.0,0.0,0.0,0.0002,0.0003,2.1068,-2.2444,-6.4911,-0.7264,4.3,0.0,0.0,-0.1,0.0,0.0,0.0,4
47.9564,estop_stop,0.0,0.0,0.0,0.0,0.0002,0.0003,2.1068,-2.2444,-6.4911,-0.7264,4.3,0.0,0.0,-0.1,0.0,0.0,0.0,4
48.0071,estop_stop,0.0,0.0,0.0,0.0,0.0002,0.0001,2.1068,-2.2444,-6.4911,-0.7264,4.3,0.0,0.0,-0.1,0.0,0.0,0.0,4
48.0579,estop_stop,0.0,0.0,0.0,0.0,0.0002,0.0001,2.0819,-2.2444,-6.4911,-0.7264,4.3,0.0,0.0,-0.1,0.0,0.0,0.0,4
48.1088,estop_stop,0.0,0.0,0.0,0.0,0.0002,0.0001,2.0819,-2.2444,-6.4911,-0.7264,4.3,0.0,0.0,-0.1,0.0,0.0,0.0,4
48.1592,estop_stop,0.0,0.0,0.0,0.0,0.0002,0.0001,2.0819,-2.2444,-6.4911,-0.7264,4.3,0.0,0.0,-0.1,0.0,0.0,0.0,4
48.2103,estop_stop,0.0,0.0,0.0,0.0,0.0002,0.0001,2.0819,-2.2444,-6.4911,-0.7264,4.3,0.0,0.0,-0.1,0.0,0.0,0.0,4
48.261,estop_stop,0.0,0.0,0.0,0.0,0.0003,0.0001,2.0819,-2.2444,-6.4911,-0.7264,4.3,0.0,0.0,-0.1,0.0,0.0,0.0,4
48.3118,estop_stop,0.0,0.0,0.0,0.0,0.0003,0.0001,2.1023,-2.2444,-6.4911,-0.7264,4.3,0.0,0.0,-0.1,0.0,0.0,0.0,4
48.3623,estop_stop,0.0,0.0,0.0,0.0,0.0003,0.0001,2.1023,-2.2444,-6.4911,-0.7264,4.4,0.0,0.0,-0.1,0.0,0.0,0.0,4
48.413,estop_stop,0.0,0.0,0.0,0.0,0.0003,0.0001,2.1023,-2.2444,-6.4911,-0.7264,4.4,0.0,0.0,-0.1,0.0,0.0,0.0,4
48.464,estop_stop,0.0,0.0,0.0,0.0,0.0003,0.0001,2.1023,-2.2444,-6.4911,-0.7264,4.4,0.0,0.0,-0.1,0.0,0.0,0.0,4
48.515,estop_stop,0.0,0.0,0.0,0.0,0.0003,0.0,2.1023,-2.2444,-6.4911,-0.7264,4.4,0.0,0.0,-0.1,0.0,0.0,0.0,4
48.5657,estop_stop,0.0,0.0,0.0,0.0,0.0003,0.0,2.1167,-2.2444,-6.4911,-0.7264,4.4,0.0,0.0,-0.1,0.0,0.0,0.0,4
48.6164,estop_stop,0.0,0.0,0.0,0.0,0.0003,0.0,2.1167,-2.2444,-6.4911,-0.7264,4.4,0.0,0.0,0.0,0.0,0.0,0.0,4
48.6668,estop_stop,0.0,0.0,0.0,0.0,0.0003,0.0,2.1167,-2.2444,-6.4911,-0.7264,4.4,0.0,0.0,0.0,0.0,0.0,0.0,4
48.6676,spin_0.5,0.0,0.5,0.0,0.0,0.0003,0.0,2.1167,-2.2444,-6.4911,-0.7264,4.4,0.0,0.0,0.0,0.0,0.0,0.0,4
48.7184,spin_0.5,0.0,0.5,0.0,0.0,0.0,0.0,2.1167,-2.2444,-6.4911,-0.7264,4.4,0.0,0.0,0.0,0.0,0.0,0.0,4
48.769,spin_0.5,0.0,0.5,0.0,0.0,0.0,0.0,2.1129,-2.2444,-6.4911,-0.7264,4.4,0.0,0.0,0.0,0.0,0.0,0.0,4
48.8196,spin_0.5,0.0,0.5,0.0,0.0,0.0,0.0,2.1129,-2.2444,-6.4911,-0.7264,4.5,0.0,0.0,-0.1,0.0,0.0,0.0,4
48.87,spin_0.5,0.0,0.5,0.0,0.0,0.0,0.0,2.1129,-2.2444,-6.4911,-0.7264,4.5,0.0,0.0,-0.1,0.0,0.0,0.0,4
48.9211,spin_0.5,0.0,0.5,0.0,0.0,0.0,0.0,2.1129,-2.2444,-6.4911,-0.7264,4.5,0.0,0.0,-0.1,0.0,0.0,0.0,4
48.9718,spin_0.5,0.0,0.5,0.0,0.0,0.0001,0.0,2.1129,-2.2444,-6.4911,-0.7264,4.5,0.0,0.0,-0.1,0.0,0.0,0.0,4
49.0225,spin_0.5,0.0,0.5,0.0,0.0,0.0001,0.0,2.1133,-2.2444,-6.4911,-0.7264,4.5,0.0,0.0,-0.1,0.0,0.0,0.0,4
49.0731,spin_0.5,0.0,0.5,0.0,0.0,0.0001,0.0,2.1133,-2.2444,-6.4911,-0.7264,4.5,0.0,0.0,-0.1,0.0,0.0,0.0,4
49.1234,spin_0.5,0.0,0.5,0.0,0.0,0.0001,0.0,2.1133,-2.2444,-6.4911,-0.7264,4.5,0.0,0.0,-0.1,0.0,0.0,0.0,4
49.174,spin_0.5,0.0,0.5,0.0,0.0,0.0001,0.0,2.1133,-2.2444,-6.4911,-0.7264,4.5,0.0,0.0,-0.1,0.0,0.0,0.0,4
49.2247,spin_0.5,0.0,0.5,0.0,0.0,0.0001,0.0,2.1133,-2.2444,-6.4911,-0.7264,4.5,0.0,0.0,-0.1,0.0,0.0,0.0,4
49.2754,spin_0.5,0.0,0.5,0.0,0.0,0.0001,0.0,2.1135,-2.2444,-6.4911,-0.7264,4.5,0.0,0.0,-0.1,0.0,0.0,0.0,4
49.3259,spin_0.5,0.0,0.5,0.0,0.0,0.0001,0.0,2.1135,-2.2444,-6.4911,-0.7264,4.6,0.0,0.0,-0.1,0.0,0.0,0.0,4
49.3763,spin_0.5,0.0,0.5,0.0,0.0,0.0001,0.0,2.1135,-2.2444,-6.4911,-0.7264,4.6,0.0,0.0,-0.1,0.0,0.0,0.0,4
49.4271,spin_0.5,0.0,0.5,0.0,0.0,0.0001,0.0,2.1135,-2.2444,-6.4911,-0.7264,4.6,0.0,0.0,-0.1,0.0,0.0,0.0,4
49.4781,spin_0.5,0.0,0.5,0.0,0.0,0.0001,0.0,2.1135,-2.2444,-6.4911,-0.7264,4.6,0.0,0.0,-0.1,0.0,0.0,0.0,4
49.5285,spin_0.5,0.0,0.5,0.0,0.0,0.0001,0.0,2.1134,-2.2444,-6.4911,-0.7264,4.6,0.0,0.0,-0.1,0.0,0.0,0.0,4
49.5792,spin_0.5,0.0,0.5,0.0,0.0,0.0001,0.0,2.1134,-2.2444,-6.4911,-0.7264,4.6,0.0,0.0,-0.1,0.0,0.0,0.0,4
49.6297,spin_0.5,0.0,0.5,0.0,0.0,0.0001,0.0,2.1134,-2.2444,-6.4911,-0.7264,4.6,0.0,0.0,-0.1,0.0,0.0,0.0,4
49.6805,spin_0.5,0.0,0.5,0.0,0.0,0.0001,0.0,2.1134,-2.2444,-6.4911,-0.7264,4.6,0.0,0.0,-0.1,0.0,0.0,0.0,4
49.7311,spin_0.5,0.0,0.5,0.0,0.0,0.0001,0.0,2.1134,-2.2444,-6.4911,-0.7264,4.6,0.0,0.0,-0.1,0.0,0.0,0.0,4
49.7819,spin_0.5,0.0,0.5,0.0,0.0,0.0001,0.0,2.1135,-2.2444,-6.4911,-0.7264,4.6,0.0,0.0,-0.1,0.0,0.0,0.0,4
49.8324,spin_0.5,0.0,0.5,0.0,0.0,0.0001,0.0,2.1135,-2.2444,-6.4911,-0.7264,4.6,0.0,0.0,-0.1,0.0,0.0,0.0,4
49.8829,spin_0.5,0.0,0.5,0.0,0.0,0.0001,0.0,2.1135,-2.2444,-6.4911,-0.7264,4.6,0.0,0.0,-0.1,0.0,0.0,0.0,4
49.9335,spin_0.5,0.0,0.5,0.0,0.0,0.0001,0.0,2.1135,-2.2444,-6.4911,-0.7264,4.6,0.0,0.0,-0.1,0.0,0.0,0.0,4
49.9844,spin_0.5,0.0,0.5,0.0,0.0,0.0001,0.0,2.1135,-2.2444,-6.4911,-0.7264,4.6,0.0,0.0,-0.1,0.0,0.0,0.0,4
50.035,spin_0.5,0.0,0.5,0.0,0.0,0.0001,0.0,2.1135,-2.2444,-6.4911,-0.7264,4.6,0.0,0.0,-0.1,0.0,0.0,0.0,4
50.0857,spin_0.5,0.0,0.5,0.0,0.0,0.0001,0.0,2.1135,-2.2444,-6.4911,-0.7264,4.7,0.0,0.0,-0.1,0.0,0.0,0.0,4
50.1361,spin_0.5,0.0,0.5,0.0,0.0,0.0001,0.0,2.1135,-2.2444,-6.4911,-0.7264,4.7,0.0,0.0,-0.1,0.0,0.0,0.0,4
50.1869,spin_0.5,0.0,0.5,0.0,0.0,0.0001,0.0,2.1135,-2.2444,-6.4911,-0.7264,4.7,0.0,0.0,-0.1,0.0,0.0,0.0,4
50.2373,spin_0.5,0.0,0.5,0.0,0.0,0.0001,0.0,2.1135,-2.2444,-6.4911,-0.7264,4.7,0.0,0.0,-0.1,0.0,0.0,0.0,4
50.2878,spin_0.5,0.0,0.5,0.0,0.0,0.0001,0.0,2.1135,-2.2444,-6.4911,-0.7264,4.7,0.0,0.0,-0.1,0.0,0.0,0.0,4
50.3381,spin_0.5,0.0,0.5,0.0,0.0,0.0001,0.0,2.1135,-2.2444,-6.4911,-0.7264,4.7,0.0,0.0,0.0,0.0,0.0,0.0,4
50.3886,spin_0.5,0.0,0.5,0.0,0.0,0.0001,0.0,2.1135,-2.2444,-6.4911,-0.7264,4.7,0.0,0.0,0.0,0.0,0.0,0.0,4
50.4392,spin_0.5,0.0,0.5,0.0,0.0,0.0001,0.0,2.1135,-2.2444,-6.4911,-0.7264,4.7,0.0,0.0,0.0,0.0,0.0,0.0,4
50.4899,spin_0.5,0.0,0.5,0.0,0.0,0.0,0.0,2.1135,-2.2444,-6.4911,-0.7264,4.7,0.0,0.0,0.0,0.0,0.0,0.0,4
50.5403,spin_0.5,0.0,0.5,0.0,0.0,0.0,0.0,2.1135,-2.2444,-6.4911,-0.7264,4.7,0.0,0.0,0.0,0.0,0.0,0.0,4
50.5908,spin_0.5,0.0,0.5,0.0,0.0,0.0,0.0,2.1135,-2.2442,-6.483,-0.584,4.7,0.0,0.0,0.0,0.0,0.0,0.0,4
50.6412,spin_0.5,0.0,0.5,0.0,0.0,0.0,0.0,2.1135,-2.2442,-6.483,-0.584,4.7,0.0,0.0,-0.1,0.0,0.0,0.0,4
50.6915,spin_0.5,0.0,0.0,0.0,0.0,0.0,0.0,2.1135,-2.2442,-6.483,-0.584,4.7,0.0,0.0,-0.1,0.0,0.0,0.0,4
50.692,spin_1.0,0.0,1.0,0.0,0.0,0.0,0.0,2.1135,-2.2442,-6.483,-0.584,4.7,0.0,0.0,-0.1,0.0,0.0,0.0,4
50.7425,spin_1.0,0.0,1.0,0.0,0.0,0.0,0.0004,2.1135,-2.2442,-6.483,-0.584,4.7,0.0,0.0,-0.1,0.0,0.0,0.0,4
50.7929,spin_1.0,0.0,1.0,0.0,0.0,0.0,0.0004,2.1135,-2.2442,-6.483,-0.584,4.7,0.0,0.0,-0.1,0.0,0.0,0.0,4
50.8436,spin_1.0,0.0,1.0,0.0,0.0,0.0,0.0004,2.1135,-2.1977,-6.4813,-0.4544,4.7,0.0,0.0,-0.1,0.0,0.0,0.0,4
50.894,spin_1.0,0.0,1.0,0.0,0.0,0.0,0.0004,2.1135,-2.1977,-6.4813,-0.4544,4.7,0.0,0.0,-0.1,0.0,0.0,0.0,4
50.9443,spin_1.0,0.0,1.0,0.0,0.0,0.0,0.0004,2.1135,-2.1977,-6.4813,-0.4544,4.7,0.0,0.0,-0.1,0.0,0.0,0.0,4
50.995,spin_1.0,0.0,1.0,0.0,0.0,0.0,0.0004,2.1135,-2.1977,-6.4813,-0.4544,4.7,0.0,0.0,-0.1,0.0,0.0,0.0,4
51.0454,spin_1.0,0.0,1.0,0.0,0.0,0.0,0.001,2.1135,-2.1977,-6.4813,-0.4544,4.7,0.0,0.0,-0.1,0.0,0.0,0.0,4
51.0971,spin_1.0,0.0,1.0,0.0,0.0,0.0,0.001,2.1135,-2.1977,-6.4813,-0.4544,4.7,0.0,0.0,-0.1,0.0,0.0,0.0,4
51.1475,spin_1.0,0.0,1.0,0.0,0.0,0.0,0.001,2.1135,-2.1977,-6.4813,-0.4544,4.8,0.0,0.0,-0.1,0.0,0.0,0.0,4
51.198,spin_1.0,0.0,1.0,0.0,0.0,0.0,0.001,2.1135,-2.1977,-6.4813,-0.4544,4.8,0.0,0.0,-0.1,0.0,0.0,0.0,4
51.2486,spin_1.0,0.0,1.0,0.0,0.0,0.0,0.001,2.1135,-2.1977,-6.4813,-0.4544,4.8,0.0,0.0,-0.1,0.0,0.0,0.0,4
51.2992,spin_1.0,0.0,1.0,0.0,0.0,0.0,0.0008,2.1135,-2.1977,-6.4813,-0.4544,4.8,0.0,0.0,-0.1,0.0,0.0,0.0,4
51.3496,spin_1.0,0.0,1.0,0.0,0.0,0.0,0.0008,2.1135,-2.1977,-6.4813,-0.4544,4.8,0.0,0.0,-0.1,0.0,0.0,0.0,4
51.4002,spin_1.0,0.0,1.0,0.0,0.0,0.0,0.0008,2.1135,-2.1977,-6.4813,-0.4544,4.8,0.0,0.0,-0.1,0.0,0.0,0.0,4
51.4509,spin_1.0,0.0,1.0,0.0,0.0,0.0,0.0008,2.1135,-2.1977,-6.4813,-0.4544,4.8,0.0,0.0,-0.1,0.0,0.0,0.0,4
51.5018,spin_1.0,0.0,1.0,0.0,0.0,0.0,0.0008,2.1135,-2.1977,-6.4813,-0.4544,4.8,0.0,0.0,-0.1,0.0,0.0,0.0,4
51.5526,spin_1.0,0.0,1.0,0.0,0.0,0.0,-0.0,2.1135,-2.1977,-6.4813,-0.4544,4.8,0.0,0.0,-0.1,0.0,0.0,0.0,4
51.6033,spin_1.0,0.0,1.0,0.0,0.0,0.0,-0.0,2.1135,-2.1977,-6.4813,-0.4544,4.8,0.0,0.0,-0.1,0.0,0.0,0.0,4
51.654,spin_1.0,0.0,1.0,0.0,0.0,0.0,-0.0,2.1135,-2.1768,-6.475,-0.3377,4.8,0.0,0.0,-0.1,0.0,0.0,0.0,4
51.7046,spin_1.0,0.0,1.0,0.0,0.0,0.0,-0.0,2.1135,-2.1768,-6.475,-0.3377,4.8,0.0,0.0,-0.1,0.0,0.0,0.0,4
51.755,spin_1.0,0.0,1.0,0.0,0.0,0.0,-0.0,2.1135,-2.1768,-6.475,-0.3377,4.8,0.0,0.0,-0.1,0.0,0.0,0.0,4
51.8058,spin_1.0,0.0,1.0,0.0,0.0,0.0,-0.0,2.1135,-2.1768,-6.475,-0.3377,4.8,0.0,0.0,-0.1,0.0,0.0,0.0,4
51.8563,spin_1.0,0.0,1.0,0.0,0.0,0.0,-0.0002,2.1135,-2.1768,-6.475,-0.3377,4.8,0.0,0.0,-0.1,0.0,0.0,0.0,4
51.9067,spin_1.0,0.0,1.0,0.0,0.0,0.0,-0.0002,2.1135,-2.1768,-6.475,-0.3377,4.8,0.0,0.0,-0.1,0.0,0.0,0.0,4
51.9572,spin_1.0,0.0,1.0,0.0,0.0,0.0,-0.0002,2.1135,-2.2118,-6.4514,-0.2326,4.8,0.0,0.0,-0.1,0.0,0.0,0.0,4
52.0076,spin_1.0,0.0,1.0,0.0,0.0,0.0,-0.0002,2.1135,-2.2118,-6.4514,-0.2326,4.9,0.0,0.0,-0.1,0.0,0.0,0.0,4
52.0582,spin_1.0,0.0,1.0,0.0,0.0,0.0,-0.0002,2.1135,-2.2118,-6.4514,-0.2326,4.9,0.0,0.0,-0.1,0.0,0.0,0.0,4
52.1089,spin_1.0,0.0,1.0,0.0,0.0,0.0,-0.0002,2.1135,-2.2118,-6.4514,-0.2326,4.9,0.0,0.0,-0.1,0.0,0.0,0.0,4
52.1595,spin_1.0,0.0,1.0,0.0,0.0,0.0,-0.0001,2.1135,-2.2118,-6.4514,-0.2326,4.9,0.0,0.0,-0.1,0.0,0.0,0.0,4
52.21,spin_1.0,0.0,1.0,0.0,0.0,0.0,-0.0001,2.1135,-2.2118,-6.4514,-0.2326,4.9,0.0,0.0,-0.1,0.0,0.0,0.0,4
52.2605,spin_1.0,0.0,1.0,0.0,0.0,0.0,-0.0001,2.1135,-2.2393,-6.4321,-0.1294,4.9,0.0,0.0,-0.1,0.0,0.0,0.0,4
52.3109,spin_1.0,0.0,1.0,0.0,0.0,0.0,-0.0001,2.1135,-2.2393,-6.4321,-0.1294,4.9,0.0,0.0,-0.1,0.0,0.0,0.0,4
52.3612,spin_1.0,0.0,1.0,0.0,0.0,0.0,-0.0001,2.1135,-2.2393,-6.4321,-0.1294,4.9,0.0,0.0,-0.1,0.0,0.0,0.0,4
52.4122,spin_1.0,0.0,1.0,0.0,0.0,0.0,-0.0001,2.1135,-2.2393,-6.4321,-0.1294,4.9,0.0,0.0,-0.1,0.0,0.0,0.0,4
52.4629,spin_1.0,0.0,1.0,0.0,0.0,0.033,0.0077,2.1135,-2.2393,-6.4321,-0.1294,4.9,0.0,0.0,-0.1,0.0,0.0,0.0,4
52.5133,spin_1.0,0.0,1.0,0.0,0.0,0.033,0.0077,2.1135,-2.2393,-6.4321,-0.1294,4.9,0.0,0.0,-0.1,0.0,0.0,0.0,4
52.5637,spin_1.0,0.0,1.0,0.0,0.0,0.033,0.0077,2.1135,-2.2393,-6.4321,-0.1294,4.9,0.0,0.0,-0.1,0.0,0.0,0.0,4
52.614,spin_1.0,0.0,1.0,0.0,0.0,0.033,0.0077,2.1135,-2.2393,-6.4321,-0.1294,4.9,0.0,0.0,-0.1,0.0,0.0,0.0,4
52.6647,spin_1.0,0.0,1.0,0.0,0.0,0.033,0.0077,2.1135,-2.2393,-6.4321,-0.1294,4.9,0.0,0.0,-0.1,0.0,0.0,0.0,4
52.7153,spin_1.0,0.0,0.0,0.0,0.0,0.3745,0.1906,2.1135,-2.2393,-6.4321,-0.1294,4.9,0.0,0.0,-0.1,0.0,0.0,0.0,4
52.7156,spin_-1.0,0.0,-1.0,0.0,0.0,0.3745,0.1906,2.1135,-2.2393,-6.4321,-0.1294,4.9,0.0,0.0,-0.1,0.0,0.0,0.0,4
52.7662,spin_-1.0,0.0,-1.0,0.0,0.0,0.3745,0.1906,2.1135,-2.2715,-6.4494,-0.0278,4.9,0.0,0.0,-0.1,0.0,0.0,0.0,4
52.8168,spin_-1.0,0.0,-1.0,0.0,0.0,0.3745,0.1906,2.1135,-2.2715,-6.4494,-0.0278,4.9,-13.7,9.8,5.8,6.0,0.0,-62.0,4
52.8672,spin_-1.0,0.0,-1.0,0.0,0.0,0.3745,0.1906,2.1135,-2.2715,-6.4494,-0.0278,4.9,-13.7,9.8,5.8,6.0,0.0,-62.0,4
52.9181,spin_-1.0,0.0,-1.0,0.0318,-0.0145,0.3745,0.1906,2.1135,-2.2715,-6.4494,-0.0278,4.9,-13.7,9.8,5.8,6.0,0.0,-62.0,4
52.9688,spin_-1.0,0.0,-1.0,0.0318,-0.0145,0.341,0.3922,2.1135,-2.2715,-6.4494,-0.0278,4.9,-13.7,9.8,5.8,6.0,0.0,-62.0,4
53.0198,spin_-1.0,0.0,-1.0,0.0318,-0.0145,0.341,0.3922,2.1135,-2.2715,-6.4494,-0.0278,4.9,-13.7,9.8,5.8,6.0,0.0,-62.0,4
53.0702,spin_-1.0,0.0,-1.0,0.0318,-0.0145,0.341,0.3922,2.1135,-2.2715,-6.4494,-0.0278,11.7,-10.4,1.9,5.2,1.4,-1001.0,-602.0,0
53.1207,spin_-1.0,0.0,-1.0,0.0318,-0.0145,0.341,0.3922,2.1135,-2.2715,-6.4494,-0.0278,11.7,-10.4,1.9,5.2,1.4,-1001.0,-602.0,0
53.1714,spin_-1.0,0.0,-1.0,0.3735,0.333,0.341,0.3922,2.1135,-2.2715,-6.4494,-0.0278,11.7,-10.4,1.9,5.2,1.4,-1001.0,-602.0,0
53.2221,spin_-1.0,0.0,-1.0,0.3735,0.333,0.1012,0.1613,2.1135,-2.2715,-6.4494,-0.0278,11.7,-10.4,1.9,5.2,1.4,-1001.0,-602.0,0
53.2725,spin_-1.0,0.0,-1.0,0.3735,0.333,0.1012,0.1613,2.1137,-2.2715,-6.4494,-0.0278,11.7,-10.4,1.9,5.2,1.4,-1001.0,-602.0,0
53.3231,spin_-1.0,0.0,-1.0,0.3735,0.333,0.1012,0.1613,2.1137,-2.3293,-6.3962,0.1035,11.7,-10.4,1.9,5.2,1.4,-1001.0,-602.0,0
53.3735,spin_-1.0,0.0,-1.0,0.3735,0.333,0.1012,0.1613,2.1137,-2.3293,-6.3962,0.1035,11.4,-8.7,1.4,0.7,0.8,-1111.0,-511.0,0
53.424,spin_-1.0,0.0,-1.0,0.3735,0.333,0.1012,0.1613,2.1137,-2.3293,-6.3962,0.1035,11.4,-8.7,1.4,0.7,0.8,-1111.0,-511.0,0
53.475,spin_-1.0,0.0,-1.0,0.3097,0.3615,0.1012,0.1613,2.1137,-2.3293,-6.3962,0.1035,11.4,-8.7,1.4,0.7,0.8,-1111.0,-511.0,0
53.5259,spin_-1.0,0.0,-1.0,0.3097,0.3615,-0.0544,0.1314,2.1137,-2.3293,-6.3962,0.1035,11.4,-8.7,1.4,0.7,0.8,-1111.0,-511.0,0
53.5765,spin_-1.0,0.0,-1.0,0.3097,0.3615,-0.0544,0.1314,2.1141,-2.3293,-6.3962,0.1035,11.4,-8.7,1.4,0.7,0.8,-1111.0,-511.0,0
53.627,spin_-1.0,0.0,-1.0,0.3097,0.3615,-0.0544,0.1314,2.1141,-2.3293,-6.3962,0.1035,5.5,-1.7,0.0,0.5,-0.1,-125.0,-427.0,4
53.6774,spin_-1.0,0.0,-1.0,0.3097,0.3615,-0.0544,0.1314,2.1141,-2.3293,-6.3962,0.1035,5.5,-1.7,0.0,0.5,-0.1,-125.0,-427.0,4
53.7281,spin_-1.0,0.0,-1.0,0.055,-0.5355,-0.0544,0.1314,2.1141,-2.3293,-6.3962,0.1035,5.5,-1.7,0.0,0.5,-0.1,-125.0,-427.0,4
53.7785,spin_-1.0,0.0,-1.0,0.055,-0.5355,-0.0579,0.2064,2.1141,-2.3293,-6.3962,0.1035,5.5,-1.7,0.0,0.5,-0.1,-125.0,-427.0,4
53.829,spin_-1.0,0.0,-1.0,0.055,-0.5355,-0.0579,0.2064,2.1143,-2.3293,-6.3962,0.1035,5.5,-1.7,0.0,0.5,-0.1,-125.0,-427.0,4
53.8795,spin_-1.0,0.0,-1.0,0.055,-0.5355,-0.0579,0.2064,2.1143,-2.3293,-6.3962,0.1035,4.9,-0.2,0.1,-0.1,0.0,106.0,68.0,4
53.9297,spin_-1.0,0.0,-1.0,0.055,-0.5355,-0.0579,0.2064,2.1143,-2.3293,-6.3962,0.1035,4.9,-0.2,0.1,-0.1,0.0,106.0,68.0,4
53.9805,spin_-1.0,0.0,-1.0,-0.0521,-0.0287,-0.0579,0.2064,2.1143,-2.3293,-6.3962,0.1035,4.9,-0.2,0.1,-0.1,0.0,106.0,68.0,4
54.0311,spin_-1.0,0.0,-1.0,-0.0521,-0.0287,-0.0602,0.2601,2.1143,-2.3293,-6.3962,0.1035,4.9,-0.2,0.1,-0.1,0.0,106.0,68.0,4
54.0818,spin_-1.0,0.0,-1.0,-0.0521,-0.0287,-0.0602,0.2601,2.114,-2.3293,-6.3962,0.1035,4.9,-0.2,0.1,-0.1,0.0,106.0,68.0,4
54.1321,spin_-1.0,0.0,-1.0,-0.0521,-0.0287,-0.0602,0.2601,2.114,-2.3293,-6.3962,0.1035,4.8,-0.5,1.4,0.0,0.1,0.0,210.0,4
54.1824,spin_-1.0,0.0,-1.0,-0.0521,-0.0287,-0.0602,0.2601,2.114,-2.3293,-6.3962,0.1035,4.8,-0.5,1.4,0.0,0.1,0.0,210.0,4
54.233,spin_-1.0,0.0,-1.0,-0.0551,0.2755,-0.0602,0.2601,2.114,-2.3293,-6.3962,0.1035,4.8,-0.5,1.4,0.0,0.1,0.0,210.0,4
54.2835,spin_-1.0,0.0,-1.0,-0.0551,0.2755,-0.0605,0.2702,2.114,-2.3293,-6.3962,0.1035,4.8,-0.5,1.4,0.0,0.1,0.0,210.0,4
54.334,spin_-1.0,0.0,-1.0,-0.0551,0.2755,-0.0605,0.2702,2.114,-2.3293,-6.3962,0.1035,4.8,-0.5,1.4,0.0,0.1,0.0,210.0,4
54.3844,spin_-1.0,0.0,-1.0,-0.0551,0.2755,-0.0605,0.2702,2.114,-2.3729,-6.4187,-0.0247,4.8,-0.5,1.4,0.0,0.1,0.0,210.0,4
54.4349,spin_-1.0,0.0,-1.0,-0.0551,0.2755,-0.0605,0.2702,2.114,-2.3729,-6.4187,-0.0247,5.3,-0.5,2.0,0.1,0.2,0.0,229.0,4
54.4852,spin_-1.0,0.0,-1.0,-0.0551,0.2755,-0.0605,0.2702,2.114,-2.3729,-6.4187,-0.0247,5.3,-0.5,2.0,0.1,0.2,0.0,229.0,4
54.5359,spin_-1.0,0.0,-1.0,-0.0579,0.2894,-0.0605,0.2702,2.114,-2.3729,-6.4187,-0.0247,5.3,-0.5,2.0,0.1,0.2,0.0,229.0,4
54.5864,spin_-1.0,0.0,-1.0,-0.0579,0.2894,-0.0541,0.2747,2.114,-2.3729,-6.4187,-0.0247,5.3,-0.5,2.0,0.1,0.2,0.0,229.0,4
54.6369,spin_-1.0,0.0,-1.0,-0.0579,0.2894,-0.0541,0.2747,2.114,-2.3729,-6.4187,-0.0247,5.3,-0.5,2.0,0.1,0.2,0.0,229.0,4
54.6874,spin_-1.0,0.0,-1.0,-0.0579,0.2894,-0.0541,0.2747,2.114,-2.3904,-6.4436,-0.1251,5.3,-0.5,2.0,0.1,0.2,0.0,229.0,4
54.7377,spin_-1.0,0.0,0.0,-0.0579,0.2894,-0.0541,0.2747,2.114,-2.3904,-6.4436,-0.1251,5.2,-0.6,1.7,0.0,0.0,0.0,214.0,4
54.7379,spin_+360,0.0,0.8,-0.0579,0.2894,-0.0541,0.2747,2.114,-2.3904,-6.4436,-0.1251,5.2,-0.6,1.7,0.0,0.0,0.0,214.0,4
54.7885,spin_+360,0.0,0.8,-0.0579,0.2896,-0.0541,0.2747,2.114,-2.3904,-6.4436,-0.1251,5.2,-0.6,1.7,0.0,0.0,0.0,214.0,4
54.8391,spin_+360,0.0,0.8,-0.0579,0.2896,-0.0572,0.2539,2.114,-2.3904,-6.4436,-0.1251,5.2,-0.6,1.7,0.0,0.0,0.0,214.0,4
54.8895,spin_+360,0.0,0.8,-0.0579,0.2896,-0.0572,0.2539,2.1162,-2.3904,-6.4436,-0.1251,5.2,-0.6,1.7,0.0,0.0,0.0,214.0,4
54.9401,spin_+360,0.0,0.8,-0.0579,0.2896,-0.0572,0.2539,2.1162,-2.3951,-6.4544,-0.273,5.2,-0.6,1.7,0.0,0.0,0.0,214.0,4
54.9907,spin_+360,0.0,0.8,-0.0579,0.2896,-0.0572,0.2539,2.1162,-2.3951,-6.4544,-0.273,5.1,-0.8,2.0,0.0,0.0,0.0,225.0,4
55.0411,spin_+360,0.0,0.8,-0.0579,0.2896,-0.0572,0.2539,2.1162,-2.3951,-6.4544,-0.273,5.1,-0.8,2.0,0.0,0.0,0.0,225.0,4
55.0919,spin_+360,0.0,0.8,-0.0521,0.2605,-0.0572,0.2539,2.1162,-2.3951,-6.4544,-0.273,5.1,-0.8,2.0,0.0,0.0,0.0,225.0,4
55.1424,spin_+360,0.0,0.8,-0.0521,0.2605,-0.0507,0.2302,2.1162,-2.3951,-6.4544,-0.273,5.1,-0.8,2.0,0.0,0.0,0.0,225.0,4
55.193,spin_+360,0.0,0.8,-0.0521,0.2605,-0.0507,0.2302,2.1978,-2.3951,-6.4544,-0.273,5.1,-0.8,2.0,0.0,0.0,0.0,225.0,4
55.2434,spin_+360,0.0,0.8,-0.0521,0.2605,-0.0507,0.2302,2.1978,-2.4179,-6.4532,-0.4086,5.1,-0.8,2.0,0.0,0.0,0.0,225.0,4
55.294,spin_+360,0.0,0.8,-0.0521,0.2605,-0.0507,0.2302,2.1978,-2.4179,-6.4532,-0.4086,4.8,-0.4,1.1,0.0,0.0,11.0,175.0,4
55.3443,spin_+360,0.0,0.8,-0.0521,0.2605,-0.0507,0.2302,2.1978,-2.4179,-6.4532,-0.4086,4.8,-0.4,1.1,0.0,0.0,11.0,175.0,4
55.3953,spin_+360,0.0,0.8,-0.0548,0.2453,-0.0507,0.2302,2.1978,-2.4179,-6.4532,-0.4086,4.8,-0.4,1.1,0.0,0.0,11.0,175.0,4
55.4458,spin_+360,0.0,0.8,-0.0548,0.2453,-0.0565,0.2129,2.1978,-2.4179,-6.4532,-0.4086,4.8,-0.4,1.1,0.0,0.0,11.0,175.0,4
55.4963,spin_+360,0.0,0.8,-0.0548,0.2453,-0.0565,0.2129,2.3849,-2.4179,-6.4532,-0.4086,4.8,-0.4,1.1,0.0,0.0,11.0,175.0,4
55.5468,spin_+360,0.0,0.8,-0.0548,0.2453,-0.0565,0.2129,2.3849,-2.4151,-6.468,-0.5255,4.8,-0.4,1.1,0.0,0.0,11.0,175.0,4
55.5972,spin_+360,0.0,0.8,-0.0548,0.2453,-0.0565,0.2129,2.3849,-2.4151,-6.468,-0.5255,5.0,-1.0,1.3,0.1,0.0,20.0,179.0,4
55.6476,spin_+360,0.0,0.8,-0.0548,0.2453,-0.0565,0.2129,2.3849,-2.4151,-6.468,-0.5255,5.0,-1.0,1.3,0.1,0.0,20.0,179.0,4
55.6985,spin_+360,0.0,0.8,-0.0492,0.1882,-0.0565,0.2129,2.3849,-2.4151,-6.468,-0.5255,5.0,-1.0,1.3,0.1,0.0,20.0,179.0,4
55.749,spin_+360,0.0,0.8,-0.0492,0.1882,-0.0503,0.1897,2.3849,-2.4151,-6.468,-0.5255,5.0,-1.0,1.3,0.1,0.0,20.0,179.0,4
55.7997,spin_+360,0.0,0.8,-0.0492,0.1882,-0.0503,0.1897,2.3447,-2.4151,-6.468,-0.5255,5.0,-1.0,1.3,0.1,0.0,20.0,179.0,4
55.8503,spin_+360,0.0,0.8,-0.0492,0.1882,-0.0503,0.1897,2.3447,-2.4151,-6.468,-0.5255,4.9,0.0,0.0,-0.1,0.0,37.0,178.0,4
55.9008,spin_+360,0.0,0.8,-0.0492,0.1882,-0.0503,0.1897,2.3447,-2.4151,-6.468,-0.5255,4.9,0.0,0.0,-0.1,0.0,37.0,178.0,4
55.9516,spin_+360,0.0,0.8,-0.0579,0.2026,-0.0503,0.1897,2.3447,-2.4151,-6.468,-0.5255,4.9,0.0,0.0,-0.1,0.0,37.0,178.0,4
56.0021,spin_+360,0.0,0.8,-0.0579,0.2026,-0.0405,0.056,2.3447,-2.4151,-6.468,-0.5255,4.9,0.0,0.0,-0.1,0.0,37.0,178.0,4
56.0526,spin_+360,0.0,0.8,-0.0579,0.2026,-0.0405,0.056,2.3884,-2.4151,-6.468,-0.5255,4.9,0.0,0.0,-0.1,0.0,37.0,178.0,4
56.103,spin_+360,0.0,0.8,-0.0579,0.2026,-0.0405,0.056,2.3884,-2.4151,-6.468,-0.5255,4.9,0.0,0.0,0.0,0.0,28.0,182.0,4
56.1535,spin_+360,0.0,0.8,-0.0579,0.2026,-0.0405,0.056,2.3884,-2.4151,-6.468,-0.5255,4.9,0.0,0.0,0.0,0.0,28.0,182.0,4
56.2042,spin_+360,0.0,0.8,-0.0492,0.1883,-0.0405,0.056,2.3884,-2.4151,-6.468,-0.5255,4.9,0.0,0.0,0.0,0.0,28.0,182.0,4
56.2547,spin_+360,0.0,0.8,-0.0492,0.1883,-0.0261,-0.1322,2.3884,-2.4151,-6.468,-0.5255,4.9,0.0,0.0,0.0,0.0,28.0,182.0,4
56.3051,spin_+360,0.0,0.8,-0.0492,0.1883,-0.0261,-0.1322,2.4641,-2.4151,-6.468,-0.5255,4.9,0.0,0.0,0.0,0.0,28.0,182.0,4
56.3558,spin_+360,0.0,0.8,-0.0492,0.1883,-0.0261,-0.1322,2.4641,-2.4151,-6.468,-0.5255,4.9,0.0,0.0,-0.1,0.0,48.0,119.0,4
56.4062,spin_+360,0.0,0.8,-0.0492,0.1883,-0.0261,-0.1322,2.4641,-2.4151,-6.468,-0.5255,4.9,0.0,0.0,-0.1,0.0,48.0,119.0,4
56.4571,spin_+360,0.0,0.8,-0.0434,0.1014,-0.0261,-0.1322,2.4641,-2.4151,-6.468,-0.5255,4.9,0.0,0.0,-0.1,0.0,48.0,119.0,4
56.5081,spin_+360,0.0,0.8,-0.0434,0.1014,-0.0525,-0.2597,2.4641,-2.4151,-6.468,-0.5255,4.9,0.0,0.0,-0.1,0.0,48.0,119.0,4
56.5588,spin_+360,0.0,0.8,-0.0434,0.1014,-0.0525,-0.2597,2.5419,-2.4151,-6.468,-0.5255,4.9,0.0,0.0,-0.1,0.0,48.0,119.0,4
56.6092,spin_+360,0.0,0.8,-0.0434,0.1014,-0.0525,-0.2597,2.5419,-2.4151,-6.468,-0.5255,4.9,-1.1,0.0,0.1,0.0,187.0,-77.0,4
56.6595,spin_+360,0.0,0.8,-0.0434,0.1014,-0.0525,-0.2597,2.5419,-2.4151,-6.468,-0.5255,4.9,-1.1,0.0,0.1,0.0,187.0,-77.0,4
56.7101,spin_+360,0.0,0.8,-0.0261,-0.2464,-0.0525,-0.2597,2.5419,-2.4151,-6.468,-0.5255,4.9,-1.1,0.0,0.1,0.0,187.0,-77.0,4
56.7607,spin_+360,0.0,0.8,-0.0261,-0.2464,-0.0499,-0.4155,2.5419,-2.4151,-6.468,-0.5255,4.9,-1.1,0.0,0.1,0.0,187.0,-77.0,4
56.8112,spin_+360,0.0,0.8,-0.0261,-0.2464,-0.0499,-0.4155,2.6121,-2.4151,-6.468,-0.5255,4.9,-1.1,0.0,0.1,0.0,187.0,-77.0,4
56.8617,spin_+360,0.0,0.8,-0.0261,-0.2464,-0.0499,-0.4155,2.6121,-2.4151,-6.468,-0.5255,5.2,-1.8,0.2,0.3,0.0,231.0,-31.0,4
56.9121,spin_+360,0.0,0.8,-0.0261,-0.2464,-0.0499,-0.4155,2.6121,-2.4151,-6.468,-0.5255,5.2,-1.8,0.2,0.3,0.0,231.0,-31.0,4
56.9638,spin_+360,0.0,0.8,-0.0521,-0.3764,-0.0499,-0.4155,2.6121,-2.4151,-6.468,-0.5255,5.2,-1.8,0.2,0.3,0.0,231.0,-31.0,4
57.0143,spin_+360,0.0,0.8,-0.0521,-0.3764,-0.0586,-0.5129,2.6121,-2.4151,-6.468,-0.5255,5.2,-1.8,0.2,0.3,0.0,231.0,-31.0,4
57.0649,spin_+360,0.0,0.8,-0.0521,-0.3764,-0.0586,-0.5129,2.6832,-2.4151,-6.468,-0.5255,5.2,-1.8,0.2,0.3,0.0,231.0,-31.0,4
57.1153,spin_+360,0.0,0.8,-0.0521,-0.3764,-0.0586,-0.5129,2.6832,-2.4151,-6.468,-0.5255,4.7,-2.4,0.2,0.4,0.0,274.0,-56.0,4
57.1657,spin_+360,0.0,0.8,-0.0521,-0.3764,-0.0586,-0.5129,2.6832,-2.4151,-6.468,-0.5255,4.7,-2.4,0.2,0.4,0.0,274.0,-56.0,4
57.2164,spin_+360,0.0,0.8,-0.0495,-0.4516,-0.0586,-0.5129,2.6832,-2.4151,-6.468,-0.5255,4.7,-2.4,0.2,0.4,0.0,274.0,-56.0,4
57.2669,spin_+360,0.0,0.8,-0.0495,-0.4516,-0.0766,-0.5075,2.6832,-2.4151,-6.468,-0.5255,4.7,-2.4,0.2,0.4,0.0,274.0,-56.0,4
57.3174,spin_+360,0.0,0.8,-0.0495,-0.4516,-0.0766,-0.5075,2.7542,-2.4151,-6.468,-0.5255,4.7,-2.4,0.2,0.4,0.0,274.0,-56.0,4
57.3679,spin_+360,0.0,0.8,-0.0495,-0.4516,-0.0766,-0.5075,2.7542,-2.4151,-6.468,-0.5255,5.4,-3.4,0.2,0.4,0.1,315.0,-98.0,4
57.4181,spin_+360,0.0,0.8,-0.0495,-0.4516,-0.0766,-0.5075,2.7542,-2.4151,-6.468,-0.5255,5.4,-3.4,0.2,0.4,0.1,315.0,-98.0,4
57.469,spin_+360,0.0,0.8,-0.0492,-0.4487,-0.0766,-0.5075,2.7542,-2.4151,-6.468,-0.5255,5.4,-3.4,0.2,0.4,0.1,315.0,-98.0,4
57.5196,spin_+360,0.0,0.8,-0.0492,-0.4487,-0.0521,-0.4028,2.7542,-2.4151,-6.468,-0.5255,5.4,-3.4,0.2,0.4,0.1,315.0,-98.0,4
57.5702,spin_+360,0.0,0.8,-0.0492,-0.4487,-0.0521,-0.4028,2.7964,-2.4151,-6.468,-0.5255,5.4,-3.4,0.2,0.4,0.1,315.0,-98.0,4
57.6206,spin_+360,0.0,0.8,-0.0492,-0.4487,-0.0521,-0.4028,2.7964,-2.4151,-6.468,-0.5255,5.4,-3.4,0.4,0.5,0.0,325.0,-62.0,4
57.6709,spin_+360,0.0,0.8,-0.0492,-0.4487,-0.0521,-0.4028,2.7964,-2.4151,-6.468,-0.5255,5.4,-3.4,0.4,0.5,0.0,325.0,-62.0,4
57.7216,spin_+360,0.0,0.8,-0.0695,-0.521,-0.0521,-0.4028,2.7964,-2.4151,-6.468,-0.5255,5.4,-3.4,0.4,0.5,0.0,325.0,-62.0,4
57.7721,spin_+360,0.0,0.8,-0.0695,-0.521,-0.0201,-0.2173,2.7964,-2.4151,-6.468,-0.5255,5.4,-3.4,0.4,0.5,0.0,325.0,-62.0,4
57.8225,spin_+360,0.0,0.8,-0.0695,-0.521,-0.0201,-0.2173,2.8536,-2.4151,-6.468,-0.5255,5.4,-3.4,0.4,0.5,0.0,325.0,-62.0,4
57.8729,spin_+360,0.0,0.8,-0.0695,-0.521,-0.0201,-0.2173,2.8536,-2.4151,-6.468,-0.5255,5.1,-2.0,0.4,0.3,0.0,277.0,-38.0,4
57.9233,spin_+360,0.0,0.8,-0.0695,-0.521,-0.0201,-0.2173,2.8536,-2.4151,-6.468,-0.5255,5.1,-2.0,0.4,0.3,0.0,277.0,-38.0,4
57.974,spin_+360,0.0,0.8,-0.0521,-0.2895,-0.0201,-0.2173,2.8536,-2.4151,-6.468,-0.5255,5.1,-2.0,0.4,0.3,0.0,277.0,-38.0,4
58.0245,spin_+360,0.0,0.8,-0.0521,-0.2895,0.0035,-0.1167,2.8536,-2.4151,-6.468,-0.5255,5.1,-2.0,0.4,0.3,0.0,277.0,-38.0,4
58.0752,spin_+360,0.0,0.8,-0.0521,-0.2895,0.0035,-0.1167,2.9061,-2.4151,-6.468,-0.5255,5.1,-2.0,0.4,0.3,0.0,277.0,-38.0,4
58.1255,spin_+360,0.0,0.8,-0.0521,-0.2895,0.0035,-0.1167,2.9061,-2.4151,-6.468,-0.5255,4.9,0.0,0.0,-0.1,0.0,87.0,0.0,4
58.1759,spin_+360,0.0,0.8,-0.0521,-0.2895,0.0035,-0.1167,2.9061,-2.4151,-6.468,-0.5255,4.9,0.0,0.0,-0.1,0.0,87.0,0.0,4
58.2267,spin_+360,0.0,0.8,-0.0203,-0.1013,0.0035,-0.1167,2.9061,-2.4151,-6.468,-0.5255,4.9,0.0,0.0,-0.1,0.0,87.0,0.0,4
58.2772,spin_+360,0.0,0.8,-0.0203,-0.1013,0.0007,-0.0621,2.9061,-2.4151,-6.468,-0.5255,4.9,0.0,0.0,-0.1,0.0,87.0,0.0,4
58.3276,spin_+360,0.0,0.8,-0.0203,-0.1013,0.0007,-0.0621,2.9382,-2.4151,-6.468,-0.5255,4.9,0.0,0.0,-0.1,0.0,87.0,0.0,4
58.3781,spin_+360,0.0,0.8,-0.0203,-0.1013,0.0007,-0.0621,2.9382,-2.4151,-6.468,-0.5255,4.9,0.0,0.0,-0.1,0.0,-21.0,0.0,4
58.4283,spin_+360,0.0,0.8,-0.0203,-0.1013,0.0007,-0.0621,2.9382,-2.4151,-6.468,-0.5255,4.9,0.0,0.0,-0.1,0.0,-21.0,0.0,4
58.479,spin_+360,0.0,0.8,0.0029,0.0145,0.0007,-0.0621,2.9382,-2.4151,-6.468,-0.5255,4.9,0.0,0.0,-0.1,0.0,-21.0,0.0,4
58.5294,spin_+360,0.0,0.8,0.0029,0.0145,0.0008,-0.0328,2.9382,-2.4151,-6.468,-0.5255,4.9,0.0,0.0,-0.1,0.0,-21.0,0.0,4
58.5803,spin_+360,0.0,0.8,0.0029,0.0145,0.0008,-0.0328,2.8814,-2.4151,-6.468,-0.5255,4.9,0.0,0.0,-0.1,0.0,-21.0,0.0,4
58.6311,spin_+360,0.0,0.8,0.0029,0.0145,0.0008,-0.0328,2.8814,-2.4151,-6.468,-0.5255,4.9,0.0,0.0,0.0,0.0,0.0,0.0,4
58.6815,spin_+360,0.0,0.8,0.0029,0.0145,0.0008,-0.0328,2.8814,-2.4151,-6.468,-0.5255,4.9,0.0,0.0,0.0,0.0,0.0,0.0,4
58.7322,spin_+360,0.0,0.8,0.0,0.0,0.0008,-0.0328,2.8814,-2.4151,-6.468,-0.5255,4.9,0.0,0.0,0.0,0.0,0.0,0.0,4
58.7826,spin_+360,0.0,0.8,0.0,0.0,0.0006,-0.0153,2.8814,-2.4151,-6.468,-0.5255,4.9,0.0,0.0,0.0,0.0,0.0,0.0,4
58.8331,spin_+360,0.0,0.8,0.0,0.0,0.0006,-0.0153,2.7926,-2.4151,-6.468,-0.5255,4.9,0.0,0.0,0.0,0.0,0.0,0.0,4
58.8835,spin_+360,0.0,0.8,0.0,0.0,0.0006,-0.0153,2.7926,-2.4151,-6.468,-0.5255,4.9,0.0,0.0,0.0,0.0,0.0,0.0,4
58.9339,spin_+360,0.0,0.8,0.0,0.0,0.0006,-0.0153,2.7926,-2.4151,-6.468,-0.5255,4.9,0.0,0.0,0.0,0.0,0.0,0.0,4
58.9846,spin_+360,0.0,0.8,0.0,0.0,0.0006,-0.0153,2.7926,-2.4151,-6.468,-0.5255,4.9,0.0,0.0,0.0,0.0,0.0,0.0,4
59.0354,spin_+360,0.0,0.8,0.0,0.0,0.0007,-0.0081,2.7926,-2.4151,-6.468,-0.5255,4.9,0.0,0.0,0.0,0.0,0.0,0.0,4
59.0858,spin_+360,0.0,0.8,0.0,0.0,0.0007,-0.0081,2.6754,-2.4151,-6.468,-0.5255,4.9,0.0,0.0,0.0,0.0,0.0,0.0,4
59.1363,spin_+360,0.0,0.8,0.0,0.0,0.0007,-0.0081,2.6754,-2.4151,-6.468,-0.5255,4.9,0.0,0.0,-0.1,0.0,0.0,0.0,4
59.1866,spin_+360,0.0,0.8,0.0,0.0,0.0007,-0.0081,2.6754,-2.4151,-6.468,-0.5255,4.9,0.0,0.0,-0.1,0.0,0.0,0.0,4
59.2374,spin_+360,0.0,0.8,0.0,0.0,0.0007,-0.0081,2.6754,-2.4151,-6.468,-0.5255,4.9,0.0,0.0,-0.1,0.0,0.0,0.0,4
59.2879,spin_+360,0.0,0.8,0.0,0.0,0.0001,-0.0043,2.6754,-2.4151,-6.468,-0.5255,4.9,0.0,0.0,-0.1,0.0,0.0,0.0,4
59.3385,spin_+360,0.0,0.8,0.0,0.0,0.0001,-0.0043,2.5198,-2.4151,-6.468,-0.5255,4.9,0.0,0.0,-0.1,0.0,0.0,0.0,4
59.389,spin_+360,0.0,0.8,0.0,0.0,0.0001,-0.0043,2.5198,-2.4151,-6.468,-0.5255,4.9,0.0,0.0,-0.1,0.0,0.0,0.0,4
59.4394,spin_+360,0.0,0.8,0.0,0.0,0.0001,-0.0043,2.5198,-2.4151,-6.468,-0.5255,4.9,0.0,0.0,-0.1,0.0,0.0,0.0,4
59.49,spin_+360,0.0,0.8,0.0,0.0,0.0001,-0.0043,2.5198,-2.4151,-6.468,-0.5255,4.9,0.0,0.0,-0.1,0.0,0.0,0.0,4
59.5406,spin_+360,0.0,0.8,0.0,0.0,0.0001,-0.0023,2.5198,-2.4151,-6.468,-0.5255,4.9,0.0,0.0,-0.1,0.0,0.0,0.0,4
59.591,spin_+360,0.0,0.8,0.0,0.0,0.0001,-0.0023,2.3683,-2.4151,-6.468,-0.5255,4.9,0.0,0.0,-0.1,0.0,0.0,0.0,4
59.6415,spin_+360,0.0,0.8,0.0,0.0,0.0001,-0.0023,2.3683,-2.4151,-6.468,-0.5255,4.9,0.0,0.0,-0.1,0.0,0.0,0.0,4
59.6919,spin_+360,0.0,0.8,0.0,0.0,0.0001,-0.0023,2.3683,-2.4151,-6.468,-0.5255,4.9,0.0,0.0,-0.1,0.0,0.0,0.0,4
59.7425,spin_+360,0.0,0.8,0.0,0.0,0.0001,-0.0023,2.3683,-2.4151,-6.468,-0.5255,4.9,0.0,0.0,-0.1,0.0,0.0,0.0,4
59.793,spin_+360,0.0,0.8,0.0,0.0,0.0003,-0.0012,2.3683,-2.4151,-6.468,-0.5255,4.9,0.0,0.0,-0.1,0.0,0.0,0.0,4
59.8435,spin_+360,0.0,0.8,0.0,0.0,0.0003,-0.0012,2.2558,-2.4151,-6.468,-0.5255,4.9,0.0,0.0,-0.1,0.0,0.0,0.0,4
59.8939,spin_+360,0.0,0.8,0.0,0.0,0.0003,-0.0012,2.2558,-2.4151,-6.468,-0.5255,4.9,0.0,0.0,-0.1,0.0,0.0,0.0,4
59.9442,spin_+360,0.0,0.8,0.0,0.0,0.0003,-0.0012,2.2558,-2.4151,-6.468,-0.5255,4.9,0.0,0.0,-0.1,0.0,0.0,0.0,4
59.9954,spin_+360,0.0,0.8,0.0,0.0,0.0003,-0.0012,2.2558,-2.4151,-6.468,-0.5255,4.9,0.0,0.0,-0.1,0.0,0.0,0.0,4
60.0459,spin_+360,0.0,0.8,0.0,0.0,0.0004,-0.0007,2.2558,-2.4151,-6.468,-0.5255,4.9,0.0,0.0,-0.1,0.0,0.0,0.0,4
60.0963,spin_+360,0.0,0.8,0.0,0.0,0.0004,-0.0007,2.2065,-2.4151,-6.468,-0.5255,4.9,0.0,0.0,-0.1,0.0,0.0,0.0,4
60.1467,spin_+360,0.0,0.8,0.0,0.0,0.0004,-0.0007,2.2065,-2.4151,-6.468,-0.5255,4.9,0.0,0.0,-0.1,0.0,0.0,0.0,4
60.197,spin_+360,0.0,0.8,0.0,0.0,0.0004,-0.0007,2.2065,-2.4151,-6.468,-0.5255,4.9,0.0,0.0,-0.1,0.0,0.0,0.0,4
60.2477,spin_+360,0.0,0.8,0.0,0.0,0.0004,-0.0007,2.2065,-2.4151,-6.468,-0.5255,4.9,0.0,0.0,-0.1,0.0,0.0,0.0,4
60.2982,spin_+360,0.0,0.8,0.0,0.0,0.0,-0.0003,2.2065,-2.4151,-6.468,-0.5255,4.9,0.0,0.0,-0.1,0.0,0.0,0.0,4
60.3486,spin_+360,0.0,0.8,0.0,0.0,0.0,-0.0003,2.2135,-2.4151,-6.468,-0.5255,4.9,0.0,0.0,-0.1,0.0,0.0,0.0,4
60.399,spin_+360,0.0,0.8,0.0,0.0,0.0,-0.0003,2.2135,-2.4151,-6.468,-0.5255,4.9,0.0,0.0,-0.1,0.0,0.0,0.0,4
60.4493,spin_+360,0.0,0.8,0.0,0.0,0.0,-0.0003,2.2135,-2.4151,-6.468,-0.5255,4.9,0.0,0.0,-0.1,0.0,0.0,0.0,4
60.5,spin_+360,0.0,0.8,0.0,0.0,0.0,-0.0003,2.2135,-2.4151,-6.468,-0.5255,4.9,0.0,0.0,-0.1,0.0,0.0,0.0,4
60.5506,spin_+360,0.0,0.8,0.0,0.0,0.0001,-0.0002,2.2135,-2.4151,-6.468,-0.5255,4.9,0.0,0.0,-0.1,0.0,0.0,0.0,4
60.6011,spin_+360,0.0,0.8,0.0,0.0,0.0001,-0.0002,2.2128,-2.4151,-6.468,-0.5255,4.9,0.0,0.0,-0.1,0.0,0.0,0.0,4
60.6514,spin_+360,0.0,0.8,0.0,0.0,0.0001,-0.0002,2.2128,-2.4151,-6.468,-0.5255,4.9,0.0,0.0,-0.1,0.0,0.0,0.0,4
60.702,spin_+360,0.0,0.8,0.0,0.0,0.0001,-0.0002,2.2128,-2.4151,-6.468,-0.5255,4.9,0.0,0.0,-0.1,0.0,0.0,0.0,4
60.7527,spin_+360,0.0,0.8,0.0,0.0,0.0001,-0.0002,2.2128,-2.4151,-6.468,-0.5255,4.9,0.0,0.0,-0.1,0.0,0.0,0.0,4
60.8034,spin_+360,0.0,0.8,0.0,0.0,0.0001,-0.0001,2.2128,-2.4151,-6.468,-0.5255,4.9,0.0,0.0,-0.1,0.0,0.0,0.0,4
60.8539,spin_+360,0.0,0.8,0.0,0.0,0.0001,-0.0001,2.2129,-2.4151,-6.468,-0.5255,4.9,0.0,0.0,-0.1,0.0,0.0,0.0,4
60.9046,spin_+360,0.0,0.8,0.0,0.0,0.0001,-0.0001,2.2129,-2.4151,-6.468,-0.5255,4.9,0.0,0.0,-0.1,0.0,0.0,0.0,4
60.9549,spin_+360,0.0,0.8,0.0,0.0,0.0001,-0.0001,2.2129,-2.4151,-6.468,-0.5255,4.9,0.0,0.0,-0.1,0.0,0.0,0.0,4
61.006,spin_+360,0.0,0.8,0.0,0.0,0.0001,-0.0001,2.2129,-2.4151,-6.468,-0.5255,4.9,0.0,0.0,-0.1,0.0,0.0,0.0,4
61.0565,spin_+360,0.0,0.8,0.0,0.0,0.0001,-0.0001,2.2129,-2.4151,-6.468,-0.5255,4.9,0.0,0.0,-0.1,0.0,0.0,0.0,4
61.107,spin_+360,0.0,0.8,0.0,0.0,0.0001,-0.0001,2.213,-2.4151,-6.468,-0.5255,4.9,0.0,0.0,-0.1,0.0,0.0,0.0,4
61.1575,spin_+360,0.0,0.8,0.0,0.0,0.0001,-0.0001,2.213,-2.4151,-6.468,-0.5255,4.9,0.0,0.0,-0.1,0.0,0.0,0.0,4
61.208,spin_+360,0.0,0.8,0.0,0.0,0.0001,-0.0001,2.213,-2.4151,-6.468,-0.5255,4.9,0.0,0.0,-0.1,0.0,0.0,0.0,4
61.2587,spin_+360,0.0,0.8,0.0,0.0,0.0001,-0.0001,2.213,-2.4151,-6.468,-0.5255,4.9,0.0,0.0,-0.1,0.0,0.0,0.0,4
61.3094,spin_+360,0.0,0.8,0.0,0.0,0.0001,-0.0,2.213,-2.4151,-6.468,-0.5255,4.9,0.0,0.0,-0.1,0.0,0.0,0.0,4
61.3599,spin_+360,0.0,0.8,0.0,0.0,0.0001,-0.0,2.213,-2.4151,-6.468,-0.5255,4.9,0.0,0.0,-0.1,0.0,0.0,0.0,4
61.4103,spin_+360,0.0,0.8,0.0,0.0,0.0001,-0.0,2.213,-2.4151,-6.468,-0.5255,4.9,0.0,0.0,-0.1,0.0,0.0,0.0,4
61.4606,spin_+360,0.0,0.8,0.0,0.0,0.0001,-0.0,2.213,-2.4151,-6.468,-0.5255,4.9,0.0,0.0,-0.1,0.0,0.0,0.0,4
61.5114,spin_+360,0.0,0.8,0.0,0.0,0.0001,-0.0,2.213,-2.4151,-6.468,-0.5255,4.9,0.0,0.0,-0.1,0.0,0.0,0.0,4
61.562,spin_+360,0.0,0.8,0.0,0.0,0.0001,-0.0,2.213,-2.4151,-6.468,-0.5255,4.9,0.0,0.0,-0.1,0.0,0.0,0.0,4
61.6125,spin_+360,0.0,0.8,0.0,0.0,0.0001,-0.0,2.213,-2.4151,-6.468,-0.5255,4.9,0.0,0.0,-0.1,0.0,0.0,0.0,4
61.6628,spin_+360,0.0,0.8,0.0,0.0,0.0001,-0.0,2.213,-2.4151,-6.468,-0.5255,4.9,0.0,0.0,-0.1,0.0,0.0,0.0,4
61.7132,spin_+360,0.0,0.8,0.0,0.0,0.0001,-0.0,2.213,-2.4151,-6.468,-0.5255,4.9,0.0,0.0,-0.1,0.0,0.0,0.0,4
61.7639,spin_+360,0.0,0.8,0.0,0.0,0.0001,-0.0,2.213,-2.4151,-6.468,-0.5255,4.9,0.0,0.0,-0.1,0.0,0.0,0.0,4
61.8144,spin_+360,0.0,0.8,0.0,0.0,0.0,-0.0,2.213,-2.4151,-6.468,-0.5255,4.9,0.0,0.0,-0.1,0.0,0.0,0.0,4
61.8651,spin_+360,0.0,0.8,0.0,0.0,0.0,-0.0,2.213,-2.4151,-6.468,-0.5255,4.9,0.0,0.0,-0.1,0.0,0.0,0.0,4
61.9156,spin_+360,0.0,0.8,0.0,0.0,0.0,-0.0,2.213,-2.4151,-6.468,-0.5255,4.9,0.0,0.0,-0.1,0.0,0.0,0.0,4
61.966,spin_+360,0.0,0.8,0.0,0.0,0.0,-0.0,2.213,-2.4151,-6.468,-0.5255,4.9,0.0,0.0,-0.1,0.0,0.0,0.0,4
62.0168,spin_+360,0.0,0.8,0.0,0.0,0.0,-0.0,2.213,-2.4151,-6.468,-0.5255,4.9,0.0,0.0,-0.1,0.0,0.0,0.0,4
62.0676,spin_+360,0.0,0.8,0.0,0.0,0.0,-0.0,2.213,-2.4151,-6.468,-0.5255,4.9,0.0,0.0,-0.1,0.0,0.0,0.0,4
62.1182,spin_+360,0.0,0.8,0.0,0.0,0.0,-0.0,2.213,-2.4151,-6.468,-0.5255,4.9,0.0,0.0,-0.1,0.0,0.0,0.0,4
62.1688,spin_+360,0.0,0.8,0.0,0.0,0.0,-0.0,2.213,-2.4151,-6.468,-0.5255,4.9,0.0,0.0,-0.1,0.0,0.0,0.0,4
62.2191,spin_+360,0.0,0.8,0.0,0.0,0.0,-0.0,2.213,-2.4151,-6.468,-0.5255,4.9,0.0,0.0,-0.1,0.0,0.0,0.0,4
62.2698,spin_+360,0.0,0.8,0.0,0.0,0.0,-0.0,2.213,-2.4151,-6.468,-0.5255,4.9,0.0,0.0,-0.1,0.0,0.0,0.0,4
62.3204,spin_+360,0.0,0.8,0.0,0.0,0.0,-0.0,2.213,-2.4151,-6.468,-0.5255,4.9,0.0,0.0,-0.1,0.0,0.0,0.0,4
62.3709,spin_+360,0.0,0.8,0.0,0.0,0.0,-0.0,2.2129,-2.4151,-6.468,-0.5255,4.9,0.0,0.0,-0.1,0.0,0.0,0.0,4
62.4213,spin_+360,0.0,0.8,0.0,0.0,0.0,-0.0,2.2129,-2.4151,-6.468,-0.5255,4.9,0.0,0.0,0.0,0.0,0.0,0.0,4
62.4717,spin_+360,0.0,0.8,0.0,0.0,0.0,-0.0,2.2129,-2.4151,-6.468,-0.5255,4.9,0.0,0.0,0.0,0.0,0.0,0.0,4
62.5225,spin_+360,0.0,0.8,0.0,0.0,0.0,-0.0,2.2129,-2.4151,-6.468,-0.5255,4.9,0.0,0.0,0.0,0.0,0.0,0.0,4
62.5731,spin_+360,0.0,0.8,0.0,0.0,0.0,-0.0,2.2129,-2.4151,-6.468,-0.5255,4.9,0.0,0.0,0.0,0.0,0.0,0.0,4
62.6236,spin_+360,0.0,0.0,0.0,0.0,0.0,-0.0,2.2129,-2.4151,-6.468,-0.5255,4.9,0.0,0.0,0.0,0.0,0.0,0.0,4
62.6238,spin_-360,0.0,-0.8,0.0,0.0,0.0,-0.0,2.2129,-2.4151,-6.468,-0.5255,4.9,0.0,0.0,-0.1,0.0,0.0,0.0,4
62.6742,spin_-360,0.0,-0.8,0.0,0.0,0.0,-0.0,2.2129,-2.4151,-6.468,-0.5255,4.9,0.0,0.0,-0.1,0.0,0.0,0.0,4
62.7248,spin_-360,0.0,-0.8,0.0,0.0,0.0,-0.0,2.2129,-2.4151,-6.468,-0.5255,4.9,0.0,0.0,-0.1,0.0,0.0,0.0,4
62.7755,spin_-360,0.0,-0.8,0.0,0.0,0.0001,-0.0,2.2129,-2.4151,-6.468,-0.5255,4.9,0.0,0.0,-0.1,0.0,0.0,0.0,4
62.826,spin_-360,0.0,-0.8,0.0,0.0,0.0001,-0.0,2.2129,-2.4151,-6.468,-0.5255,4.9,0.0,0.0,-0.1,0.0,0.0,0.0,4
62.8765,spin_-360,0.0,-0.8,0.0,0.0,0.0001,-0.0,2.2129,-2.4151,-6.468,-0.5255,4.9,0.0,0.0,-0.1,0.0,0.0,0.0,4
62.9267,spin_-360,0.0,-0.8,0.0,0.0,0.0001,-0.0,2.2129,-2.4151,-6.468,-0.5255,4.9,0.0,0.0,-0.1,0.0,0.0,0.0,4
62.9776,spin_-360,0.0,-0.8,0.0,0.0,0.0001,-0.0,2.2129,-2.4151,-6.468,-0.5255,4.9,0.0,0.0,-0.1,0.0,0.0,0.0,4
63.0281,spin_-360,0.0,-0.8,0.0,0.0,0.0,-0.0,2.2129,-2.4151,-6.468,-0.5255,4.9,0.0,0.0,-0.1,0.0,0.0,0.0,4
63.0786,spin_-360,0.0,-0.8,0.0,0.0,0.0,-0.0,2.2129,-2.4151,-6.468,-0.5255,4.9,0.0,0.0,-0.1,0.0,0.0,0.0,4
63.1291,spin_-360,0.0,-0.8,0.0,0.0,0.0,-0.0,2.2129,-2.4151,-6.468,-0.5255,4.9,0.0,0.0,-0.1,0.0,0.0,0.0,4
63.1794,spin_-360,0.0,-0.8,0.0,0.0,0.0,-0.0,2.2129,-2.4151,-6.468,-0.5255,4.9,0.0,0.0,-0.1,0.0,0.0,0.0,4
63.23,spin_-360,0.0,-0.8,0.0,0.0,0.0,-0.0,2.2129,-2.4151,-6.468,-0.5255,4.9,0.0,0.0,-0.1,0.0,0.0,0.0,4
63.2806,spin_-360,0.0,-0.8,0.0,0.0,0.0,-0.0,2.2129,-2.4151,-6.468,-0.5255,4.9,0.0,0.0,-0.1,0.0,0.0,0.0,4
63.3312,spin_-360,0.0,-0.8,0.0,0.0,0.0,-0.0,2.2129,-2.4151,-6.468,-0.5255,4.9,0.0,0.0,-0.1,0.0,0.0,0.0,4
63.3818,spin_-360,0.0,-0.8,0.0,0.0,0.0,-0.0,2.2129,-2.4151,-6.468,-0.5255,4.9,0.0,0.0,-0.1,0.0,0.0,0.0,4
63.4322,spin_-360,0.0,-0.8,0.0,0.0,0.0,-0.0,2.2129,-2.4151,-6.468,-0.5255,4.9,0.0,0.0,-0.1,0.0,0.0,0.0,4
63.4832,spin_-360,0.0,-0.8,0.0,0.0,0.0,-0.0,2.2129,-2.4151,-6.468,-0.5255,4.9,0.0,0.0,-0.1,0.0,0.0,0.0,4
63.5339,spin_-360,0.0,-0.8,0.0,0.0,0.0,-0.0,2.2129,-2.4151,-6.468,-0.5255,4.9,0.0,0.0,-0.1,0.0,0.0,0.0,4
63.5845,spin_-360,0.0,-0.8,0.0,0.0,0.0,-0.0,2.2129,-2.4151,-6.468,-0.5255,4.9,0.0,0.0,-0.1,0.0,0.0,0.0,4
63.635,spin_-360,0.0,-0.8,0.0,0.0,0.0,-0.0,2.2129,-2.4151,-6.468,-0.5255,4.9,0.0,0.0,0.0,0.0,0.0,0.0,4
63.6854,spin_-360,0.0,-0.8,0.0,0.0,0.0,-0.0,2.2129,-2.4151,-6.468,-0.5255,4.9,0.0,0.0,0.0,0.0,0.0,0.0,4
63.7365,spin_-360,0.0,-0.8,0.0,0.0,0.0,-0.0,2.2129,-2.4151,-6.468,-0.5255,4.9,0.0,0.0,0.0,0.0,0.0,0.0,4
63.787,spin_-360,0.0,-0.8,0.0,0.0,0.0,-0.0,2.2129,-2.4151,-6.468,-0.5255,4.9,0.0,0.0,0.0,0.0,0.0,0.0,4
63.8374,spin_-360,0.0,-0.8,0.0,0.0,0.0,-0.0,2.2129,-2.4151,-6.468,-0.5255,4.9,0.0,0.0,0.0,0.0,0.0,0.0,4
63.8877,spin_-360,0.0,-0.8,0.0,0.0,0.0,-0.0,2.2129,-2.4151,-6.468,-0.5255,4.9,0.0,0.0,-0.1,0.0,0.0,0.0,4
63.938,spin_-360,0.0,-0.8,0.0,0.0,0.0,-0.0,2.2129,-2.4151,-6.468,-0.5255,4.9,0.0,0.0,-0.1,0.0,0.0,0.0,4
63.9887,spin_-360,0.0,-0.8,0.0,0.0,0.0,-0.0,2.2129,-2.4151,-6.468,-0.5255,4.9,0.0,0.0,-0.1,0.0,0.0,0.0,4
64.0392,spin_-360,0.0,-0.8,0.0,0.0,0.0,-0.0,2.2129,-2.4151,-6.468,-0.5255,4.9,0.0,0.0,-0.1,0.0,0.0,0.0,4
64.0898,spin_-360,0.0,-0.8,0.0,0.0,0.0,-0.0,2.2129,-2.4151,-6.468,-0.5255,4.9,0.0,0.0,-0.1,0.0,0.0,0.0,4
64.1401,spin_-360,0.0,-0.8,0.0,0.0,0.0,-0.0,2.2129,-2.4151,-6.468,-0.5255,4.9,0.0,0.0,0.0,0.0,0.0,0.0,4
64.1904,spin_-360,0.0,-0.8,0.0,0.0,0.0,-0.0,2.2129,-2.4151,-6.468,-0.5255,4.9,0.0,0.0,0.0,0.0,0.0,0.0,4
64.2411,spin_-360,0.0,-0.8,0.0,0.0,0.0,-0.0,2.2129,-2.4151,-6.468,-0.5255,4.9,0.0,0.0,0.0,0.0,0.0,0.0,4
64.2916,spin_-360,0.0,-0.8,0.0,0.0,0.0,-0.0,2.2129,-2.4151,-6.468,-0.5255,4.9,0.0,0.0,0.0,0.0,0.0,0.0,4
64.342,spin_-360,0.0,-0.8,0.0,0.0,0.0,-0.0,2.2129,-2.4151,-6.468,-0.5255,4.9,0.0,0.0,0.0,0.0,0.0,0.0,4
64.3924,spin_-360,0.0,-0.8,0.0,0.0,0.0,-0.0,2.2129,-2.4151,-6.468,-0.5255,4.9,0.0,0.0,-0.1,0.0,0.0,0.0,4
64.4428,spin_-360,0.0,-0.8,0.0,0.0,0.0,-0.0,2.2129,-2.4151,-6.468,-0.5255,4.9,0.0,0.0,-0.1,0.0,0.0,0.0,4
64.4934,spin_-360,0.0,-0.8,0.0,0.0,0.0,-0.0,2.2129,-2.4151,-6.468,-0.5255,4.9,0.0,0.0,-0.1,0.0,0.0,0.0,4
64.5438,spin_-360,0.0,-0.8,0.0,0.0,0.0,-0.0,2.2129,-2.4151,-6.468,-0.5255,4.9,0.0,0.0,-0.1,0.0,0.0,0.0,4
64.5943,spin_-360,0.0,-0.8,0.0,0.0,0.0,-0.0,2.2129,-2.4151,-6.468,-0.5255,4.9,0.0,0.0,-0.1,0.0,0.0,0.0,4
64.6447,spin_-360,0.0,-0.8,0.0,0.0,0.0,-0.0,2.2129,-2.4151,-6.468,-0.5255,4.9,0.0,0.0,-0.1,0.0,0.0,0.0,4
64.695,spin_-360,0.0,-0.8,0.0,0.0,0.0,-0.0,2.2129,-2.4151,-6.468,-0.5255,4.9,0.0,0.0,-0.1,0.0,0.0,0.0,4
64.7458,spin_-360,0.0,-0.8,0.0,0.0,0.0,-0.0,2.2129,-2.4151,-6.468,-0.5255,4.9,0.0,0.0,-0.1,0.0,0.0,0.0,4
64.7964,spin_-360,0.0,-0.8,0.0,0.0,0.0,-0.0,2.2129,-2.4151,-6.468,-0.5255,4.9,0.0,0.0,-0.1,0.0,0.0,0.0,4
64.8469,spin_-360,0.0,-0.8,0.0,0.0,0.0,-0.0,2.2129,-2.4151,-6.468,-0.5255,4.9,0.0,0.0,-0.1,0.0,0.0,0.0,4
64.8973,spin_-360,0.0,-0.8,0.0,0.0,0.0,-0.0,2.2129,-2.4151,-6.468,-0.5255,4.9,0.0,0.0,0.0,0.0,0.0,0.0,4
64.9477,spin_-360,0.0,-0.8,0.0,0.0,0.0,-0.0,2.2129,-2.4151,-6.468,-0.5255,4.9,0.0,0.0,0.0,0.0,0.0,0.0,4
64.9984,spin_-360,0.0,-0.8,0.0,0.0,0.0,-0.0,2.2129,-2.4151,-6.468,-0.5255,4.9,0.0,0.0,0.0,0.0,0.0,0.0,4
65.049,spin_-360,0.0,-0.8,0.0,0.0,0.0,-0.0,2.2129,-2.4151,-6.468,-0.5255,4.9,0.0,0.0,0.0,0.0,0.0,0.0,4
65.0994,spin_-360,0.0,-0.8,0.0,0.0,0.0,-0.0,2.2129,-2.4151,-6.468,-0.5255,4.9,0.0,0.0,0.0,0.0,0.0,0.0,4
65.15,spin_-360,0.0,-0.8,0.0,0.0,0.0,-0.0,2.2129,-2.4151,-6.468,-0.5255,4.9,0.0,0.0,-0.1,0.0,0.0,0.0,4
65.2003,spin_-360,0.0,-0.8,0.0,0.0,0.0,-0.0,2.2129,-2.4151,-6.468,-0.5255,4.9,0.0,0.0,-0.1,0.0,0.0,0.0,4
65.2516,spin_-360,0.0,-0.8,0.0,0.0,0.0,-0.0,2.2129,-2.4151,-6.468,-0.5255,4.9,0.0,0.0,-0.1,0.0,0.0,0.0,4
65.3021,spin_-360,0.0,-0.8,0.0,0.0,0.0,-0.0,2.2129,-2.4151,-6.468,-0.5255,4.9,0.0,0.0,-0.1,0.0,0.0,0.0,4
65.3526,spin_-360,0.0,-0.8,0.0,0.0,0.0,-0.0,2.2129,-2.4151,-6.468,-0.5255,4.9,0.0,0.0,-0.1,0.0,0.0,0.0,4
65.4031,spin_-360,0.0,-0.8,0.0,0.0,0.0,-0.0,2.2129,-2.4151,-6.468,-0.5255,4.9,0.0,0.0,-0.1,0.0,0.0,0.0,4
65.4534,spin_-360,0.0,-0.8,0.0,0.0,0.0,-0.0,2.2129,-2.4151,-6.468,-0.5255,4.9,0.0,0.0,-0.1,0.0,0.0,0.0,4
65.5041,spin_-360,0.0,-0.8,0.0,0.0,0.0,-0.0,2.2129,-2.4151,-6.468,-0.5255,4.9,0.0,0.0,-0.1,0.0,0.0,0.0,4
65.5547,spin_-360,0.0,-0.8,0.0,0.0,0.0,-0.0,2.2129,-2.4151,-6.468,-0.5255,4.9,0.0,0.0,-0.1,0.0,0.0,0.0,4
65.6054,spin_-360,0.0,-0.8,0.0,0.0,0.0,-0.0,2.2129,-2.4151,-6.468,-0.5255,4.9,0.0,0.0,-0.1,0.0,0.0,0.0,4
65.656,spin_-360,0.0,-0.8,0.0,0.0,0.0,-0.0,2.2129,-2.4151,-6.468,-0.5255,4.9,0.0,0.0,0.0,0.0,0.0,0.0,4
65.7063,spin_-360,0.0,-0.8,0.0,0.0,0.0,-0.0,2.2129,-2.4151,-6.468,-0.5255,4.9,0.0,0.0,0.0,0.0,0.0,0.0,4
65.7571,spin_-360,0.0,-0.8,0.0,0.0,0.0,-0.0,2.2129,-2.4151,-6.468,-0.5255,4.9,0.0,0.0,0.0,0.0,0.0,0.0,4
65.8076,spin_-360,0.0,-0.8,0.0,0.0,0.0,-0.0,2.2129,-2.4151,-6.468,-0.5255,4.9,0.0,0.0,0.0,0.0,0.0,0.0,4
65.8581,spin_-360,0.0,-0.8,0.0,0.0,0.0,-0.0,2.2129,-2.4151,-6.468,-0.5255,4.9,0.0,0.0,0.0,0.0,0.0,0.0,4
65.9086,spin_-360,0.0,-0.8,0.0,0.0,0.0,-0.0,2.2129,-2.4151,-6.468,-0.5255,4.9,0.1,0.0,-0.1,0.0,0.0,0.0,4
65.959,spin_-360,0.0,-0.8,0.0,0.0,0.0,-0.0,2.2129,-2.4151,-6.468,-0.5255,4.9,0.1,0.0,-0.1,0.0,0.0,0.0,4
66.0097,spin_-360,0.0,-0.8,0.0,0.0,0.0,-0.0,2.2129,-2.4151,-6.468,-0.5255,4.9,0.1,0.0,-0.1,0.0,0.0,0.0,4
66.0602,spin_-360,0.0,-0.8,0.0,0.0,0.0,-0.0,2.2129,-2.4151,-6.468,-0.5255,4.9,0.1,0.0,-0.1,0.0,0.0,0.0,4
66.1106,spin_-360,0.0,-0.8,0.0,0.0,0.0,-0.0,2.2129,-2.4151,-6.468,-0.5255,4.9,0.1,0.0,-0.1,0.0,0.0,0.0,4
66.1611,spin_-360,0.0,-0.8,0.0,0.0,0.0,-0.0,2.2129,-2.4151,-6.468,-0.5255,4.9,0.0,0.0,0.0,0.0,0.0,0.0,4
66.2114,spin_-360,0.0,-0.8,0.0,0.0,0.0,-0.0,2.2129,-2.4151,-6.468,-0.5255,4.9,0.0,0.0,0.0,0.0,0.0,0.0,4
66.2621,spin_-360,0.0,-0.8,0.0,0.0,0.0,-0.0,2.2129,-2.4151,-6.468,-0.5255,4.9,0.0,0.0,0.0,0.0,0.0,0.0,4
66.3126,spin_-360,0.0,-0.8,0.0,0.0,0.0,-0.0,2.2129,-2.4151,-6.468,-0.5255,4.9,0.0,0.0,0.0,0.0,0.0,0.0,4
66.3631,spin_-360,0.0,-0.8,0.0,0.0,0.0,-0.0,2.2129,-2.4151,-6.468,-0.5255,4.9,0.0,0.0,0.0,0.0,0.0,0.0,4
66.4135,spin_-360,0.0,-0.8,0.0,0.0,0.0,-0.0,2.2129,-2.4151,-6.468,-0.5255,4.9,0.0,0.0,0.0,0.0,0.0,0.0,4
66.4638,spin_-360,0.0,-0.8,0.0,0.0,0.0,-0.0,2.2129,-2.4151,-6.468,-0.5255,4.9,0.0,0.0,0.0,0.0,0.0,0.0,4
66.5149,spin_-360,0.0,-0.8,0.0,0.0,0.0,-0.0,2.2129,-2.4151,-6.468,-0.5255,4.9,0.0,0.0,0.0,0.0,0.0,0.0,4
66.5655,spin_-360,0.0,-0.8,0.0,0.0,0.0,-0.0,2.2129,-2.4151,-6.468,-0.5255,4.9,0.0,0.0,0.0,0.0,0.0,0.0,4
66.6161,spin_-360,0.0,-0.8,0.0,0.0,0.0,-0.0,2.2129,-2.4151,-6.468,-0.5255,4.9,0.0,0.0,0.0,0.0,0.0,0.0,4
66.6666,spin_-360,0.0,-0.8,0.0,0.0,0.0,-0.0,2.2129,-2.4151,-6.468,-0.5255,4.9,0.0,0.0,-0.1,0.0,0.0,0.0,4
66.717,spin_-360,0.0,-0.8,0.0,0.0,0.0,-0.0,2.2129,-2.4151,-6.468,-0.5255,4.9,0.0,0.0,-0.1,0.0,0.0,0.0,4
66.7678,spin_-360,0.0,-0.8,0.0,0.0,0.0,-0.0,2.2129,-2.4151,-6.468,-0.5255,4.9,0.0,0.0,-0.1,0.0,0.0,0.0,4
66.8188,spin_-360,0.0,-0.8,0.0,0.0,0.0,-0.0,2.2129,-2.4151,-6.468,-0.5255,4.9,0.0,0.0,-0.1,0.0,0.0,0.0,4
66.8695,spin_-360,0.0,-0.8,0.0,0.0,0.0,-0.0,2.2129,-2.4151,-6.468,-0.5255,4.9,0.0,0.0,-0.1,0.0,0.0,0.0,4
66.9202,spin_-360,0.0,-0.8,0.0,0.0,0.0,-0.0,2.2129,-2.4151,-6.468,-0.5255,4.9,0.0,0.0,-0.1,0.0,0.0,0.0,4
66.9706,spin_-360,0.0,-0.8,0.0,0.0,0.0,-0.0,2.2129,-2.4151,-6.468,-0.5255,4.9,0.0,0.0,-0.1,0.0,0.0,0.0,4
67.0216,spin_-360,0.0,-0.8,0.0,0.0,0.0,-0.0,2.2129,-2.4151,-6.468,-0.5255,4.9,0.0,0.0,-0.1,0.0,0.0,0.0,4
67.0721,spin_-360,0.0,-0.8,0.0,0.0,0.0,-0.0,2.2129,-2.4151,-6.468,-0.5255,4.9,0.0,0.0,-0.1,0.0,0.0,0.0,4
67.1226,spin_-360,0.0,-0.8,0.0,0.0,0.0,-0.0,2.2129,-2.4151,-6.468,-0.5255,4.9,0.0,0.0,-0.1,0.0,0.0,0.0,4
67.173,spin_-360,0.0,-0.8,0.0,0.0,0.0,-0.0,2.2129,-2.4151,-6.468,-0.5255,4.9,0.0,0.0,-0.1,0.0,0.0,0.0,4
67.2234,spin_-360,0.0,-0.8,0.0,0.0,0.0,-0.0,2.2129,-2.4151,-6.468,-0.5255,4.9,0.0,0.0,-0.1,0.0,0.0,0.0,4
67.2742,spin_-360,0.0,-0.8,0.0,0.0,0.0,-0.0,2.2129,-2.4151,-6.468,-0.5255,4.9,0.0,0.0,-0.1,0.0,0.0,0.0,4
67.3251,spin_-360,0.0,-0.8,0.0,0.0,0.0,-0.0,2.2129,-2.4151,-6.468,-0.5255,4.9,0.0,0.0,-0.1,0.0,0.0,0.0,4
67.3755,spin_-360,0.0,-0.8,0.0,0.0,0.0,-0.0,2.2129,-2.4151,-6.468,-0.5255,4.9,0.0,0.0,-0.1,0.0,0.0,0.0,4
67.4259,spin_-360,0.0,-0.8,0.0,0.0,0.0,-0.0,2.2129,-2.4151,-6.468,-0.5255,4.9,0.0,0.0,-0.1,0.0,0.0,0.0,4
67.4762,spin_-360,0.0,-0.8,0.0,0.0,0.0,-0.0,2.2129,-2.4151,-6.468,-0.5255,4.9,0.0,0.0,-0.1,0.0,0.0,0.0,4
67.5269,spin_-360,0.0,-0.8,0.0,0.0,0.0,-0.0,2.2129,-2.4151,-6.468,-0.5255,4.9,0.0,0.0,-0.1,0.0,0.0,0.0,4
67.5776,spin_-360,0.0,-0.8,0.0,0.0,0.0,-0.0,2.2129,-2.4151,-6.468,-0.5255,4.9,0.0,0.0,-0.1,0.0,0.0,0.0,4
67.628,spin_-360,0.0,-0.8,0.0,0.0,0.0,-0.0,2.2129,-2.4151,-6.468,-0.5255,4.9,0.0,0.0,-0.1,0.0,0.0,0.0,4
67.6785,spin_-360,0.0,-0.8,0.0,0.0,0.0,-0.0,2.2129,-2.4151,-6.468,-0.5255,4.9,0.0,0.0,-0.1,0.0,0.0,0.0,4
67.7288,spin_-360,0.0,-0.8,0.0,0.0,0.0,-0.0,2.2129,-2.4151,-6.468,-0.5255,4.9,0.0,0.0,-0.1,0.0,0.0,0.0,4
67.7795,spin_-360,0.0,-0.8,0.0,0.0,0.0,-0.0,2.2129,-2.4151,-6.468,-0.5255,4.9,0.0,0.0,-0.1,0.0,0.0,0.0,4
67.83,spin_-360,0.0,-0.8,0.0,0.0,0.0,-0.0,2.2129,-2.4151,-6.468,-0.5255,4.9,0.0,0.0,-0.1,0.0,0.0,0.0,4
67.8805,spin_-360,0.0,-0.8,0.0,0.0,0.0,-0.0,2.2129,-2.4151,-6.468,-0.5255,4.9,0.0,0.0,-0.1,0.0,0.0,0.0,4
67.931,spin_-360,0.0,-0.8,0.0,0.0,0.0,-0.0,2.2129,-2.4151,-6.468,-0.5255,4.9,0.0,0.0,-0.1,0.0,0.0,0.0,4
67.9813,spin_-360,0.0,-0.8,0.0,0.0,0.0,-0.0,2.2129,-2.4151,-6.468,-0.5255,4.9,0.0,0.0,-0.1,0.0,0.0,0.0,4
68.0323,spin_-360,0.0,-0.8,0.0,0.0,0.0,-0.0,2.2129,-2.4151,-6.468,-0.5255,4.9,0.0,0.0,-0.1,0.0,0.0,0.0,4
68.0829,spin_-360,0.0,-0.8,0.0,0.0,0.0,-0.0,2.2129,-2.4151,-6.468,-0.5255,4.9,0.0,0.0,-0.1,0.0,0.0,0.0,4
68.1333,spin_-360,0.0,-0.8,0.0,0.0,0.0,-0.0,2.2129,-2.4151,-6.468,-0.5255,4.9,0.0,0.0,-0.1,0.0,0.0,0.0,4
68.1837,spin_-360,0.0,-0.8,0.0,0.0,0.0,-0.0,2.2129,-2.4151,-6.468,-0.5255,4.9,0.0,0.0,0.0,0.0,0.0,0.0,4
68.234,spin_-360,0.0,-0.8,0.0,0.0,0.0,-0.0,2.2129,-2.4151,-6.468,-0.5255,4.9,0.0,0.0,0.0,0.0,0.0,0.0,4
68.2848,spin_-360,0.0,-0.8,0.0,0.0,0.0,-0.0,2.2129,-2.4151,-6.468,-0.5255,4.9,0.0,0.0,0.0,0.0,0.0,0.0,4
68.3352,spin_-360,0.0,-0.8,0.0,0.0,0.0,-0.0,2.2129,-2.4151,-6.468,-0.5255,4.9,0.0,0.0,0.0,0.0,0.0,0.0,4
68.3862,spin_-360,0.0,-0.8,0.0,0.0,0.0,-0.0,2.2129,-2.4151,-6.468,-0.5255,4.9,0.0,0.0,0.0,0.0,0.0,0.0,4
68.4374,spin_-360,0.0,-0.8,0.0,0.0,0.0,-0.0,2.2129,-2.4151,-6.468,-0.5255,4.9,0.0,0.0,-0.1,0.0,0.0,0.0,4
68.4879,spin_-360,0.0,-0.8,0.0,0.0,0.0,-0.0,2.2129,-2.4151,-6.468,-0.5255,4.9,0.0,0.0,-0.1,0.0,0.0,0.0,4
68.5387,spin_-360,0.0,-0.8,0.0,0.0,0.0,-0.0,2.2129,-2.4151,-6.468,-0.5255,4.9,0.0,0.0,-0.1,0.0,0.0,0.0,4
68.5896,spin_-360,0.0,-0.8,0.0,0.0,0.0,-0.0,2.2129,-2.4151,-6.468,-0.5255,4.9,0.0,0.0,-0.1,0.0,0.0,0.0,4
68.6402,spin_-360,0.0,-0.8,0.0,0.0,0.0,-0.0,2.2129,-2.4151,-6.468,-0.5255,4.9,0.0,0.0,-0.1,0.0,0.0,0.0,4
68.6907,spin_-360,0.0,-0.8,0.0,0.0,0.0,-0.0,2.2129,-2.4151,-6.468,-0.5255,4.9,0.0,0.0,-0.1,0.0,0.0,0.0,4
68.7411,spin_-360,0.0,-0.8,0.0,0.0,0.0,-0.0,2.2129,-2.4151,-6.468,-0.5255,4.9,0.0,0.0,-0.1,0.0,0.0,0.0,4
68.7921,spin_-360,0.0,-0.8,0.0,0.0,0.0,-0.0,2.2129,-2.4151,-6.468,-0.5255,4.9,0.0,0.0,-0.1,0.0,0.0,0.0,4
68.8426,spin_-360,0.0,-0.8,0.0,0.0,0.0,-0.0,2.2129,-2.4151,-6.468,-0.5255,4.9,0.0,0.0,-0.1,0.0,0.0,0.0,4
68.8934,spin_-360,0.0,-0.8,0.0,0.0,0.0,-0.0,2.2129,-2.4151,-6.468,-0.5255,4.9,0.0,0.0,-0.1,0.0,0.0,0.0,4
68.9438,spin_-360,0.0,-0.8,0.0,0.0,0.0,-0.0,2.2129,-2.4151,-6.468,-0.5255,4.9,0.0,0.0,-0.1,0.0,0.0,0.0,4
68.9942,spin_-360,0.0,-0.8,0.0,0.0,0.0,-0.0,2.2129,-2.4151,-6.468,-0.5255,4.9,0.0,0.0,-0.1,0.0,0.0,0.0,4
69.0449,spin_-360,0.0,-0.8,0.0,0.0,0.0,-0.0,2.2129,-2.4151,-6.468,-0.5255,4.9,0.0,0.0,-0.1,0.0,0.0,0.0,4
69.0954,spin_-360,0.0,-0.8,0.0,0.0,0.0,-0.0,2.2129,-2.4151,-6.468,-0.5255,4.9,0.0,0.0,-0.1,0.0,0.0,0.0,4
69.1461,spin_-360,0.0,-0.8,0.0,0.0,0.0,-0.0,2.2129,-2.4151,-6.468,-0.5255,4.9,0.0,0.0,-0.1,0.0,0.0,0.0,4
69.1965,spin_-360,0.0,-0.8,0.0,0.0,0.0,-0.0,2.2129,-2.4151,-6.468,-0.5255,4.9,0.0,0.0,0.0,0.0,0.0,0.0,4
69.2469,spin_-360,0.0,-0.8,0.0,0.0,0.0,-0.0,2.2129,-2.4151,-6.468,-0.5255,4.9,0.0,0.0,0.0,0.0,0.0,0.0,4
69.2978,spin_-360,0.0,-0.8,0.0,0.0,0.0,-0.0,2.2129,-2.4151,-6.468,-0.5255,4.9,0.0,0.0,0.0,0.0,0.0,0.0,4
69.3485,spin_-360,0.0,-0.8,0.0,0.0,0.0,-0.0,2.2129,-2.4151,-6.468,-0.5255,4.9,0.0,0.0,0.0,0.0,0.0,0.0,4
69.3992,spin_-360,0.0,-0.8,0.0,0.0,0.0,-0.0,2.2129,-2.4151,-6.468,-0.5255,4.9,0.0,0.0,0.0,0.0,0.0,0.0,4
69.4497,spin_-360,0.0,-0.8,0.0,0.0,0.0,-0.0,2.2129,-2.4151,-6.468,-0.5255,4.9,0.0,0.0,-0.1,0.0,0.0,0.0,4
69.5,spin_-360,0.0,-0.8,0.0,0.0,0.0,-0.0,2.2129,-2.4151,-6.468,-0.5255,4.9,0.0,0.0,-0.1,0.0,0.0,0.0,4
69.5507,spin_-360,0.0,-0.8,0.0,0.0,0.0,-0.0,2.2129,-2.4151,-6.468,-0.5255,4.9,0.0,0.0,-0.1,0.0,0.0,0.0,4
69.6012,spin_-360,0.0,-0.8,0.0,0.0,0.0,-0.0,2.2129,-2.4151,-6.468,-0.5255,4.9,0.0,0.0,-0.1,0.0,0.0,0.0,4
69.6518,spin_-360,0.0,-0.8,0.0,0.0,0.0,-0.0,2.2129,-2.4151,-6.468,-0.5255,4.9,0.0,0.0,-0.1,0.0,0.0,0.0,4
69.7024,spin_-360,0.0,-0.8,0.0,0.0,0.0,-0.0,2.2129,-2.4151,-6.468,-0.5255,4.9,0.0,0.0,-0.1,0.0,0.0,0.0,4
69.7528,spin_-360,0.0,-0.8,0.0,0.0,0.0,-0.0,2.2129,-2.4151,-6.468,-0.5255,4.9,0.0,0.0,-0.1,0.0,0.0,0.0,4
69.8038,spin_-360,0.0,-0.8,0.0,0.0,0.0,-0.0,2.2129,-2.4151,-6.468,-0.5255,4.9,0.0,0.0,-0.1,0.0,0.0,0.0,4
69.8546,spin_-360,0.0,-0.8,0.0,0.0,0.0,-0.0,2.2129,-2.4151,-6.468,-0.5255,4.9,0.0,0.0,-0.1,0.0,0.0,0.0,4
69.9051,spin_-360,0.0,-0.8,0.0,0.0,0.0,-0.0,2.2129,-2.4151,-6.468,-0.5255,4.9,0.0,0.0,-0.1,0.0,0.0,0.0,4
69.9555,spin_-360,0.0,-0.8,0.0,0.0,0.0,-0.0,2.2129,-2.4151,-6.468,-0.5255,4.9,0.0,0.0,-0.1,0.0,0.0,0.0,4
70.0059,spin_-360,0.0,-0.8,0.0,0.0,0.0,-0.0,2.2129,-2.4151,-6.468,-0.5255,4.9,0.0,0.0,-0.1,0.0,0.0,0.0,4
70.057,spin_-360,0.0,-0.8,0.0,0.0,0.0,-0.0,2.2129,-2.4151,-6.468,-0.5255,4.9,0.0,0.0,-0.1,0.0,0.0,0.0,4
70.1078,spin_-360,0.0,-0.8,0.0,0.0,0.0,-0.0,2.2129,-2.4151,-6.468,-0.5255,4.9,0.0,0.0,-0.1,0.0,0.0,0.0,4
70.1585,spin_-360,0.0,-0.8,0.0,0.0,0.0,-0.0,2.2129,-2.4151,-6.468,-0.5255,4.9,0.0,0.0,-0.1,0.0,0.0,0.0,4
70.2089,spin_-360,0.0,-0.8,0.0,0.0,0.0,-0.0,2.2129,-2.4151,-6.468,-0.5255,4.9,0.0,0.0,0.0,0.0,0.0,0.0,4
70.2593,spin_-360,0.0,-0.8,0.0,0.0,0.0,-0.0,2.2129,-2.4151,-6.468,-0.5255,4.9,0.0,0.0,0.0,0.0,0.0,0.0,4
70.3099,spin_-360,0.0,-0.8,0.0,0.0,0.0,-0.0,2.2129,-2.4151,-6.468,-0.5255,4.9,0.0,0.0,0.0,0.0,0.0,0.0,4
70.3606,spin_-360,0.0,-0.8,0.0,0.0,0.0,-0.0,2.2129,-2.4151,-6.468,-0.5255,4.9,0.0,0.0,0.0,0.0,0.0,0.0,4
70.411,spin_-360,0.0,-0.8,0.0,0.0,0.0,-0.0,2.2129,-2.4151,-6.468,-0.5255,4.9,0.0,0.0,0.0,0.0,0.0,0.0,4
70.4616,spin_-360,0.0,-0.8,0.0,0.0,0.0,-0.0,2.2129,-2.4151,-6.468,-0.5255,4.9,0.0,0.0,0.0,0.0,0.0,0.0,4
70.512,spin_-360,0.0,0.0,0.0,0.0,0.0,-0.0,2.2129,-2.4151,-6.468,-0.5255,4.9,0.0,0.0,0.0,0.0,0.0,0.0,4
70.5127,idle_end,0.0,0.0,0.0,0.0,0.0,-0.0,2.2129,-2.4151,-6.468,-0.5255,4.9,0.0,0.0,0.0,0.0,0.0,0.0,4
70.5638,idle_end,0.0,0.0,0.0,0.0,0.0,-0.0,2.2129,-2.4151,-6.468,-0.5255,4.9,0.0,0.0,0.0,0.0,0.0,0.0,4
70.6143,idle_end,0.0,0.0,0.0,0.0,0.0,-0.0,2.2129,-2.4151,-6.468,-0.5255,4.9,0.0,0.0,0.0,0.0,0.0,0.0,4
70.6647,idle_end,0.0,0.0,0.0,0.0,0.0,-0.0,2.2129,-2.4151,-6.468,-0.5255,4.9,0.0,0.0,-0.1,0.0,0.0,0.0,4
70.7152,idle_end,0.0,0.0,0.0,0.0,0.0,-0.0,2.2129,-2.4151,-6.468,-0.5255,4.9,0.0,0.0,-0.1,0.0,0.0,0.0,4
70.766,idle_end,0.0,0.0,0.0,0.0,0.0,-0.0,2.2129,-2.4151,-6.468,-0.5255,4.9,0.0,0.0,-0.1,0.0,0.0,0.0,4
70.8167,idle_end,0.0,0.0,0.0,0.0,0.0,-0.0,2.2129,-2.4151,-6.468,-0.5255,4.9,0.0,0.0,-0.1,0.0,0.0,0.0,4
70.8675,idle_end,0.0,0.0,0.0,0.0,0.0,-0.0,2.2129,-2.4151,-6.468,-0.5255,4.9,0.0,0.0,-0.1,0.0,0.0,0.0,4
70.918,idle_end,0.0,0.0,0.0,0.0,0.0,-0.0,2.2129,-2.4151,-6.468,-0.5255,4.9,0.0,0.0,-0.1,0.0,0.0,0.0,4
70.9685,idle_end,0.0,0.0,0.0,0.0,0.0,-0.0,2.2129,-2.4151,-6.468,-0.5255,4.9,0.0,0.0,-0.1,0.0,0.0,0.0,4
71.0194,idle_end,0.0,0.0,0.0,0.0,0.0,-0.0,2.2129,-2.4151,-6.468,-0.5255,4.9,0.0,0.0,-0.1,0.0,0.0,0.0,4
71.0701,idle_end,0.0,0.0,0.0,0.0,0.0,0.0,2.2129,-2.4151,-6.468,-0.5255,4.9,0.0,0.0,-0.1,0.0,0.0,0.0,4
71.1207,idle_end,0.0,0.0,0.0,0.0,0.0,0.0,2.2129,-2.4151,-6.468,-0.5255,4.9,0.0,0.0,-0.1,0.0,0.0,0.0,4
71.1713,idle_end,0.0,0.0,0.0,0.0,0.0,0.0,2.2129,-2.4151,-6.468,-0.5255,4.9,0.0,0.0,-0.1,0.0,0.0,0.0,4
71.2217,idle_end,0.0,0.0,0.0,0.0,0.0,0.0,2.2129,-2.4151,-6.468,-0.5255,4.9,0.0,0.0,-0.1,0.0,0.0,0.0,4
71.2726,idle_end,0.0,0.0,0.0,0.0,0.0,0.0,2.2129,-2.4151,-6.468,-0.5255,4.9,0.0,0.0,-0.1,0.0,0.0,0.0,4
71.3235,idle_end,0.0,0.0,0.0,0.0,0.0,0.0,2.2129,-2.4151,-6.468,-0.5255,4.9,0.0,0.0,-0.1,0.0,0.0,0.0,4
71.3741,idle_end,0.0,0.0,0.0,0.0,0.0,0.0,2.2129,-2.4151,-6.468,-0.5255,4.9,0.0,0.0,-0.1,0.0,0.0,0.0,4
71.4248,idle_end,0.0,0.0,0.0,0.0,0.0,0.0,2.2129,-2.4151,-6.468,-0.5255,4.9,0.0,0.0,0.0,0.0,0.0,0.0,4
71.4751,idle_end,0.0,0.0,0.0,0.0,0.0,0.0,2.2129,-2.4151,-6.468,-0.5255,4.9,0.0,0.0,0.0,0.0,0.0,0.0,4
71.5258,idle_end,0.0,0.0,0.0,0.0,0.0,0.0,2.2129,-2.4151,-6.468,-0.5255,4.9,0.0,0.0,0.0,0.0,0.0,0.0,4
71.5763,idle_end,0.0,0.0,0.0,0.0,0.0,0.0,2.2129,-2.4151,-6.468,-0.5255,4.9,0.0,0.0,0.0,0.0,0.0,0.0,4
71.6269,idle_end,0.0,0.0,0.0,0.0,0.0,0.0,2.2129,-2.4151,-6.468,-0.5255,4.9,0.0,0.0,0.0,0.0,0.0,0.0,4
71.6774,idle_end,0.0,0.0,0.0,0.0,0.0,0.0,2.2129,-2.4151,-6.468,-0.5255,4.9,0.0,0.0,-0.1,0.0,0.0,0.0,4
71.7277,idle_end,0.0,0.0,0.0,0.0,0.0,0.0,2.2129,-2.4151,-6.468,-0.5255,4.9,0.0,0.0,-0.1,0.0,0.0,0.0,4
71.7784,idle_end,0.0,0.0,0.0,0.0,0.0,0.0,2.2129,-2.4151,-6.468,-0.5255,4.9,0.0,0.0,-0.1,0.0,0.0,0.0,4
71.829,idle_end,0.0,0.0,0.0,0.0,0.0,0.0,2.2129,-2.4151,-6.468,-0.5255,4.9,0.0,0.0,-0.1,0.0,0.0,0.0,4
71.8794,idle_end,0.0,0.0,0.0,0.0,0.0,0.0,2.2129,-2.4151,-6.468,-0.5255,4.9,0.0,0.0,-0.1,0.0,0.0,0.0,4
71.93,idle_end,0.0,0.0,0.0,0.0,0.0,0.0,2.2129,-2.4151,-6.468,-0.5255,4.9,0.0,0.0,-0.1,0.0,0.0,0.0,4
71.9803,idle_end,0.0,0.0,0.0,0.0,0.0,0.0,2.2129,-2.4151,-6.468,-0.5255,4.9,0.0,0.0,-0.1,0.0,0.0,0.0,4
72.0312,idle_end,0.0,0.0,0.0,0.0,0.0,0.0,2.2129,-2.4151,-6.468,-0.5255,4.9,0.0,0.0,-0.1,0.0,0.0,0.0,4
72.0817,idle_end,0.0,0.0,0.0,0.0,0.0,0.0,2.2129,-2.4151,-6.468,-0.5255,4.9,0.0,0.0,-0.1,0.0,0.0,0.0,4
72.1322,idle_end,0.0,0.0,0.0,0.0,0.0,0.0,2.2129,-2.4151,-6.468,-0.5255,4.9,0.0,0.0,-0.1,0.0,0.0,0.0,4
72.1826,idle_end,0.0,0.0,0.0,0.0,0.0,0.0,2.2129,-2.4151,-6.468,-0.5255,4.9,0.0,0.0,-0.1,0.0,0.0,0.0,4
72.2329,idle_end,0.0,0.0,0.0,0.0,0.0,0.0,2.2129,-2.4151,-6.468,-0.5255,4.9,0.0,0.0,-0.1,0.0,0.0,0.0,4
72.2836,idle_end,0.0,0.0,0.0,0.0,0.0,0.0,2.2129,-2.4151,-6.468,-0.5255,4.9,0.0,0.0,-0.1,0.0,0.0,0.0,4
72.3342,idle_end,0.0,0.0,0.0,0.0,0.0,0.0,2.2129,-2.4151,-6.468,-0.5255,4.9,0.0,0.0,-0.1,0.0,0.0,0.0,4
72.3846,idle_end,0.0,0.0,0.0,0.0,0.0,0.0,2.2129,-2.4151,-6.468,-0.5255,4.9,0.0,0.0,-0.1,0.0,0.0,0.0,4
72.435,idle_end,0.0,0.0,0.0,0.0,0.0,0.0,2.2129,-2.4151,-6.468,-0.5255,4.9,0.0,0.0,-0.1,0.0,0.0,0.0,4
72.4853,idle_end,0.0,0.0,0.0,0.0,0.0,0.0,2.2129,-2.4151,-6.468,-0.5255,4.9,0.0,0.0,-0.1,0.0,0.0,0.0,4
72.536,idle_end,0.0,0.0,0.0,0.0,0.0,0.0,2.2129,-2.4151,-6.468,-0.5255,4.9,0.0,0.0,-0.1,0.0,0.0,0.0,4
72.5865,idle_end,0.0,0.0,0.0,0.0,0.0,0.0,2.2129,-2.4151,-6.468,-0.5255,4.9,0.0,0.0,-0.1,0.0,0.0,0.0,4
72.6372,idle_end,0.0,0.0,0.0,0.0,0.0,0.0,2.2129,-2.4151,-6.468,-0.5255,4.9,0.0,0.0,-0.1,0.0,0.0,0.0,4
72.6878,idle_end,0.0,0.0,0.0,0.0,0.0,0.0,2.2129,-2.4151,-6.468,-0.5255,4.9,-0.2,0.0,-0.1,0.0,0.0,0.0,4
72.7381,idle_end,0.0,0.0,0.0,0.0,0.0,0.0,2.2129,-2.4151,-6.468,-0.5255,4.9,-0.2,0.0,-0.1,0.0,0.0,0.0,4
72.7887,idle_end,0.0,0.0,0.0,0.0,0.0,0.0,2.2129,-2.4151,-6.468,-0.5255,4.9,-0.2,0.0,-0.1,0.0,0.0,0.0,4
72.8394,idle_end,0.0,0.0,0.0,0.0,0.0,0.0,2.2129,-2.4151,-6.468,-0.5255,4.9,-0.2,0.0,-0.1,0.0,0.0,0.0,4
72.8899,idle_end,0.0,0.0,0.0,0.0,0.0,0.0,2.2129,-2.4151,-6.468,-0.5255,4.9,-0.2,0.0,-0.1,0.0,0.0,0.0,4
72.9403,idle_end,0.0,0.0,0.0,0.0,0.0,0.0,2.2129,-2.4151,-6.468,-0.5255,4.9,0.0,0.0,-0.1,0.0,0.0,0.0,4
72.9906,idle_end,0.0,0.0,0.0,0.0,0.0,0.0,2.2129,-2.4151,-6.468,-0.5255,4.9,0.0,0.0,-0.1,0.0,0.0,0.0,4
73.0413,idle_end,0.0,0.0,0.0,0.0,0.0,0.0,2.2129,-2.4151,-6.468,-0.5255,4.9,0.0,0.0,-0.1,0.0,0.0,0.0,4
73.0918,idle_end,0.0,0.0,0.0,0.0,0.0,0.0,2.2129,-2.4151,-6.468,-0.5255,4.9,0.0,0.0,-0.1,0.0,0.0,0.0,4
73.1422,idle_end,0.0,0.0,0.0,0.0,0.0,0.0,2.2129,-2.4151,-6.468,-0.5255,4.9,0.0,0.0,-0.1,0.0,0.0,0.0,4
73.1926,idle_end,0.0,0.0,0.0,0.0,0.0,0.0,2.2129,-2.4151,-6.468,-0.5255,4.9,0.0,0.0,-0.1,0.0,0.0,0.0,4
73.243,idle_end,0.0,0.0,0.0,0.0,0.0,0.0,2.2129,-2.4151,-6.468,-0.5255,4.9,0.0,0.0,-0.1,0.0,0.0,0.0,4
73.2937,idle_end,0.0,0.0,0.0,0.0,0.0,0.0,2.2129,-2.4151,-6.468,-0.5255,4.9,0.0,0.0,-0.1,0.0,0.0,0.0,4
73.3442,idle_end,0.0,0.0,0.0,0.0,0.0,0.0,2.2129,-2.4151,-6.468,-0.5255,4.9,0.0,0.0,-0.1,0.0,0.0,0.0,4
73.3946,idle_end,0.0,0.0,0.0,0.0,0.0,0.0,2.2129,-2.4151,-6.468,-0.5255,4.9,0.0,0.0,-0.1,0.0,0.0,0.0,4
73.4451,idle_end,0.0,0.0,0.0,0.0,0.0,0.0,2.2129,-2.4151,-6.468,-0.5255,4.9,0.0,0.0,-0.1,0.0,0.0,0.0,4
73.4954,idle_end,0.0,0.0,0.0,0.0,0.0,0.0,2.2129,-2.4151,-6.468,-0.5255,4.9,0.0,0.0,-0.1,0.0,0.0,0.0,4
73.546,idle_end,0.0,0.0,0.0,0.0,0.0,0.0,2.2129,-2.4151,-6.468,-0.5255,4.9,0.0,0.0,-0.1,0.0,0.0,0.0,4
73.5965,idle_end,0.0,0.0,0.0,0.0,0.0,0.0,2.2129,-2.4151,-6.468,-0.5255,4.9,0.0,0.0,-0.1,0.0,0.0,0.0,4
73.6469,idle_end,0.0,0.0,0.0,0.0,0.0,0.0,2.2129,-2.4151,-6.468,-0.5255,4.9,0.0,0.0,-0.1,0.0,0.0,0.0,4
73.6974,idle_end,0.0,0.0,0.0,0.0,0.0,0.0,2.2129,-2.4151,-6.468,-0.5255,4.9,0.0,0.0,-0.1,0.0,0.0,0.0,4
73.7477,idle_end,0.0,0.0,0.0,0.0,0.0,0.0,2.2129,-2.4151,-6.468,-0.5255,4.9,0.0,0.0,-0.1,0.0,0.0,0.0,4
73.7985,idle_end,0.0,0.0,0.0,0.0,0.0,0.0,2.2129,-2.4151,-6.468,-0.5255,4.9,0.0,0.0,-0.1,0.0,0.0,0.0,4
73.849,idle_end,0.0,0.0,0.0,0.0,0.0,0.0,2.2129,-2.4151,-6.468,-0.5255,4.9,0.0,0.0,-0.1,0.0,0.0,0.0,4
73.8996,idle_end,0.0,0.0,0.0,0.0,0.0,0.0,2.2129,-2.4151,-6.468,-0.5255,4.9,0.0,0.0,-0.1,0.0,0.0,0.0,4
73.95,idle_end,0.0,0.0,0.0,0.0,0.0,0.0,2.2129,-2.4151,-6.468,-0.5255,4.9,0.0,0.0,-0.1,0.0,0.0,0.0,4
74.0003,idle_end,0.0,0.0,0.0,0.0,0.0,0.0,2.2129,-2.4151,-6.468,-0.5255,4.9,0.0,0.0,-0.1,0.0,0.0,0.0,4
74.051,idle_end,0.0,0.0,0.0,0.0,0.0,0.0,2.2129,-2.4151,-6.468,-0.5255,4.9,0.0,0.0,-0.1,0.0,0.0,0.0,4
74.1016,idle_end,0.0,0.0,0.0,0.0,0.0,0.0,2.2129,-2.4151,-6.468,-0.5255,4.9,0.0,0.0,-0.1,0.0,0.0,0.0,4
74.1521,idle_end,0.0,0.0,0.0,0.0,0.0,0.0,2.2129,-2.4151,-6.468,-0.5255,4.9,0.0,0.0,-0.1,0.0,0.0,0.0,4
74.2026,idle_end,0.0,0.0,0.0,0.0,0.0,0.0,2.2129,-2.4151,-6.468,-0.5255,4.9,0.1,0.0,-0.1,0.0,0.0,0.0,4
74.2529,idle_end,0.0,0.0,0.0,0.0,0.0,0.0,2.2129,-2.4151,-6.468,-0.5255,4.9,0.1,0.0,-0.1,0.0,0.0,0.0,4
74.3037,idle_end,0.0,0.0,0.0,0.0,0.0,0.0,2.2129,-2.4151,-6.468,-0.5255,4.9,0.1,0.0,-0.1,0.0,0.0,0.0,4
74.3543,idle_end,0.0,0.0,0.0,0.0,0.0,0.0,2.2129,-2.4151,-6.468,-0.5255,4.9,0.1,0.0,-0.1,0.0,0.0,0.0,4
74.4047,idle_end,0.0,0.0,0.0,0.0,0.0,0.0,2.2129,-2.4151,-6.468,-0.5255,4.9,0.1,0.0,-0.1,0.0,0.0,0.0,4
74.4551,idle_end,0.0,0.0,0.0,0.0,0.0,0.0,2.2129,-2.4151,-6.468,-0.5255,4.9,0.0,0.0,-0.1,0.0,0.0,0.0,4
74.5054,idle_end,0.0,0.0,0.0,0.0,0.0,0.0,2.2129,-2.4151,-6.468,-0.5255,4.9,0.0,0.0,-0.1,0.0,0.0,0.0,4
74.5562,idle_end,0.0,0.0,0.0,0.0,0.0,0.0,2.2129,-2.4151,-6.468,-0.5255,4.9,0.0,0.0,-0.1,0.0,0.0,0.0,4
74.6066,idle_end,0.0,0.0,0.0,0.0,0.0,0.0,2.2129,-2.4151,-6.468,-0.5255,4.9,0.0,0.0,-0.1,0.0,0.0,0.0,4
74.6571,idle_end,0.0,0.0,0.0,0.0,0.0,0.0,2.2129,-2.4151,-6.468,-0.5255,4.9,0.0,0.0,-0.1,0.0,0.0,0.0,4
74.7076,idle_end,0.0,0.0,0.0,0.0,0.0,0.0,2.2129,-2.4151,-6.468,-0.5255,4.9,0.0,0.0,-0.1,0.0,0.0,0.0,4
74.7579,idle_end,0.0,0.0,0.0,0.0,0.0,0.0,2.2129,-2.4151,-6.468,-0.5255,4.9,0.0,0.0,-0.1,0.0,0.0,0.0,4
74.8087,idle_end,0.0,0.0,0.0,0.0,0.0,0.0,2.2129,-2.4151,-6.468,-0.5255,4.9,0.0,0.0,-0.1,0.0,0.0,0.0,4
74.8592,idle_end,0.0,0.0,0.0,0.0,0.0,0.0,2.2129,-2.4151,-6.468,-0.5255,4.9,0.0,0.0,-0.1,0.0,0.0,0.0,4
74.9098,idle_end,0.0,0.0,0.0,0.0,0.0,0.0,2.2129,-2.4151,-6.468,-0.5255,4.9,0.0,0.0,-0.1,0.0,0.0,0.0,4
74.9602,idle_end,0.0,0.0,0.0,0.0,0.0,0.0,2.2129,-2.4151,-6.468,-0.5255,4.9,0.0,0.0,-0.1,0.0,0.0,0.0,4
75.0107,idle_end,0.0,0.0,0.0,0.0,0.0,0.0,2.2129,-2.4151,-6.468,-0.5255,4.9,0.0,0.0,-0.1,0.0,0.0,0.0,4
75.0613,idle_end,0.0,0.0,0.0,0.0,0.0,0.0,2.2129,-2.4151,-6.468,-0.5255,4.9,0.0,0.0,-0.1,0.0,0.0,0.0,4
75.1119,idle_end,0.0,0.0,0.0,0.0,0.0,0.0,2.2129,-2.4151,-6.468,-0.5255,4.9,0.0,0.0,-0.1,0.0,0.0,0.0,4
75.1624,idle_end,0.0,0.0,0.0,0.0,0.0,0.0,2.2129,-2.4151,-6.468,-0.5255,4.9,0.0,0.0,-0.1,0.0,0.0,0.0,4
75.2129,idle_end,0.0,0.0,0.0,0.0,0.0,0.0,2.2129,-2.4151,-6.468,-0.5255,4.9,0.0,0.0,-0.1,0.0,0.0,0.0,4
75.2631,idle_end,0.0,0.0,0.0,0.0,0.0,0.0,2.2129,-2.4151,-6.468,-0.5255,4.9,0.0,0.0,-0.1,0.0,0.0,0.0,4
75.3139,idle_end,0.0,0.0,0.0,0.0,0.0,0.0,2.2129,-2.4151,-6.468,-0.5255,4.9,0.0,0.0,-0.1,0.0,0.0,0.0,4
75.3643,idle_end,0.0,0.0,0.0,0.0,0.0,0.0,2.2129,-2.4151,-6.468,-0.5255,4.9,0.0,0.0,-0.1,0.0,0.0,0.0,4
75.4148,idle_end,0.0,0.0,0.0,0.0,0.0,0.0,2.2129,-2.4151,-6.468,-0.5255,4.9,0.0,0.0,-0.1,0.0,0.0,0.0,4
75.4653,idle_end,0.0,0.0,0.0,0.0,0.0,0.0,2.2129,-2.4151,-6.468,-0.5255,4.9,0.0,0.0,-0.1,0.0,0.0,0.0,4
75.5155,idle_end,0.0,0.0,0.0,0.0,0.0,0.0,2.2129,-2.4151,-6.468,-0.5255,4.9,0.0,0.0,-0.1,0.0,0.0,0.0,4
