t,x,y,v,w,rpm1,rpm2,ff,V
2.362,-6.9459,-4.2258,0.0,0.0,,,,
2.362,-6.9459,-4.2258,0.0,0.0,,,,
2.363,-6.9459,-4.2258,0.0,0.0,0.0,0.0,16,9.3
2.363,-6.9459,-4.2258,0.0,0.0,0.0,0.0,16,9.3
2.376,-6.9459,-4.2258,0.0,0.0,0.0,0.0,16,9.3
2.376,-6.9459,-4.2258,0.0,0.0,0.0,0.0,16,9.2
2.426,-6.9459,-4.2258,0.0,0.0,0.0,0.0,16,9.2
2.436,-6.9459,-4.2258,0.0,0.0,0.0,0.0,16,9.2
2.437,-6.9459,-4.2258,0.0,0.0,0.0,0.0,16,9.3
2.487,-6.9459,-4.2258,0.0,0.0,0.0,0.0,16,9.3
2.496,-6.9459,-4.2258,0.0,0.0,0.0,0.0,16,9.3
2.496,-6.9459,-4.2258,0.0,0.0,0.0,0.0,16,9.3
2.547,-6.9459,-4.2258,0.0,0.0,0.0,0.0,16,9.3
2.556,-6.9459,-4.2258,0.0,0.0,0.0,0.0,16,9.3
2.556,-6.9459,-4.2258,0.0,0.0,0.0,0.0,16,9.2
2.606,-6.9459,-4.2258,0.0,0.0,0.0,0.0,16,9.2
2.616,-6.9459,-4.2258,0.0,0.0,0.0,0.0,16,9.2
2.616,-6.9459,-4.2258,0.0,0.0,0.0,0.0,16,9.3
2.666,-6.9459,-4.2258,0.0,0.0,0.0,0.0,16,9.3
2.676,-6.9459,-4.2258,0.0,0.0,0.0,0.0,16,9.3
2.677,-6.9459,-4.2258,0.0,0.0,0.0,0.0,16,9.2
2.727,-6.9459,-4.2258,0.0,0.0,0.0,0.0,16,9.2
2.738,-6.9459,-4.2258,0.0,0.0,0.0,0.0,16,9.2
2.739,-6.9459,-4.2258,0.0,0.0,0.0,0.0,16,9.2
2.79,-6.9459,-4.2258,0.0,0.0,0.0,0.0,16,9.2
2.796,-6.9459,-4.2258,0.0,0.0,0.0,0.0,16,9.2
2.796,-6.9459,-4.2258,0.0,0.0,0.0,0.0,16,9.2
2.846,-6.9459,-4.2258,0.0,0.0,0.0,0.0,16,9.2
2.856,-6.9459,-4.2258,0.0,0.0,0.0,0.0,16,9.2
2.856,-6.9459,-4.2258,0.0,0.0,0.0,0.0,16,9.2
2.907,-6.9459,-4.2258,0.0,0.0,0.0,0.0,16,9.2
2.916,-6.9459,-4.2258,0.0,0.0,0.0,0.0,16,9.2
2.916,-6.9459,-4.2258,0.0,0.0,0.0,0.0,16,9.2
2.966,-6.9459,-4.2258,0.0,0.0,0.0,0.0,16,9.2
2.976,-6.9459,-4.2258,0.0,0.0,0.0,0.0,16,9.2
2.976,-6.9459,-4.2258,0.0,0.0,0.0,0.0,16,9.2
3.026,-6.9459,-4.2258,0.0,0.0,0.0,0.0,16,9.2
3.037,-6.9459,-4.2258,0.0,0.0,0.0,0.0,16,9.2
3.038,-6.9459,-4.2258,0.0,0.0,0.0,0.0,16,9.2
3.088,-6.9459,-4.2258,0.0,0.0,0.0,0.0,16,9.2
3.096,-6.9459,-4.2258,0.0,0.0,0.0,0.0,16,9.2
3.096,-6.9459,-4.2258,0.0,0.0,0.0,0.0,16,9.2
3.147,-6.9459,-4.2258,0.0,0.0,0.0,0.0,16,9.2
3.156,-6.9459,-4.2258,0.0,0.0,0.0,0.0,16,9.2
3.156,-6.9459,-4.2258,0.0,0.0,0.0,0.0,16,9.2
3.206,-6.9459,-4.2258,0.0,0.0,0.0,0.0,16,9.2
3.216,-6.9459,-4.2258,0.0,0.0,0.0,0.0,16,9.2
3.216,-6.9459,-4.2258,0.0,0.0,0.0,0.0,16,9.2
3.266,-6.9459,-4.2258,0.0,0.0,0.0,0.0,16,9.2
3.276,-6.9459,-4.2258,0.0,0.0,0.0,0.0,16,9.2
3.276,-6.9459,-4.2258,0.0,0.0,0.0,0.0,16,9.2
3.326,-6.9459,-4.2258,0.0,0.0,0.0,0.0,16,9.2
3.336,-6.9459,-4.2258,0.0,0.0,0.0,0.0,16,9.2
3.336,-6.9459,-4.2258,0.0,0.0,0.0,0.0,16,9.2
3.387,-6.9459,-4.2258,0.0,0.0,0.0,0.0,16,9.2
3.395,-6.9459,-4.2258,0.0,0.0,0.0,0.0,16,9.2
3.396,-6.9459,-4.2258,0.0,0.0,0.0,0.0,16,9.2
3.446,-6.9459,-4.2258,0.0,0.0,0.0,0.0,16,9.2
3.456,-6.9459,-4.2258,0.0,0.0,0.0,0.0,16,9.2
3.456,-6.9459,-4.2258,0.0,0.0,0.0,0.0,16,9.2
3.506,-6.9459,-4.2258,0.0,0.0,0.0,0.0,16,9.2
3.516,-6.9459,-4.2258,0.0,0.0,0.0,0.0,16,9.2
3.516,-6.9459,-4.2258,0.0,0.0,0.0,0.0,16,9.2
3.566,-6.9459,-4.2258,0.0,0.0,0.0,0.0,16,9.2
3.576,-6.9459,-4.2258,0.0,0.0,0.0,0.0,16,9.2
3.576,-6.9459,-4.2258,0.0,0.0,0.0,0.0,16,9.2
3.627,-6.9459,-4.2258,0.0,0.0,0.0,0.0,16,9.2
3.636,-6.9459,-4.2258,0.0,0.0,0.0,0.0,16,9.2
3.637,-6.9459,-4.2258,0.0,0.0,0.0,0.0,16,9.2
3.687,-6.9459,-4.2258,0.0,0.0,0.0,0.0,16,9.2
3.696,-6.9459,-4.2258,0.0,0.0,0.0,0.0,16,9.2
3.696,-6.9459,-4.2258,0.0,0.0,0.0,0.0,16,9.2
3.746,-6.9459,-4.2258,0.0,0.0,0.0,0.0,16,9.2
3.756,-6.9459,-4.2258,0.0,0.0,0.0,0.0,16,9.2
3.756,-6.9459,-4.2258,0.0,0.0,0.0,0.0,16,9.1
3.806,-6.9459,-4.2258,0.0,0.0,0.0,0.0,16,9.1
3.816,-6.9459,-4.2258,0.0,0.0,0.0,0.0,16,9.1
3.816,-6.9459,-4.2258,0.0,0.0,0.0,0.0,16,9.1
3.866,-6.9459,-4.2258,0.0,0.0,0.0,0.0,16,9.1
3.876,-6.9459,-4.2258,0.0,0.0,0.0,0.0,16,9.1
3.876,-6.9459,-4.2258,0.0,0.0,0.0,0.0,16,9.1
3.926,-6.9459,-4.2258,0.0,0.0,0.0,0.0,16,9.1
3.937,-6.9459,-4.2258,0.0,0.0,0.0,0.0,16,9.1
3.937,-6.9459,-4.2258,0.0,0.0,0.0,0.0,16,9.1
3.987,-6.9459,-4.2258,0.0,0.0,0.0,0.0,16,9.1
3.996,-6.9459,-4.2258,0.0,0.0,0.0,0.0,16,9.1
3.996,-6.9459,-4.2258,0.0,0.0,0.0,0.0,16,9.1
4.046,-6.9459,-4.2258,0.0,0.0,0.0,0.0,16,9.1
4.056,-6.9459,-4.2258,0.0,0.0,0.0,0.0,16,9.1
4.056,-6.9459,-4.2258,0.0,0.0,0.0,0.0,16,9.1
4.106,-6.9459,-4.2258,0.0,0.0,0.0,0.0,16,9.1
4.116,-6.9459,-4.2258,0.0,0.0,0.0,0.0,16,9.1
4.116,-6.9459,-4.2258,0.0,0.0,0.0,0.0,16,9.1
4.166,-6.9459,-4.2258,0.0,0.0,0.0,0.0,16,9.1
4.176,-6.9459,-4.2258,0.0,0.0,0.0,0.0,16,9.1
4.176,-6.9459,-4.2258,0.0,0.0,0.0,0.0,16,9.1
4.226,-6.9459,-4.2258,0.0,0.0,0.0,0.0,16,9.1
4.236,-6.9459,-4.2258,0.0,0.0,0.0,0.0,16,9.1
4.237,-6.9459,-4.2258,0.0,0.0,0.0,0.0,16,9.1
4.287,-6.9459,-4.2258,0.0,0.0,0.0,0.0,16,9.1
4.296,-6.9459,-4.2258,0.0,0.0,0.0,0.0,16,9.1
4.296,-6.9459,-4.2258,0.0,0.0,0.0,0.0,16,9.1
4.346,-6.9459,-4.2258,0.0,0.0,0.0,0.0,16,9.1
4.356,-6.9459,-4.2258,0.0,0.0,0.0,0.0,16,9.1
4.356,-6.9459,-4.2258,0.0,0.0,0.0,0.0,16,9.1
4.406,-6.9459,-4.2258,0.0,0.0,0.0,0.0,16,9.1
4.416,-6.9459,-4.2258,0.0,0.0,0.0,0.0,16,9.1
4.416,-6.9459,-4.2258,0.0,0.0,0.0,0.0,16,9.0
4.466,-6.9459,-4.2258,0.0,0.0,0.0,0.0,16,9.0
4.476,-6.9459,-4.2258,0.0,0.0,0.0,0.0,16,9.0
4.477,-6.9459,-4.2258,0.0,0.0,0.0,0.0,16,9.0
4.527,-6.9459,-4.2258,0.0,0.0,0.0,0.0,16,9.0
4.536,-6.9459,-4.2258,0.0,0.0,0.0,0.0,16,9.0
4.536,-6.9459,-4.2258,0.0,0.0,0.0,0.0,16,9.1
4.587,-6.9459,-4.2258,0.0,0.0,0.0,0.0,16,9.1
4.596,-6.9459,-4.2258,0.0,0.0,0.0,0.0,16,9.1
4.596,-6.9459,-4.2258,0.0,0.0,0.0,0.0,16,9.0
4.646,-6.9459,-4.2258,0.0,0.0,0.0,0.0,16,9.0
4.656,-6.9459,-4.2258,0.0,0.0,0.0,0.0,16,9.0
4.656,-6.9459,-4.2258,0.0,0.0,0.0,0.0,16,9.0
4.706,-6.9459,-4.2258,0.0,0.0,0.0,0.0,16,9.0
4.716,-6.9459,-4.2258,0.0,0.0,0.0,0.0,16,9.0
4.716,-6.9459,-4.2258,0.0,0.0,0.0,0.0,16,9.0
4.766,-6.9459,-4.2258,0.0,0.0,0.0,0.0,16,9.0
4.776,-6.9459,-4.2258,0.0,0.0,0.0,0.0,16,9.0
4.776,-6.9459,-4.2258,0.0,0.0,0.0,0.0,16,9.0
4.827,-6.9459,-4.2258,0.0,0.0,0.0,0.0,16,9.0
4.836,-6.9459,-4.2258,0.0,0.0,0.0,0.0,16,9.0
4.837,-6.9459,-4.2258,0.0,0.0,0.0,0.0,16,9.0
4.887,-6.9459,-4.2258,0.0,0.0,0.0,0.0,16,9.0
4.896,-6.9459,-4.2258,0.0,0.0,0.0,0.0,16,9.0
4.896,-6.9459,-4.2258,0.0,0.0,0.0,0.0,16,9.0
4.946,-6.9459,-4.2258,0.0,0.0,0.0,0.0,16,9.0
4.956,-6.9459,-4.2258,0.0,0.0,0.0,0.0,16,9.0
4.956,-6.9459,-4.2258,0.0,0.0,0.0,0.0,16,9.0
5.006,-6.9459,-4.2258,0.0,0.0,0.0,0.0,16,9.0
5.016,-6.9459,-4.2258,0.0,0.0,0.0,0.0,16,9.0
5.016,-6.9459,-4.2258,0.0,0.0,0.0,0.0,16,9.0
5.066,-6.9459,-4.2258,0.0,0.0,0.0,0.0,16,9.0
5.076,-6.9459,-4.2258,0.0,0.0,0.0,0.0,16,9.0
5.076,-6.9459,-4.2258,0.0,0.0,0.0,0.0,16,9.0
5.127,-6.9459,-4.2258,0.0,0.0,0.0,0.0,16,9.0
5.137,-6.9459,-4.2258,0.0,0.0,0.0,0.0,16,9.0
5.137,-6.9459,-4.2258,0.0,0.0,0.0,0.0,16,9.0
5.188,-6.9459,-4.2258,0.0,0.0,0.0,0.0,16,9.0
5.196,-6.9459,-4.2258,0.0,0.0,0.0,0.0,16,9.0
5.196,-6.9459,-4.2258,0.0,0.0,0.0,0.0,16,9.0
5.246,-6.9459,-4.2258,0.0,0.0,0.0,0.0,16,9.0
5.256,-6.9459,-4.2258,0.0,0.0,0.0,0.0,16,9.0
5.256,-6.9459,-4.2258,0.0,0.0,0.0,0.0,16,9.0
5.306,-6.9459,-4.2258,0.0,0.0,0.0,0.0,16,9.0
5.316,-6.9459,-4.2258,0.0,0.0,0.0,0.0,16,9.0
5.316,-6.9459,-4.2258,0.0,0.0,0.0,0.0,16,9.0
5.366,-6.9459,-4.2258,0.0,0.0,0.0,0.0,16,9.0
5.376,-6.9459,-4.2258,0.0,0.0,0.0,0.0,16,9.0
5.376,-6.9459,-4.2258,0.0,0.0,0.0,0.0,16,9.0
5.426,-6.9459,-4.2258,0.0,0.0,0.0,0.0,16,9.0
5.436,-6.9459,-4.2258,0.0,0.0,0.0,0.0,16,9.0
5.436,-6.9459,-4.2258,0.0,0.0,0.0,0.0,16,9.0
5.486,-6.9459,-4.2258,0.0,0.0,0.0,0.0,16,9.0
5.496,-6.9459,-4.2258,0.0,0.0,0.0,0.0,16,9.0
5.496,-6.9459,-4.2258,0.0,0.0,0.0,0.0,16,9.0
5.546,-6.9459,-4.2258,0.0,0.0,0.0,0.0,16,9.0
5.556,-6.9459,-4.2258,0.0,0.0,0.0,0.0,16,9.0
5.556,-6.9459,-4.2258,0.0,0.0,0.0,0.0,16,9.0
5.607,-6.9459,-4.2258,0.0,0.0,0.0,0.0,16,9.0
5.616,-6.9459,-4.2258,0.0,0.0,0.0,0.0,16,9.0
5.616,-6.9459,-4.2258,0.0,0.0,0.0,0.0,16,8.9
5.666,-6.9459,-4.2258,0.0,0.0,0.0,0.0,16,8.9
5.676,-6.9459,-4.2258,0.0,0.0,0.0,0.0,16,8.9
5.676,-6.9459,-4.2258,0.0,0.0,0.0,0.0,16,9.0
5.726,-6.9459,-4.2258,0.0,0.0,0.0,0.0,16,9.0
5.736,-6.9459,-4.2258,0.0,0.0,0.0,0.0,16,9.0
5.736,-6.9459,-4.2258,0.0,0.0,0.0,0.0,16,9.0
5.786,-6.9459,-4.2258,0.0,0.0,0.0,0.0,16,9.0
5.795,-6.9459,-4.2258,0.0,0.0,0.0,0.0,16,9.0
5.796,-6.9459,-4.2258,0.0,0.0,0.0,0.0,16,8.9
5.846,-6.9459,-4.2258,0.0,0.0,0.0,0.0,16,8.9
5.856,-6.9459,-4.2258,0.0,0.0,0.0,0.0,16,8.9
5.857,-6.9459,-4.2258,0.0,0.0,0.0,0.0,16,8.9
5.907,-6.9459,-4.2258,0.0,0.0,0.0,0.0,16,8.9
5.917,-6.9459,-4.2258,0.0,0.0,0.0,0.0,16,8.9
5.917,-6.9459,-4.2258,0.0,0.0,0.0,0.0,16,8.9
5.968,-6.9459,-4.2258,0.0,0.0,0.0,0.0,16,8.9
5.976,-6.9459,-4.2258,0.0,0.0,0.0,0.0,16,8.9
5.977,-6.9459,-4.2258,0.0,0.0,0.0,0.0,16,8.9
6.027,-6.9459,-4.2258,0.0,0.0,0.0,0.0,16,8.9
6.036,-6.9459,-4.2258,0.0,0.0,0.0,0.0,16,8.9
6.036,-6.9459,-4.2258,0.0,0.0,0.0,0.0,16,8.9
6.086,-6.9459,-4.2258,0.0,0.0,0.0,0.0,16,8.9
6.096,-6.9459,-4.2258,0.0,0.0,0.0,0.0,16,8.9
6.096,-6.9459,-4.2258,0.0,0.0,0.0,0.0,16,8.9
6.146,-6.9459,-4.2258,0.0,0.0,0.0,0.0,16,8.9
6.156,-6.9459,-4.2258,0.0,0.0,0.0,0.0,16,8.9
6.156,-6.9459,-4.2258,0.0,0.0,0.0,0.0,16,8.9
6.206,-6.9459,-4.2258,0.0,0.0,0.0,0.0,16,8.9
6.218,-6.9459,-4.2258,0.0,0.0,0.0,0.0,16,8.9
6.219,-6.9459,-4.2258,0.0,0.0,0.0,0.0,16,8.9
6.269,-6.9459,-4.2258,0.0,0.0,0.0,0.0,16,8.9
6.276,-6.9459,-4.2258,0.0,0.0,0.0,0.0,16,8.9
6.276,-6.9459,-4.2258,0.0,0.0,0.0,0.0,16,8.9
6.327,-6.9459,-4.2258,0.0,0.0,0.0,0.0,16,8.9
6.336,-6.9459,-4.2258,0.0,0.0,0.0,0.0,16,8.9
6.336,-6.9459,-4.2258,0.0,0.0,0.0,0.0,16,8.9
6.387,-6.9459,-4.2258,0.0,0.0,0.0,0.0,16,8.9
6.396,-6.9459,-4.2258,0.0,0.0,0.0,0.0,16,8.9
6.396,-6.9459,-4.2258,0.0,0.0,0.0,0.0,16,8.9
6.446,-6.9459,-4.2258,0.0,0.0,0.0,0.0,16,8.9
6.456,-6.9459,-4.2258,0.0,0.0,0.0,0.0,16,8.9
6.456,-6.9459,-4.2258,0.0,0.0,0.0,0.0,16,8.9
6.507,-6.9459,-4.2258,0.0,0.0,0.0,0.0,16,8.9
6.516,-6.9459,-4.2258,0.0,0.0,0.0,0.0,16,8.9
6.516,-6.9459,-4.2258,0.0,0.0,0.0,0.0,16,8.9
6.566,-6.9459,-4.2258,0.0,0.0,0.0,0.0,16,8.9
6.576,-6.9459,-4.2258,0.0,0.0,0.0,0.0,16,8.9
6.577,-6.9459,-4.2258,0.0,0.0,0.0,0.0,16,8.9
6.627,-6.9459,-4.2258,0.0,0.0,0.0,0.0,16,8.9
6.636,-6.9459,-4.2258,0.0,0.0,0.0,0.0,16,8.9
6.636,-6.9459,-4.2258,0.0,0.0,0.0,0.0,16,8.9
6.686,-6.9459,-4.2258,0.0,0.0,0.0,0.0,16,8.9
6.695,-6.9459,-4.2258,0.0,0.0,0.0,0.0,16,8.9
6.695,-6.9459,-4.2258,0.0,0.0,0.0,0.0,16,8.8
6.746,-6.9459,-4.2258,0.0,0.0,0.0,0.0,16,8.8
6.756,-6.9459,-4.2258,0.0,0.0,0.0,0.0,16,8.8
6.756,-6.9459,-4.2258,0.0,0.0,0.0,0.0,16,8.8
6.806,-6.9459,-4.2258,0.0,0.0,0.0,0.0,16,8.8
6.816,-6.9459,-4.2258,0.0,0.0,0.0,0.0,16,8.8
6.816,-6.9459,-4.2258,0.0,0.0,0.0,0.0,16,8.8
6.866,-6.9459,-4.2258,0.0,0.0,0.0,0.0,16,8.8
6.876,-6.9459,-4.2258,0.0,0.0,0.0,0.0,16,8.8
6.877,-6.9459,-4.2258,0.0,0.0,0.0,0.0,16,8.8
6.927,-6.9459,-4.2258,0.0,0.0,0.0,0.0,16,8.8
6.936,-6.9459,-4.2258,0.0,0.0,0.0,0.0,16,8.8
6.936,-6.9459,-4.2258,0.0,0.0,0.0,0.0,16,8.8
6.987,-6.9459,-4.2258,0.0,0.0,0.0,0.0,16,8.8
6.996,-6.9459,-4.2258,0.0,0.0,0.0,0.0,16,8.8
6.996,-6.9459,-4.2258,0.0,0.0,0.0,0.0,16,8.8
7.046,-6.9459,-4.2258,0.0,0.0,0.0,0.0,16,8.8
7.056,-6.9459,-4.2258,0.0,0.0,0.0,0.0,16,8.8
7.056,-6.9459,-4.2258,0.0,0.0,0.0,0.0,16,8.8
7.106,-6.9459,-4.2258,0.0,0.0,0.0,0.0,16,8.8
7.116,-6.9459,-4.2258,0.0,0.0,0.0,0.0,16,8.8
7.116,-6.9459,-4.2258,0.0,0.0,0.0,0.0,16,8.8
7.166,-6.9459,-4.2258,0.0,0.0,0.0,0.0,16,8.8
7.176,-6.9459,-4.2258,0.0,0.0,0.0,0.0,16,8.8
7.176,-6.9459,-4.2258,0.0,0.0,0.0,0.0,16,8.8
7.227,-6.9459,-4.2258,0.0,0.0,0.0,0.0,16,8.8
7.236,-6.9459,-4.2258,0.0,0.0,0.0,0.0,16,8.8
7.236,-6.9459,-4.2258,0.0,0.0,0.0,0.0,16,8.8
7.287,-6.9459,-4.2258,0.0,0.0,0.0,0.0,16,8.8
7.295,-6.9459,-4.2258,0.0,0.0,0.0,0.0,16,8.8
7.296,-6.9459,-4.2258,0.0,0.0,0.0,0.0,16,8.8
7.346,-6.9459,-4.2258,0.0,0.0,0.0,0.0,16,8.8
7.355,-6.9459,-4.2258,0.0,0.0,0.0,0.0,16,8.8
7.356,-6.9459,-4.2258,0.0,0.0,0.0,0.0,16,8.8
7.406,-6.9459,-4.2258,0.0,0.0,0.0,0.0,16,8.8
7.416,-6.9459,-4.2258,0.0,0.0,0.0,0.0,16,8.8
7.416,-6.9459,-4.2258,0.0,0.0,0.0,0.0,16,8.8
7.466,-6.9459,-4.2258,0.0,0.0,0.0,0.0,16,8.8
7.476,-6.9459,-4.2258,0.0,0.0,0.0,0.0,16,8.8
7.476,-6.9459,-4.2258,0.0,0.0,0.0,0.0,16,8.8
7.526,-6.9459,-4.2258,0.0,0.0,0.0,0.0,16,8.8
7.536,-6.9459,-4.2258,0.0,0.0,0.0,0.0,16,8.8
7.536,-6.9459,-4.2258,0.0,0.0,0.0,0.0,16,8.8
7.587,-6.9459,-4.2258,0.0,0.0,0.0,0.0,16,8.8
7.597,-6.9459,-4.2258,0.0,0.0,0.0,0.0,16,8.8
7.597,-6.9459,-4.2258,0.0,0.0,0.0,0.0,16,8.8
7.648,-6.9459,-4.2258,0.0,0.0,0.0,0.0,16,8.8
7.656,-6.9459,-4.2258,0.0,0.0,0.0,0.0,16,8.8
7.656,-6.9459,-4.2258,0.0,0.0,0.0,0.0,16,8.8
7.706,-6.9459,-4.2258,0.0,0.0,0.0,0.0,16,8.8
7.715,-6.9459,-4.2258,0.0,0.0,0.0,0.0,16,8.8
7.716,-6.9459,-4.2258,0.0,0.0,0.0,0.0,16,8.8
7.766,-6.9459,-4.2258,0.0,0.0,0.0,0.0,16,8.8
7.776,-6.9459,-4.2258,0.0,0.0,0.0,0.0,16,8.8
7.777,-6.9459,-4.2258,0.0,0.0,0.0,0.0,16,8.8
7.827,-6.9459,-4.2258,0.0,0.0,0.0,0.0,16,8.8
7.836,-6.9459,-4.2258,0.0,0.0,0.0,0.0,16,8.8
7.836,-6.9459,-4.2258,0.0,0.0,0.0,0.0,16,8.8
7.886,-6.9459,-4.2258,0.0,0.0,0.0,0.0,16,8.8
7.887,-6.9459,-4.2258,0.0,0.0,0.0,0.0,16,8.7
7.937,-6.9459,-4.2258,0.0,0.0,0.0,0.0,16,8.7
7.946,-6.9459,-4.2258,0.0,0.0,0.0,0.0,16,8.7
7.946,-6.9459,-4.2258,0.0,0.0,0.0,0.0,16,8.8
7.996,-6.9459,-4.2258,0.0,0.0,0.0,0.0,16,8.8
7.996,-6.9459,-4.2258,0.0,0.0,0.0,0.0,16,8.7
8.046,-6.9459,-4.2258,0.0,0.0,0.0,0.0,16,8.7
8.056,-6.9459,-4.2258,0.0,0.0,0.0,0.0,16,8.7
8.056,-6.9459,-4.2258,0.0,0.0,0.0,0.0,16,8.7
8.106,-6.9459,-4.2258,0.0,0.0,0.0,0.0,16,8.7
8.116,-6.9459,-4.2258,0.0,0.0,0.0,0.0,16,8.7
8.116,-6.9459,-4.2258,0.0,0.0,0.0,0.0,16,8.7
8.166,-6.9459,-4.2258,0.0,0.0,0.0,0.0,16,8.7
8.176,-6.9459,-4.2258,0.0,0.0,0.0,0.0,16,8.7
8.176,-6.9459,-4.2258,0.0,0.0,0.0,0.0,16,8.7
8.227,-6.9459,-4.2258,0.0,0.0,0.0,0.0,16,8.7
8.236,-6.9459,-4.2258,0.0,0.0,0.0,0.0,16,8.7
8.236,-6.9459,-4.2258,0.0,0.0,0.0,0.0,16,8.7
8.287,-6.9459,-4.2258,0.0,0.0,0.0,0.0,16,8.7
8.296,-6.9459,-4.2258,0.0,0.0,0.0,0.0,16,8.7
8.296,-6.9459,-4.2258,0.0,0.0,0.0,0.0,16,8.7
8.346,-6.9459,-4.2258,0.0,0.0,0.0,0.0,16,8.7
8.356,-6.9459,-4.2258,0.0,0.0,0.0,0.0,16,8.7
8.356,-6.9459,-4.2258,0.0,0.0,0.0,0.0,16,8.7
8.406,-6.9459,-4.2258,0.0,0.0,0.0,0.0,16,8.7
8.416,-6.9459,-4.2258,0.0,0.0,0.0,0.0,16,8.7
8.416,-6.9459,-4.2258,0.0,0.0,0.0,0.0,16,8.7
8.466,-6.9459,-4.2258,0.0,0.0,0.0,0.0,16,8.7
8.476,-6.9459,-4.2258,0.0,0.0,0.0,0.0,16,8.7
8.476,-6.9459,-4.2258,0.0,0.0,0.0,0.0,16,8.7
8.527,-6.9459,-4.2258,0.0,0.0,0.0,0.0,16,8.7
8.536,-6.9459,-4.2258,0.0,0.0,0.0,0.0,16,8.7
8.536,-6.9459,-4.2258,0.0,0.0,0.0,0.0,16,8.7
8.586,-6.9459,-4.2258,0.0,0.0,0.0,0.0,16,8.7
8.596,-6.9459,-4.2258,0.0,0.0,0.0,0.0,16,8.7
8.596,-6.9459,-4.2258,0.0,0.0,0.0,0.0,16,8.7
8.646,-6.9459,-4.2258,0.0,0.0,0.0,0.0,16,8.7
8.656,-6.9459,-4.2258,0.0,0.0,0.0,0.0,16,8.7
8.656,-6.9459,-4.2258,0.0,0.0,0.0,0.0,16,8.7
8.706,-6.9459,-4.2258,0.0,0.0,0.0,0.0,16,8.7
8.716,-6.9459,-4.2258,0.0,0.0,0.0,0.0,16,8.7
8.716,-6.9459,-4.2258,0.0,0.0,0.0,0.0,16,8.7
8.766,-6.9459,-4.2258,0.0,0.0,0.0,0.0,16,8.7
8.777,-6.9459,-4.2258,0.0,0.0,0.0,0.0,16,8.7
8.777,-6.9459,-4.2258,0.0,0.0,0.0,0.0,16,8.7
8.827,-6.9459,-4.2258,0.0,0.0,0.0,0.0,16,8.7
8.836,-6.9459,-4.2258,0.0,0.0,0.0,0.0,16,8.7
8.836,-6.9459,-4.2258,0.0,0.0,0.0,0.0,16,8.7
8.887,-6.9459,-4.2258,0.0,0.0,0.0,0.0,16,8.7
8.896,-6.9459,-4.2258,0.0,0.0,0.0,0.0,16,8.7
8.896,-6.9459,-4.2258,0.0,0.0,0.0,0.0,16,8.7
8.946,-6.9459,-4.2258,0.0,0.0,0.0,0.0,16,8.7
8.956,-6.9459,-4.2258,0.0,0.0,0.0,0.0,16,8.7
8.956,-6.9459,-4.2258,0.0,0.0,0.0,0.0,16,8.7
9.006,-6.9459,-4.2258,0.0,0.0,0.0,0.0,16,8.7
9.016,-6.9459,-4.2258,0.0,0.0,0.0,0.0,16,8.7
9.016,-6.9459,-4.2258,0.0,0.0,0.0,0.0,16,8.7
9.066,-6.9459,-4.2258,0.0,0.0,0.0,0.0,16,8.7
9.076,-6.9459,-4.2258,0.0,0.0,0.0,0.0,16,8.7
9.076,-6.9459,-4.2258,0.0,0.0,0.0,0.0,16,8.7
9.127,-6.9459,-4.2258,0.0,0.0,0.0,0.0,16,8.7
9.136,-6.9459,-4.2258,0.0,0.0,0.0,0.0,16,8.7
9.136,-6.9459,-4.2258,0.0,0.0,0.0,0.0,16,8.6
9.187,-6.9459,-4.2258,0.0,0.0,0.0,0.0,16,8.6
9.195,-6.9459,-4.2258,0.0,0.0,0.0,0.0,16,8.6
9.196,-6.9459,-4.2258,0.0,0.0,0.0,0.0,16,8.7
9.246,-6.9459,-4.2258,0.0,0.0,0.0,0.0,16,8.7
9.256,-6.9459,-4.2258,0.0,0.0,0.0,0.0,16,8.7
9.256,-6.9459,-4.2258,0.0,0.0,0.0,0.0,16,8.6
9.307,-6.9459,-4.2258,0.0,0.0,0.0,0.0,16,8.6
9.316,-6.9459,-4.2258,0.0,0.0,0.0,0.0,16,8.6
9.316,-6.9459,-4.2258,0.0,0.0,0.0,0.0,16,8.7
9.366,-6.9459,-4.2258,0.0,0.0,0.0,0.0,16,8.7
9.376,-6.9459,-4.2258,0.0,0.0,0.0,0.0,16,8.7
9.376,-6.9459,-4.2258,0.0,0.0,0.0,0.0,16,8.6
9.426,-6.9459,-4.2258,0.0,0.0,0.0,0.0,16,8.6
9.436,-6.9459,-4.2258,0.0,0.0,0.0,0.0,16,8.6
9.436,-6.9459,-4.2258,0.0,0.0,0.0,0.0,16,8.6
9.486,-6.9459,-4.2258,0.0,0.0,0.0,0.0,16,8.6
9.496,-6.9459,-4.2258,0.0,0.0,0.0,0.0,16,8.6
9.496,-6.9459,-4.2258,0.0,0.0,0.0,0.0,16,8.6
9.546,-6.9459,-4.2258,0.0,0.0,0.0,0.0,16,8.6
9.557,-6.9459,-4.2258,0.0,0.0,0.0,0.0,16,8.6
9.557,-6.9459,-4.2258,0.0,0.0,0.0,0.0,16,8.6
9.607,-6.9459,-4.2258,0.0,0.0,0.0,0.0,16,8.6
9.616,-6.9459,-4.2258,0.0,0.0,0.0,0.0,16,8.6
9.616,-6.9459,-4.2258,0.0,0.0,0.0,0.0,16,8.6
9.666,-6.9459,-4.2258,0.0,0.0,0.0,0.0,16,8.6
9.676,-6.9459,-4.2258,0.0,0.0,0.0,0.0,16,8.6
9.676,-6.9459,-4.2258,0.0,0.0,0.0,0.0,16,8.6
9.726,-6.9459,-4.2258,0.0,0.0,0.0,0.0,16,8.6
9.736,-6.9459,-4.2258,0.0,0.0,0.0,0.0,16,8.6
9.736,-6.9459,-4.2258,0.0,0.0,0.0,0.0,16,8.6
9.787,-6.9459,-4.2258,0.0,0.0,0.0,0.0,16,8.6
9.796,-6.9459,-4.2258,0.0,0.0,0.0,0.0,16,8.6
9.796,-6.9459,-4.2258,0.0,0.0,0.0,0.0,16,8.6
9.846,-6.9459,-4.2258,0.0,0.0,0.0,0.0,16,8.6
9.856,-6.9459,-4.2258,0.0,0.0,0.0,0.0,16,8.6
9.857,-6.9459,-4.2258,0.0,0.0,0.0,0.0,16,8.6
9.907,-6.9459,-4.2258,0.0,0.0,0.0,0.0,16,8.6
9.916,-6.9459,-4.2258,0.0,0.0,0.0,0.0,16,8.6
9.916,-6.9459,-4.2258,0.0,0.0,0.0,0.0,16,8.6
9.966,-6.9459,-4.2258,0.0,0.0,0.0,0.0,16,8.6
9.976,-6.9459,-4.2258,0.0,0.0,0.0,0.0,16,8.6
9.976,-6.9459,-4.2258,0.0,0.0,0.0,0.0,16,8.5
10.027,-6.9459,-4.2258,0.0,0.0,0.0,0.0,16,8.5
10.036,-6.9459,-4.2258,0.0,0.0,0.0,0.0,16,8.5
10.036,-6.9459,-4.2258,0.0,0.0,0.0,0.0,16,8.6
10.087,-6.9459,-4.2258,0.0,0.0,0.0,0.0,16,8.6
10.096,-6.9459,-4.2258,0.0,0.0,0.0,0.0,16,8.6
10.096,-6.9459,-4.2258,0.0,0.0,0.0,0.0,16,8.5
10.146,-6.9459,-4.2258,0.0,0.0,0.0,0.0,16,8.5
10.156,-6.9459,-4.2258,0.0,0.0,0.0,0.0,16,8.5
10.156,-6.9459,-4.2258,0.0,0.0,0.0,0.0,16,8.5
10.206,-6.9459,-4.2258,0.0,0.0,0.0,0.0,16,8.5
10.216,-6.9459,-4.2258,0.0,0.0,0.0,0.0,16,8.5
10.216,-6.9459,-4.2258,0.0,0.0,0.0,0.0,16,8.5
10.266,-6.9459,-4.2258,0.0,0.0,0.0,0.0,16,8.5
10.276,-6.9459,-4.2258,0.0,0.0,0.0,0.0,16,8.5
10.276,-6.9459,-4.2258,0.0,0.0,0.0,0.0,16,8.5
10.326,-6.9459,-4.2258,0.0,0.0,0.0,0.0,16,8.5
10.336,-6.9459,-4.2258,0.0,0.0,0.0,0.0,16,8.5
10.336,-6.9459,-4.2258,0.0,0.0,0.0,0.0,16,8.5
10.387,-6.9459,-4.2258,0.0,0.0,0.0,0.0,16,8.5
10.396,-6.9459,-4.2258,0.0,0.0,0.0,0.0,16,8.5
10.396,-6.9459,-4.2258,0.0,0.0,0.0,0.0,16,8.5
10.446,-6.9459,-4.2258,0.0,0.0,0.0,0.0,16,8.5
10.456,-6.9459,-4.2258,0.0,0.0,0.0,0.0,16,8.5
10.456,-6.9459,-4.2258,0.0,0.0,0.0,0.0,16,8.5
10.507,-6.9459,-4.2258,0.0,0.0,0.0,0.0,16,8.5
10.516,-6.9459,-4.2258,0.0,0.0,0.0,0.0,16,8.5
10.516,-6.9459,-4.2258,0.0,0.0,0.0,0.0,16,8.5
10.566,-6.9459,-4.2258,0.0,0.0,0.0,0.0,16,8.5
10.576,-6.9459,-4.2258,0.0,0.0,0.0,0.0,16,8.5
10.576,-6.9459,-4.2258,0.0,0.0,0.0,0.0,16,8.5
10.626,-6.9459,-4.2258,0.0,0.0,0.0,0.0,16,8.5
10.636,-6.9459,-4.2258,0.0,0.0,0.0,0.0,16,8.5
10.636,-6.9459,-4.2258,0.0,0.0,0.0,0.0,16,8.5
10.687,-6.9459,-4.2258,0.0,0.0,0.0,0.0,16,8.5
10.696,-6.9459,-4.2258,0.0,0.0,0.0,0.0,16,8.5
10.696,-6.9459,-4.2258,0.0,0.0,0.0,0.0,16,8.5
10.746,-6.9459,-4.2258,0.0,0.0,0.0,0.0,16,8.5
10.756,-6.9459,-4.2258,0.0,0.0,0.0,0.0,16,8.5
10.756,-6.9459,-4.2258,0.0,0.0,0.0,0.0,16,8.5
10.806,-6.9459,-4.2258,0.0,0.0,0.0,0.0,16,8.5
10.816,-6.9459,-4.2258,0.0,0.0,0.0,0.0,16,8.5
10.816,-6.9459,-4.2258,0.0,0.0,0.0,0.0,16,8.5
10.867,-6.9459,-4.2258,0.0,0.0,0.0,0.0,16,8.5
10.876,-6.9459,-4.2258,0.0,0.0,0.0,0.0,16,8.5
10.876,-6.9459,-4.2258,0.0,0.0,0.0,0.0,16,8.5
10.927,-6.9459,-4.2258,0.0,0.0,0.0,0.0,16,8.5
10.936,-6.9459,-4.2258,0.0,0.0,0.0,0.0,16,8.5
10.936,-6.9459,-4.2258,0.0,0.0,0.0,0.0,16,8.5
10.987,-6.9459,-4.2258,0.0,0.0,0.0,0.0,16,8.5
10.996,-6.9459,-4.2258,0.0,0.0,0.0,0.0,16,8.5
10.996,-6.9459,-4.2258,0.0,0.0,0.0,0.0,16,8.5
11.046,-6.9459,-4.2258,0.0,0.0,0.0,0.0,16,8.5
11.056,-6.9459,-4.2258,0.0,0.0,0.0,0.0,16,8.5
11.056,-6.9459,-4.2258,0.0,0.0,0.0,0.0,16,8.5
11.106,-6.9459,-4.2258,0.0,0.0,0.0,0.0,16,8.5
11.116,-6.9459,-4.2258,0.0,0.0,0.0,0.0,16,8.5
11.116,-6.9459,-4.2258,0.0,0.0,0.0,0.0,16,8.5
11.166,-6.9459,-4.2258,0.0,0.0,0.0,0.0,16,8.5
11.176,-6.9459,-4.2258,0.0,0.0,0.0,0.0,16,8.5
11.176,-6.9459,-4.2258,0.0,0.0,0.0,0.0,16,8.5
11.227,-6.9459,-4.2258,0.0,0.0,0.0,0.0,16,8.5
11.237,-6.9459,-4.2258,0.0,0.0,0.0,0.0,16,8.5
11.237,-6.9459,-4.2258,0.0,0.0,0.0,0.0,16,8.5
11.288,-6.9459,-4.2258,0.0,0.0,0.0,0.0,16,8.5
11.296,-6.9459,-4.2258,0.0,0.0,0.0,0.0,16,8.5
11.296,-6.9459,-4.2258,0.0,0.0,0.0,0.0,16,8.4
11.347,-6.9459,-4.2258,0.0,0.0,0.0,0.0,16,8.4
11.356,-6.9459,-4.2258,0.0,0.0,0.0,0.0,16,8.4
11.356,-6.9459,-4.2258,0.0,0.0,0.0,0.0,16,8.4
11.407,-6.9459,-4.2258,0.0,0.0,0.0,0.0,16,8.4
11.416,-6.9459,-4.2258,0.0,0.0,0.0,0.0,16,8.4
11.416,-6.9459,-4.2258,0.0,0.0,0.0,0.0,16,8.4
11.467,-6.9459,-4.2258,0.0,0.0,0.0,0.0,16,8.4
11.476,-6.9459,-4.2258,0.0,0.0,0.0,0.0,16,8.4
11.476,-6.9459,-4.2258,0.0,0.0,0.0,0.0,16,8.4
11.526,-6.9459,-4.2258,0.0,0.0,0.0,0.0,16,8.4
11.536,-6.9459,-4.2258,0.0,0.0,0.0,0.0,16,8.4
11.536,-6.9459,-4.2258,0.0,0.0,0.0,0.0,16,8.4
11.587,-6.9459,-4.2258,0.0,0.0,0.0,0.0,16,8.4
11.596,-6.9459,-4.2258,0.0,0.0,0.0,0.0,16,8.4
11.596,-6.9459,-4.2258,0.0,0.0,0.0,0.0,16,8.4
11.646,-6.9459,-4.2258,0.0,0.0,0.0,0.0,16,8.4
11.657,-6.9459,-4.2258,0.0,0.0,0.0,0.0,16,8.4
11.657,-6.9459,-4.2258,0.0,0.0,0.0,0.0,16,8.4
11.708,-6.9459,-4.2258,0.0,0.0,0.0,0.0,16,8.4
11.716,-6.9459,-4.2258,0.0,0.0,0.0,0.0,16,8.4
11.716,-6.9459,-4.2258,0.0,0.0,0.0,0.0,16,8.4
11.767,-6.9459,-4.2258,0.0,0.0,0.0,0.0,16,8.4
11.776,-6.9459,-4.2258,0.0,0.0,0.0,0.0,16,8.4
11.776,-6.9459,-4.2258,0.0,0.0,0.0,0.0,16,8.4
11.826,-6.9459,-4.2258,0.0,0.0,0.0,0.0,16,8.4
11.837,-6.9459,-4.2258,0.0,0.0,0.0,0.0,16,8.4
11.837,-6.9459,-4.2258,0.0,0.0,0.0,0.0,16,8.4
11.843,-6.9459,-4.2258,0.0,0.0,0.0,0.0,16,8.4
11.844,-6.9459,-4.2258,0.0,0.0,0.0,0.0,16,8.4
11.894,-6.9459,-4.2258,0.0,0.0,0.0,0.0,16,8.4
11.896,-6.9459,-4.2258,0.0,0.0,0.0,0.0,16,8.4
11.896,-6.9459,-4.2258,0.0,0.0,0.0,0.0,16,8.4
11.947,-6.9459,-4.2258,0.0,0.0,0.0,0.0,16,8.4
11.957,-6.9459,-4.2258,0.0,0.0,0.0,0.0,16,8.4
11.957,-6.9459,-4.2258,0.0,0.0,0.0,0.0,16,8.4
12.007,-6.9459,-4.2258,0.0,0.0,0.0,0.0,16,8.4
12.016,-6.9459,-4.2258,0.0,0.0,0.0,0.0,16,8.4
12.016,-6.9459,-4.2258,0.0,0.0,0.0,0.0,16,8.4
12.066,-6.9459,-4.2258,0.0,0.0,0.0,0.0,16,8.4
12.076,-6.9459,-4.2258,0.0,0.0,0.0,0.0,16,8.4
12.076,-6.9459,-4.2258,0.0,0.0,0.0,0.0,16,8.4
12.127,-6.9459,-4.2258,0.0,0.0,0.0,0.0,16,8.4
12.136,-6.9459,-4.2258,0.0,0.0,0.0,0.0,16,8.4
12.136,-6.9459,-4.2258,0.0,0.0,0.0,0.0,16,8.4
12.187,-6.9459,-4.2258,0.0,0.0,0.0,0.0,16,8.4
12.188,-6.9459,-4.2258,0.0,0.0,0.0,0.0,16,8.3
12.188,-6.9459,-4.2258,0.0,0.0,0.0,0.0,16,8.3
12.238,-6.9459,-4.2258,0.0,0.0,0.0,0.0,16,8.3
12.246,-6.9459,-4.2258,0.0,0.0,0.0,0.0,16,8.3
12.246,-6.9459,-4.2258,0.0,0.0,0.0,0.0,16,8.4
12.296,-6.9459,-4.2258,0.0,0.0,0.0,0.0,16,8.4
12.296,-6.9459,-4.2258,0.0,0.0,0.0,0.0,16,8.3
12.346,-6.9459,-4.2258,0.0,0.0,0.0,0.0,16,8.3
12.356,-6.9459,-4.2258,0.0,0.0,0.0,0.0,16,8.3
12.356,-6.9459,-4.2258,0.0,0.0,0.0,0.0,16,8.3
12.406,-6.9459,-4.2258,0.0,0.0,0.0,0.0,16,8.3
12.416,-6.9459,-4.2258,0.0,0.0,0.0,0.0,16,8.3
12.416,-6.9459,-4.2258,0.0,0.0,0.0,0.0,16,8.3
12.466,-6.9459,-4.2258,0.0,0.0,0.0,0.0,16,8.3
12.476,-6.9459,-4.2258,0.0,0.0,0.0,0.0,16,8.3
12.476,-6.9459,-4.2258,0.0,0.0,0.0,0.0,16,8.4
12.527,-6.9459,-4.2258,0.0,0.0,0.0,0.0,16,8.4
12.536,-6.9459,-4.2258,0.0,0.0,0.0,0.0,16,8.4
12.536,-6.9459,-4.2258,0.0,0.0,0.0,0.0,16,8.3
12.586,-6.9459,-4.2258,0.0,0.0,0.0,0.0,16,8.3
12.596,-6.9459,-4.2258,0.0,0.0,0.0,0.0,16,8.3
12.596,-6.9459,-4.2258,0.0,0.0,0.0,0.0,16,8.3
12.646,-6.9459,-4.2258,0.0,0.0,0.0,0.0,16,8.3
12.656,-6.9459,-4.2258,0.0,0.0,0.0,0.0,16,8.3
12.656,-6.9459,-4.2258,0.0,0.0,0.0,0.0,16,8.3
12.706,-6.9459,-4.2258,0.0,0.0,0.0,0.0,16,8.3
12.715,-6.9459,-4.2258,0.0,0.0,0.0,0.0,16,8.3
12.715,-6.9459,-4.2258,0.0,0.0,0.0,0.0,16,8.3
12.766,-6.9459,-4.2258,0.0,0.0,0.0,0.0,16,8.3
12.776,-6.9459,-4.2258,0.0,0.0,0.0,0.0,16,8.3
12.776,-6.9459,-4.2258,0.0,0.0,0.0,0.0,16,8.3
12.826,-6.9459,-4.2258,0.0,0.0,0.0,0.0,16,8.3
12.836,-6.9459,-4.2258,0.0,0.0,0.0,0.0,16,8.3
12.836,-6.9459,-4.2258,0.0,0.0,0.0,0.0,16,8.3
12.886,-6.9459,-4.2258,0.0,0.0,0.0,0.0,16,8.3
12.896,-6.9459,-4.2258,0.0,0.0,0.0,0.0,16,8.3
12.896,-6.9459,-4.2258,0.0,0.0,0.0,0.0,16,8.3
12.946,-6.9459,-4.2258,0.0,0.0,0.0,0.0,16,8.3
12.956,-6.9459,-4.2258,0.0,0.0,0.0,0.0,16,8.3
12.956,-6.9459,-4.2258,0.0,0.0,0.0,0.0,16,8.3
13.007,-6.9459,-4.2258,0.0,0.0,0.0,0.0,16,8.3
13.015,-6.9459,-4.2258,0.0,0.0,0.0,0.0,16,8.3
13.015,-6.9459,-4.2258,0.0,0.0,0.0,0.0,16,8.3
13.066,-6.9459,-4.2258,0.0,0.0,0.0,0.0,16,8.3
13.076,-6.9459,-4.2258,0.0,0.0,0.0,0.0,16,8.3
13.076,-6.9459,-4.2258,0.0,0.0,0.0,0.0,16,8.3
13.126,-6.9459,-4.2258,0.0,0.0,0.0,0.0,16,8.3
13.136,-6.9459,-4.2258,0.0,0.0,0.0,0.0,16,8.3
13.136,-6.9459,-4.2258,0.0,0.0,0.0,0.0,16,8.3
13.187,-6.9459,-4.2258,0.0,0.0,0.0,0.0,16,8.3
13.195,-6.9459,-4.2258,0.0,0.0,0.0,0.0,16,8.3
13.196,-6.9459,-4.2258,0.0,0.0,0.0,0.0,16,8.3
13.246,-6.9459,-4.2258,0.0,0.0,0.0,0.0,16,8.3
13.256,-6.9459,-4.2258,0.0,0.0,0.0,0.0,16,8.3
13.256,-6.9459,-4.2258,0.0,0.0,0.0,0.0,16,8.3
13.306,-6.9459,-4.2258,0.0,0.0,0.0,0.0,16,8.3
13.315,-6.9459,-4.2258,0.0,0.0,0.0,0.0,16,8.3
13.316,-6.9459,-4.2258,0.0,0.0,0.0,0.0,16,8.3
13.366,-6.9459,-4.2258,0.0,0.0,0.0,0.0,16,8.3
13.376,-6.9459,-4.2258,0.0,0.0,0.0,0.0,16,8.3
13.376,-6.9459,-4.2258,0.0,0.0,0.0,0.0,16,8.3
13.426,-6.9459,-4.2258,0.0,0.0,0.0,0.0,16,8.3
13.436,-6.9459,-4.2258,0.0,0.0,0.0,0.0,16,8.3
13.436,-6.9459,-4.2258,0.0,0.0,0.0,0.0,16,8.2
13.486,-6.9459,-4.2258,0.0,0.0,0.0,0.0,16,8.2
13.496,-6.9459,-4.2258,0.0,0.0,0.0,0.0,16,8.2
13.545,-6.9459,-4.2258,0.0,0.0,0.0,0.0,16,8.2
13.556,-6.9459,-4.2258,0.0,0.0,0.0,0.0,16,8.3
13.596,-6.9459,-4.2258,0.0,0.0,0.0,0.0,16,8.3
13.615,-6.9459,-4.2258,0.0,0.0,0.0,0.0,16,8.3
13.657,-6.9459,-4.2258,0.0,0.0,0.0,0.0,16,8.3
13.675,-6.9459,-4.2258,0.0,0.0,0.0,0.0,16,8.2
13.716,-6.9459,-4.2258,0.0,0.0,0.0,0.0,16,8.2
13.735,-6.9459,-4.2258,0.0,0.0,0.0,0.0,16,8.2
13.776,-6.9459,-4.2258,0.0,0.0,0.0,0.0,16,8.2
13.795,-6.9459,-4.2258,0.0,0.0,0.0,0.0,16,8.2
13.836,-6.9459,-4.2258,0.0,0.0,0.0,0.0,16,8.2
13.856,-6.9459,-4.2258,0.0,0.0,0.0,0.0,16,8.2
13.896,-6.9459,-4.2258,0.0,0.0,0.0,0.0,16,8.2
13.915,-6.9459,-4.2258,0.0,0.0,0.0,0.0,16,8.2
13.956,-6.9459,-4.2258,0.0,0.0,0.0,0.0,16,8.2
13.976,-6.9459,-4.2258,0.0,0.0,0.0,0.0,16,8.2
14.016,-6.9459,-4.2258,0.0,0.0,0.0,0.0,16,8.2
14.036,-6.9459,-4.2258,0.0,0.0,0.0,0.0,16,8.2
14.076,-6.9459,-4.2258,0.0,0.0,0.0,0.0,16,8.2
14.096,-6.9459,-4.2258,0.0,0.0,0.0,0.0,16,8.2
14.136,-6.9459,-4.2258,0.0,0.0,0.0,0.0,16,8.2
14.156,-6.9459,-4.2258,0.0,0.0,0.0,0.0,16,8.2
14.196,-6.9459,-4.2258,0.0,0.0,0.0,0.0,16,8.2
14.215,-6.9459,-4.2258,0.0,0.0,0.0,0.0,16,8.2
14.256,-6.9459,-4.2258,0.0,0.0,0.0,0.0,16,8.2
14.275,-6.9459,-4.2258,0.0,0.0,0.0,0.0,16,8.2
14.316,-6.9459,-4.2258,0.0,0.0,0.0,0.0,16,8.2
14.336,-6.9459,-4.2258,0.0,0.0,0.0,0.0,16,8.2
14.376,-6.9459,-4.2258,0.0,0.0,0.0,0.0,16,8.2
14.396,-6.9459,-4.2258,0.0,0.0,0.0,0.0,16,8.2
14.436,-6.9459,-4.2258,0.0,0.0,0.0,0.0,16,8.2
14.455,-6.9459,-4.2258,0.0,0.0,0.0,0.0,16,8.2
14.496,-6.9459,-4.2258,0.0,0.0,0.0,0.0,16,8.2
14.515,-6.9459,-4.2258,0.0,0.0,0.0,0.0,16,8.2
14.556,-6.9459,-4.2258,0.0,0.0,0.0,0.0,16,8.2
14.575,-6.9459,-4.2258,0.0,0.0,0.0,0.0,16,8.1
14.616,-6.9459,-4.2258,0.0,0.0,0.0,0.0,16,8.1
14.635,-6.9459,-4.2258,0.0,0.0,0.0,0.0,16,8.1
14.676,-6.9459,-4.2258,0.0,0.0,0.0,0.0,16,8.1
14.696,-6.9459,-4.2258,0.0,0.0,0.0,0.0,16,8.1
14.736,-6.9459,-4.2258,0.0,0.0,0.0,0.0,16,8.1
14.756,-6.9459,-4.2258,0.0,0.0,0.0,0.0,16,8.1
14.796,-6.9459,-4.2258,0.0,0.0,0.0,0.0,16,8.1
14.815,-6.9459,-4.2258,0.0,0.0,0.0,0.0,16,8.1
14.856,-6.9459,-4.2258,0.0,0.0,0.0,0.0,16,8.1
14.875,-6.9459,-4.2258,0.0,0.0,0.0,0.0,16,8.1
14.915,-6.9459,-4.2258,0.0,0.0,0.0,0.0,16,8.1
14.936,-6.9459,-4.2258,0.0,0.0,0.0,0.0,16,8.1
14.976,-6.9459,-4.2258,0.0,0.0,0.0,0.0,16,8.1
14.995,-6.9459,-4.2258,0.0,0.0,0.0,0.0,16,8.1
15.036,-6.9459,-4.2258,0.0,0.0,0.0,0.0,16,8.1
15.056,-6.9459,-4.2258,0.0,0.0,0.0,0.0,16,8.1
15.096,-6.9459,-4.2258,0.0,0.0,0.0,0.0,16,8.1
15.115,-6.9459,-4.2258,0.0,0.0,0.0,0.0,16,8.1
15.156,-6.9459,-4.2258,0.0,0.0,0.0,0.0,16,8.1
15.176,-6.9459,-4.2258,0.0,0.0,0.0,0.0,16,8.1
15.216,-6.9459,-4.2258,0.0,0.0,0.0,0.0,16,8.1
15.236,-6.9459,-4.2258,0.0,0.0,0.0,0.0,16,8.1
15.276,-6.9459,-4.2258,0.0,0.0,0.0,0.0,16,8.1
15.295,-6.9459,-4.2258,0.0,0.0,0.0,0.0,16,8.1
15.336,-6.9459,-4.2258,0.0,0.0,0.0,0.0,16,8.1
15.356,-6.9459,-4.2258,0.0,0.0,0.0,0.0,16,8.1
15.396,-6.9459,-4.2258,0.0,0.0,0.0,0.0,16,8.1
15.416,-6.9459,-4.2258,0.0,0.0,0.0,0.0,16,8.1
15.456,-6.9459,-4.2258,0.0,0.0,0.0,0.0,16,8.1
15.475,-6.9459,-4.2258,0.0,0.0,0.0,0.0,16,8.1
15.516,-6.9459,-4.2258,0.0,0.0,0.0,0.0,16,8.1
15.535,-6.9459,-4.2258,0.0,0.0,0.0,0.0,16,8.1
15.576,-6.9459,-4.2258,0.0,0.0,0.0,0.0,16,8.1
15.595,-6.9459,-4.2258,0.0,0.0,0.0,0.0,16,8.0
15.638,-6.9459,-4.2258,0.0,0.0,0.0,0.0,16,8.0
15.656,-6.9459,-4.2258,0.0,0.0,0.0,0.0,16,8.1
15.696,-6.9459,-4.2258,0.0,0.0,0.0,0.0,16,8.1
15.715,-6.9459,-4.2258,0.0,0.0,0.0,0.0,16,8.1
15.756,-6.9459,-4.2258,0.0,0.0,0.0,0.0,16,8.1
15.776,-6.9459,-4.2258,0.0,0.0,0.0,0.0,16,8.1
15.816,-6.9459,-4.2258,0.0,0.0,0.0,0.0,16,8.1
15.836,-6.9459,-4.2258,0.0,0.0,0.0,0.0,16,8.0
15.876,-6.9459,-4.2258,0.0,0.0,0.0,0.0,16,8.0
15.896,-6.9459,-4.2258,0.0,0.0,0.0,0.0,16,8.0
15.936,-6.9459,-4.2258,0.0,0.0,0.0,0.0,16,8.0
15.955,-6.9459,-4.2258,0.0,0.0,0.0,0.0,16,8.0
15.996,-6.9459,-4.2258,0.0,0.0,0.0,0.0,16,8.0
16.015,-6.9459,-4.2258,0.0,0.0,0.0,0.0,16,8.0
16.056,-6.9459,-4.2258,0.0,0.0,0.0,0.0,16,8.0
16.076,-6.9459,-4.2258,0.0,0.0,0.0,0.0,16,8.0
16.115,-6.9459,-4.2258,0.0,0.0,0.0,0.0,16,8.0
16.135,-6.9459,-4.2258,0.0,0.0,0.0,0.0,16,8.0
16.176,-6.9459,-4.2258,0.0,0.0,0.0,0.0,16,8.0
16.196,-6.9459,-4.2258,0.0,0.0,0.0,0.0,16,8.0
16.236,-6.9459,-4.2258,0.0,0.0,0.0,0.0,16,8.0
16.255,-6.9459,-4.2258,0.0,0.0,0.0,0.0,16,8.0
16.296,-6.9459,-4.2258,0.0,0.0,0.0,0.0,16,8.0
16.315,-6.9459,-4.2258,0.0,0.0,0.0,0.0,16,8.0
16.356,-6.9459,-4.2258,0.0,0.0,0.0,0.0,16,8.0
16.376,-6.9459,-4.2258,0.0,0.0,0.0,0.0,16,8.0
16.416,-6.9459,-4.2258,0.0,0.0,0.0,0.0,16,8.0
16.435,-6.9459,-4.2258,0.0,0.0,0.0,0.0,16,8.0
16.476,-6.9459,-4.2258,0.0,0.0,0.0,0.0,16,8.0
16.496,-6.9459,-4.2258,0.0,0.0,0.0,0.0,16,8.0
16.536,-6.9459,-4.2258,0.0,0.0,0.0,0.0,16,8.0
16.555,-6.9459,-4.2258,0.0,0.0,0.0,0.0,16,8.0
16.596,-6.9459,-4.2258,0.0,0.0,0.0,0.0,16,8.0
16.615,-6.9459,-4.2258,0.0,0.0,0.0,0.0,16,8.0
16.656,-6.9459,-4.2258,0.0,0.0,0.0,0.0,16,8.0
16.675,-6.9459,-4.2258,0.0,0.0,0.0,0.0,16,8.0
16.715,-6.9459,-4.2258,0.0,0.0,0.0,0.0,16,8.0
16.736,-6.9459,-4.2258,0.0,0.0,0.0,0.0,16,8.0
16.776,-6.9459,-4.2258,0.0,0.0,0.0,0.0,16,8.0
16.796,-6.9459,-4.2258,0.0,0.0,0.0,0.0,16,8.0
16.836,-6.9459,-4.2258,0.0,0.0,0.0,0.0,16,8.0
16.856,-6.9459,-4.2258,0.0,0.0,0.0,0.0,16,8.0
16.896,-6.9459,-4.2258,0.0,0.0,0.0,0.0,16,8.0
16.915,-6.9459,-4.2258,0.0,0.0,0.0,0.0,16,8.0
16.956,-6.9459,-4.2258,0.0,0.0,0.0,0.0,16,8.0
16.975,-6.9459,-4.2258,0.0,0.0,0.0,0.0,16,8.0
17.016,-6.9459,-4.2258,0.0,0.0,0.0,0.0,16,8.0
17.035,-6.9459,-4.2258,0.0,0.0,0.0,0.0,16,8.0
17.076,-6.9459,-4.2258,0.0,0.0,0.0,0.0,16,8.0
17.098,-6.9459,-4.2258,0.0,0.0,0.0,0.0,16,8.0
17.136,-6.9459,-4.2258,0.0,0.0,0.0,0.0,16,8.0
17.155,-6.9459,-4.2258,0.0,0.0,0.0,0.0,16,8.0
17.196,-6.9459,-4.2258,0.0,0.0,0.0,0.0,16,8.0
17.215,-6.9459,-4.2258,0.0,0.0,0.0,0.0,16,8.0
17.256,-6.9459,-4.2258,0.0,0.0,0.0,0.0,16,8.0
17.276,-6.9459,-4.2258,0.0,0.0,0.0,0.0,16,8.0
17.316,-6.9459,-4.2258,0.0,0.0,0.0,0.0,16,8.0
17.336,-6.9459,-4.2258,0.0,0.0,0.0,0.0,16,8.0
17.376,-6.9459,-4.2258,0.0,0.0,0.0,0.0,16,8.0
17.396,-6.9459,-4.2258,0.0,0.0,0.0,0.0,16,7.9
17.437,-6.9459,-4.2258,0.0,0.0,0.0,0.0,16,7.9
17.455,-6.9459,-4.2258,0.0,0.0,0.0,0.0,16,7.9
17.496,-6.9459,-4.2258,0.0,0.0,0.0,0.0,16,7.9
17.515,-6.9459,-4.2258,0.0,0.0,0.0,0.0,16,7.9
17.556,-6.9459,-4.2258,0.0,0.0,0.0,0.0,16,7.9
17.575,-6.9459,-4.2258,0.0,0.0,0.0,0.0,16,7.9
17.616,-6.9459,-4.2258,0.0,0.0,0.0,0.0,16,7.9
17.636,-6.9459,-4.2258,0.0,0.0,0.0,0.0,16,7.9
17.676,-6.9459,-4.2258,0.0,0.0,0.0,0.0,16,7.9
17.696,-6.9459,-4.2258,0.0,0.0,0.0,0.0,16,7.9
17.736,-6.9459,-4.2258,0.0,0.0,0.0,0.0,16,7.9
17.756,-6.9459,-4.2258,0.0,0.0,0.0,0.0,16,7.9
17.786,-6.9459,-4.2258,0.0,0.0,0.0,0.0,16,7.9
17.816,-6.9459,-4.2258,0.0,0.0,0.0,0.0,16,7.9
17.836,-6.9459,-4.2258,0.0,0.0,0.0,0.0,16,7.9
17.876,-6.9459,-4.2258,0.0,0.0,0.0,0.0,16,7.9
17.896,-6.9459,-4.2258,0.0,0.0,0.0,0.0,16,7.9
17.936,-6.9459,-4.2258,0.0,0.0,0.0,0.0,16,7.9
17.956,-6.9459,-4.2258,0.0,0.0,0.0,0.0,16,7.9
17.996,-6.9459,-4.2258,0.0,0.0,0.0,0.0,16,7.9
18.016,-6.9459,-4.2258,0.0,0.0,0.0,0.0,16,7.9
18.056,-6.9459,-4.2258,0.0,0.0,0.0,0.0,16,7.9
18.076,-6.9459,-4.2258,0.0,0.0,0.0,0.0,16,7.9
18.115,-6.9459,-4.2258,0.0,0.0,0.0,0.0,16,7.9
18.136,-6.9459,-4.2258,0.0,0.0,0.0,0.0,16,7.9
18.175,-6.9459,-4.2258,0.0,0.0,0.0,0.0,16,7.8
18.196,-6.9459,-4.2258,0.0,0.0,0.0,0.0,16,7.8
18.236,-6.9459,-4.2258,0.0,0.0,0.0,0.0,16,7.9
18.256,-6.9459,-4.2258,0.0,0.0,0.0,0.0,16,7.9
18.296,-6.9459,-4.2258,0.0,0.0,0.0,0.0,16,7.9
18.316,-6.9459,-4.2258,0.0,0.0,0.0,0.0,16,7.9
18.355,-6.9459,-4.2258,0.0,0.0,0.0,0.0,16,7.8
18.376,-6.9459,-4.2258,0.0,0.0,0.0,0.0,16,7.8
18.415,-6.9459,-4.2258,0.0,0.0,0.0,0.0,16,7.8
18.436,-6.9459,-4.2258,0.0,0.0,0.0,0.0,16,7.8
18.476,-6.9459,-4.2258,0.0,0.0,0.0,0.0,16,7.8
18.496,-6.9459,-4.2258,0.0,0.0,0.0,0.0,16,7.8
18.535,-6.9459,-4.2258,0.0,0.0,0.0,0.0,16,7.8
18.556,-6.9459,-4.2258,0.0,0.0,0.0,0.0,16,7.8
18.595,-6.9459,-4.2258,0.0,0.0,0.0,0.0,16,7.8
18.616,-6.9459,-4.2258,0.0,0.0,0.0,0.0,16,7.8
18.656,-6.9459,-4.2258,0.0,0.0,0.0,0.0,16,7.8
18.676,-6.9459,-4.2258,0.0,0.0,0.0,0.0,16,7.8
18.716,-6.9459,-4.2258,0.0,0.0,0.0,0.0,16,7.8
18.737,-6.9459,-4.2258,0.0,0.0,0.0,0.0,16,7.8
18.776,-6.9459,-4.2258,0.0,0.0,0.0,0.0,16,7.8
18.796,-6.9459,-4.2258,0.0,0.0,0.0,0.0,16,7.8
18.837,-6.9459,-4.2258,0.0,0.0,0.0,0.0,16,7.8
18.856,-6.9459,-4.2258,0.0,0.0,0.0,0.0,16,7.8
18.896,-6.9459,-4.2258,0.0,0.0,0.0,0.0,16,7.8
18.916,-6.9459,-4.2258,0.0,0.0,0.0,0.0,16,7.8
18.957,-6.9459,-4.2258,0.0,0.0,0.0,0.0,16,7.8
18.976,-6.9459,-4.2258,0.0,0.0,0.0,0.0,16,7.8
19.015,-6.9459,-4.2258,0.0,0.0,0.0,0.0,16,7.8
19.037,-6.9459,-4.2258,0.0,0.0,0.0,0.0,16,7.8
19.076,-6.9459,-4.2258,0.0,0.0,0.0,0.0,16,7.8
19.096,-6.9459,-4.2258,0.0,0.0,0.0,0.0,16,7.8
19.136,-6.9459,-4.2258,0.0,0.0,0.0,0.0,16,7.8
19.156,-6.9459,-4.2258,0.0,0.0,0.0,0.0,16,7.8
19.196,-6.9459,-4.2258,0.0,0.0,0.0,0.0,16,7.8
19.216,-6.9459,-4.2258,0.0,0.0,0.0,0.0,16,7.8
19.256,-6.9459,-4.2258,0.0,0.0,0.0,0.0,16,7.8
19.276,-6.9459,-4.2258,0.0,0.0,0.0,0.0,16,7.8
19.316,-6.9459,-4.2258,0.0,0.0,0.0,0.0,16,7.8
19.336,-6.9459,-4.2258,0.0,0.0,0.0,0.0,16,7.8
19.376,-6.9459,-4.2258,0.0,0.0,0.0,0.0,16,7.8
19.396,-6.9459,-4.2258,0.0,0.0,0.0,0.0,16,7.8
19.436,-6.9459,-4.2258,0.0,0.0,0.0,0.0,16,7.8
19.455,-6.9459,-4.2258,0.0,0.0,0.0,0.0,16,7.8
19.495,-6.9459,-4.2258,0.0,0.0,0.0,0.0,16,7.8
19.516,-6.9459,-4.2258,0.0,0.0,0.0,0.0,16,7.8
19.556,-6.9459,-4.2258,0.0,0.0,0.0,0.0,16,7.8
19.576,-6.9459,-4.2258,0.0,0.0,0.0,0.0,16,7.8
19.615,-6.9459,-4.2258,0.0,0.0,0.0,0.0,16,7.8
19.636,-6.9459,-4.2258,0.0,0.0,0.0,0.0,16,7.8
19.676,-6.9459,-4.2258,0.0,0.0,0.0,0.0,16,7.8
19.695,-6.9459,-4.2258,0.0,0.0,0.0,0.0,16,7.8
19.736,-6.9459,-4.2258,0.0,0.0,0.0,0.0,16,7.8
19.756,-6.9459,-4.2258,0.0,0.0,0.0,0.0,16,7.8
19.795,-6.9459,-4.2258,0.0,0.0,0.0,0.0,16,7.7
19.816,-6.9459,-4.2258,0.0,0.0,0.0,0.0,16,7.7
19.855,-6.9459,-4.2258,0.0,0.0,0.0,0.0,16,7.7
19.876,-6.9459,-4.2258,0.0,0.0,0.0,0.0,16,7.7
19.915,-6.9459,-4.2258,0.0,0.0,0.0,0.0,16,7.7
19.937,-6.9459,-4.2258,0.0,0.0,0.0,0.0,16,7.7
19.976,-6.9459,-4.2258,0.0,0.0,0.0,0.0,16,7.7
19.996,-6.9459,-4.2258,0.0,0.0,0.0,0.0,16,7.7
20.036,-6.9459,-4.2258,0.0,0.0,0.0,0.0,16,7.7
20.056,-6.9459,-4.2258,0.0,0.0,0.0,0.0,16,7.7
20.095,-6.9459,-4.2258,0.0,0.0,0.0,0.0,16,7.8
20.116,-6.9459,-4.2258,0.0,0.0,0.0,0.0,16,7.8
20.155,-6.9459,-4.2258,0.0,0.0,0.0,0.0,16,7.8
20.176,-6.9459,-4.2258,0.0,0.0,0.0,0.0,16,7.8
20.215,-6.9459,-4.2258,0.0,0.0,0.0,0.0,16,7.7
20.236,-6.9459,-4.2258,0.0,0.0,0.0,0.0,16,7.7
20.276,-6.9459,-4.2258,0.0,0.0,0.0,0.0,16,7.7
20.295,-6.9459,-4.2258,0.0,0.0,0.0,0.0,16,7.7
20.335,-6.9459,-4.2258,0.0,0.0,0.0,0.0,16,7.7
20.355,-6.9459,-4.2258,0.0,0.0,0.0,0.0,16,7.7
20.395,-6.9459,-4.2258,0.0,0.0,0.0,0.0,16,7.7
20.415,-6.9459,-4.2258,0.0,0.0,0.0,0.0,16,7.7
20.456,-6.9459,-4.2258,0.0,0.0,0.0,0.0,16,7.7
20.476,-6.9459,-4.2258,0.0,0.0,0.0,0.0,16,7.7
20.515,-6.9459,-4.2258,0.0,0.0,0.0,0.0,16,7.7
20.536,-6.9459,-4.2258,0.0,0.0,0.0,0.0,16,7.7
20.576,-6.9459,-4.2258,0.0,0.0,0.0,0.0,16,7.6
20.596,-6.9459,-4.2258,0.0,0.0,0.0,0.0,16,7.6
20.637,-6.9459,-4.2258,0.0,0.0,0.0,0.0,16,7.7
20.656,-6.9459,-4.2258,0.0,0.0,0.0,0.0,16,7.7
20.695,-6.9459,-4.2258,0.0,0.0,0.0,0.0,16,7.6
20.716,-6.9459,-4.2258,0.0,0.0,0.0,0.0,16,7.6
20.755,-6.9459,-4.2258,0.0,0.0,0.0,0.0,16,7.6
20.776,-6.9459,-4.2258,0.0,0.0,0.0,0.0,16,7.6
20.815,-6.9459,-4.2258,0.0,0.0,0.0,0.0,16,7.6
20.836,-6.9459,-4.2258,0.0,0.0,0.0,0.0,16,7.6
20.876,-6.9459,-4.2258,0.0,0.0,0.0,0.0,16,7.6
20.896,-6.9459,-4.2258,0.0,0.0,0.0,0.0,16,7.6
20.936,-6.9459,-4.2258,0.0,0.0,0.0,0.0,16,7.6
20.956,-6.9459,-4.2258,0.0,0.0,0.0,0.0,16,7.6
20.995,-6.9459,-4.2258,0.0,0.0,0.0,0.0,16,7.6
21.016,-6.9459,-4.2258,0.0,0.0,0.0,0.0,16,7.6
21.055,-6.9459,-4.2258,0.0,0.0,0.0,0.0,16,7.6
21.076,-6.9459,-4.2258,0.0,0.0,0.0,0.0,16,7.6
21.115,-6.9459,-4.2258,0.0,0.0,0.0,0.0,16,7.6
21.136,-6.9459,-4.2258,0.0,0.0,0.0,0.0,16,7.6
21.176,-6.9459,-4.2258,0.0,0.0,0.0,0.0,16,7.6
21.196,-6.9459,-4.2258,0.0,0.0,0.0,0.0,16,7.6
21.236,-6.9459,-4.2258,0.0,0.0,0.0,0.0,16,7.6
21.256,-6.9459,-4.2258,0.0,0.0,0.0,0.0,16,7.6
21.295,-6.9459,-4.2258,0.0,0.0,0.0,0.0,16,7.6
21.316,-6.9459,-4.2258,0.0,0.0,0.0,0.0,16,7.6
21.355,-6.9459,-4.2258,0.0,0.0,0.0,0.0,16,7.6
21.376,-6.9459,-4.2258,0.0,0.0,0.0,0.0,16,7.6
21.415,-6.9459,-4.2258,0.0,0.0,0.0,0.0,16,7.6
21.435,-6.9459,-4.2258,0.0,0.0,0.0,0.0,16,7.6
21.476,-6.9459,-4.2258,0.0,0.0,0.0,0.0,16,7.6
21.496,-6.9459,-4.2258,0.0,0.0,0.0,0.0,16,7.6
21.535,-6.9459,-4.2258,0.0,0.0,0.0,0.0,16,7.6
21.556,-6.9459,-4.2258,0.0,0.0,0.0,0.0,16,7.6
21.596,-6.9459,-4.2258,0.0,0.0,0.0,0.0,16,7.6
21.616,-6.9459,-4.2258,0.0,0.0,0.0,0.0,16,7.6
21.656,-6.9459,-4.2258,0.0,0.0,0.0,0.0,16,7.6
21.676,-6.9459,-4.2258,0.0,0.0,0.0,0.0,16,7.6
21.715,-6.9459,-4.2258,0.0,0.0,0.0,0.0,16,7.6
21.735,-6.9459,-4.2258,0.0,0.0,0.0,0.0,16,7.6
21.776,-6.9459,-4.2258,0.0,0.0,0.0,0.0,16,7.6
21.796,-6.9459,-4.2258,0.0,0.0,0.0,0.0,16,7.6
21.836,-6.9459,-4.2258,0.0,0.0,0.0,0.0,16,7.6
21.856,-6.9459,-4.2258,0.0,0.0,0.0,0.0,16,7.6
21.895,-6.9459,-4.2258,0.0,0.0,0.0,0.0,16,7.6
21.916,-6.9459,-4.2258,0.0,0.0,0.0,0.0,16,7.6
21.955,-6.9459,-4.2258,0.0,0.0,0.0,0.0,16,7.6
21.979,-6.9459,-4.2258,0.0,0.0,0.0,0.0,16,7.6
22.015,-6.9459,-4.2258,0.0,0.0,0.0,0.0,16,7.6
22.036,-6.9459,-4.2258,0.0,0.0,0.0,0.0,16,7.6
22.076,-6.9459,-4.2258,0.0,0.0,0.0,0.0,16,7.6
22.096,-6.9459,-4.2258,0.0,0.0,0.0,0.0,16,7.6
22.135,-6.9459,-4.2258,0.0,0.0,0.0,0.0,16,7.6
22.156,-6.9459,-4.2258,0.0,0.0,0.0,0.0,16,7.6
22.195,-6.9459,-4.2258,0.0,0.0,0.0,0.0,16,7.6
22.216,-6.9459,-4.2258,0.0,0.0,0.0,0.0,16,7.6
22.255,-6.9459,-4.2258,0.0,0.0,0.0,0.0,16,7.6
22.276,-6.9459,-4.2258,0.0,0.0,0.0,0.0,16,7.6
22.315,-6.9459,-4.2258,0.0,0.0,0.0,0.0,16,7.5
22.336,-6.9459,-4.2258,0.0,0.0,0.0,0.0,16,7.5
22.376,-6.9459,-4.2258,0.0,0.0,0.0,0.0,16,7.5
22.396,-6.9459,-4.2258,0.0,0.0,0.0,0.0,16,7.5
22.435,-6.9459,-4.2258,0.0,0.0,0.0,0.0,16,7.5
22.456,-6.9459,-4.2258,0.0,0.0,0.0,0.0,16,7.5
22.495,-6.9459,-4.2258,0.0,0.0,0.0,0.0,16,7.5
22.516,-6.9459,-4.2258,0.0,0.0,0.0,0.0,16,7.5
22.556,-6.9459,-4.2258,0.0,0.0,0.0,0.0,16,7.5
22.576,-6.9459,-4.2258,0.0,0.0,0.0,0.0,16,7.5
22.615,-6.9459,-4.2258,0.0,0.0,0.0,0.0,16,7.5
22.636,-6.9459,-4.2258,0.0,0.0,0.0,0.0,16,7.5
22.676,-6.9459,-4.2258,0.0,0.0,0.0,0.0,16,7.5
22.696,-6.9459,-4.2258,0.0,0.0,0.0,0.0,16,7.5
22.735,-6.9459,-4.2258,0.0,0.0,0.0,0.0,16,7.5
22.756,-6.9459,-4.2258,0.0,0.0,0.0,0.0,16,7.5
22.795,-6.9459,-4.2258,0.0,0.0,0.0,0.0,16,7.5
22.815,-6.9459,-4.2258,0.0,0.0,0.0,0.0,16,7.5
22.855,-6.9459,-4.2258,0.0,0.0,0.0,0.0,16,7.5
22.876,-6.9459,-4.2258,0.0,0.0,0.0,0.0,16,7.5
22.916,-6.9459,-4.2258,0.0,0.0,0.0,0.0,16,7.5
22.936,-6.9459,-4.2258,0.0,0.0,0.0,0.0,16,7.5
22.976,-6.9459,-4.2258,0.0,0.0,0.0,0.0,16,7.5
22.995,-6.9459,-4.2258,0.0,0.0,0.0,0.0,16,7.5
23.035,-6.9459,-4.2258,0.0,0.0,0.0,0.0,16,7.5
23.055,-6.9459,-4.2258,0.0,0.0,0.0,0.0,16,7.5
23.095,-6.9459,-4.2258,0.0,0.0,0.0,0.0,16,7.5
23.115,-6.9459,-4.2258,0.0,0.0,0.0,0.0,16,7.5
23.155,-6.9459,-4.2258,0.0,0.0,0.0,0.0,16,7.5
23.176,-6.9459,-4.2258,0.0,0.0,0.0,0.0,16,7.5
23.215,-6.9459,-4.2258,0.0,0.0,0.0,0.0,16,7.5
23.236,-6.9459,-4.2258,0.0,0.0,0.0,0.0,16,7.5
23.276,-6.9459,-4.2258,0.0,0.0,0.0,0.0,16,7.5
23.296,-6.9459,-4.2258,0.0,0.0,0.0,0.0,16,7.5
23.335,-6.9459,-4.2258,0.0,0.0,0.0,0.0,16,7.5
23.356,-6.9459,-4.2258,0.0,0.0,0.0,0.0,16,7.5
23.395,-6.9459,-4.2258,0.0,0.0,0.0,0.0,16,7.5
23.416,-6.9459,-4.2258,0.0,0.0,0.0,0.0,16,7.5
23.455,-6.9459,-4.2258,0.0,0.0,0.0,0.0,16,7.5
23.476,-6.9459,-4.2258,0.0,0.0,0.0,0.0,16,7.5
23.516,-6.9459,-4.2258,0.0,0.0,0.0,0.0,16,7.5
23.536,-6.9459,-4.2258,0.0,0.0,0.0,0.0,16,7.5
23.576,-6.9459,-4.2258,0.0,0.0,0.0,0.0,16,7.5
23.596,-6.9459,-4.2258,0.0,0.0,0.0,0.0,16,7.5
23.635,-6.9459,-4.2258,0.0,0.0,0.0,0.0,16,7.5
23.656,-6.9459,-4.2258,0.0,0.0,0.0,0.0,16,7.5
23.695,-6.9459,-4.2258,0.0,0.0,0.0,0.0,16,7.5
23.716,-6.9459,-4.2258,0.0,0.0,0.0,0.0,16,7.5
23.755,-6.9459,-4.2258,0.0,0.0,0.0,0.0,16,7.5
23.776,-6.9459,-4.2258,0.0,0.0,0.0,0.0,16,7.5
23.816,-6.9459,-4.2258,0.0,0.0,0.0,0.0,16,7.4
23.836,-6.9459,-4.2258,0.0,0.0,0.0,0.0,16,7.4
23.876,-6.9459,-4.2258,0.0,0.0,0.0,0.0,16,7.4
23.896,-6.9459,-4.2258,0.0,0.0,0.0,0.0,16,7.4
23.935,-6.9459,-4.2258,0.0,0.0,0.0,0.0,16,7.4
23.956,-6.9459,-4.2258,0.0,0.0,0.0,0.0,16,7.4
23.995,-6.9459,-4.2258,0.0,0.0,0.0,0.0,16,7.4
24.017,-6.9459,-4.2258,0.0,0.0,0.0,0.0,16,7.4
24.056,-6.9459,-4.2258,0.0,0.0,0.0,0.0,16,7.5
24.076,-6.9459,-4.2258,0.0,0.0,0.0,0.0,16,7.5
24.115,-6.9459,-4.2258,0.0,0.0,0.0,0.0,16,7.4
24.135,-6.9459,-4.2258,0.0,0.0,0.0,0.0,16,7.4
24.176,-6.9459,-4.2258,0.0,0.0,0.0,0.0,16,7.4
24.198,-6.9459,-4.2258,0.0,0.0,0.0,0.0,16,7.4
24.235,-6.9459,-4.2258,0.0,0.0,0.0,0.0,16,7.4
24.256,-6.9459,-4.2258,0.0,0.0,0.0,0.0,16,7.4
24.295,-6.9459,-4.2258,0.0,0.0,0.0,0.0,16,7.4
24.316,-6.9459,-4.2258,0.0,0.0,0.0,0.0,16,7.4
24.356,-6.9459,-4.2258,0.0,0.0,0.0,0.0,16,7.4
24.376,-6.9459,-4.2258,0.0,0.0,0.0,0.0,16,7.4
24.416,-6.9459,-4.2258,0.0,0.0,0.0,0.0,16,7.4
24.436,-6.9459,-4.2258,0.0,0.0,0.0,0.0,16,7.4
24.476,-6.9459,-4.2258,0.0,0.0,0.0,0.0,16,7.4
24.496,-6.9459,-4.2258,0.0,0.0,0.0,0.0,16,7.4
24.535,-6.9459,-4.2258,0.0,0.0,0.0,0.0,16,7.4
24.556,-6.9459,-4.2258,0.0,0.0,0.0,0.0,16,7.4
24.595,-6.9459,-4.2258,0.0,0.0,0.0,0.0,16,7.4
24.616,-6.9459,-4.2258,0.0,0.0,0.0,0.0,16,7.4
24.655,-6.9459,-4.2258,0.0,0.0,0.0,0.0,16,7.4
24.676,-6.9459,-4.2258,0.0,0.0,0.0,0.0,16,7.4
24.715,-6.9459,-4.2258,0.0,0.0,0.0,0.0,16,7.4
24.736,-6.9459,-4.2258,0.0,0.0,0.0,0.0,16,7.4
24.775,-6.9459,-4.2258,0.0,0.0,0.0,0.0,16,7.3
24.796,-6.9459,-4.2258,0.0,0.0,0.0,0.0,16,7.3
24.836,-6.9459,-4.2258,0.0,0.0,0.0,0.0,16,7.4
24.856,-6.9459,-4.2258,0.0,0.0,0.0,0.0,16,7.4
24.895,-6.9459,-4.2258,0.0,0.0,0.0,0.0,16,7.3
24.916,-6.9459,-4.2258,0.0,0.0,0.0,0.0,16,7.3
24.956,-6.9459,-4.2258,0.0,0.0,0.0,0.0,16,7.4
24.976,-6.9459,-4.2258,0.0,0.0,0.0,0.0,16,7.4
25.016,-6.9459,-4.2258,0.0,0.0,0.0,0.0,16,7.3
25.035,-6.9459,-4.2258,0.0,0.0,0.0,0.0,16,7.3
25.075,-6.9459,-4.2258,0.0,0.0,0.0,0.0,16,7.3
25.096,-6.9459,-4.2258,0.0,0.0,0.0,0.0,16,7.3
25.135,-6.9459,-4.2258,0.0,0.0,0.0,0.0,16,7.3
25.156,-6.9459,-4.2258,0.0,0.0,0.0,0.0,16,7.3
25.195,-6.9459,-4.2258,0.0,0.0,0.0,0.0,16,7.3
25.216,-6.9459,-4.2258,0.0,0.0,0.0,0.0,16,7.3
25.256,-6.9459,-4.2258,0.0,0.0,0.0,0.0,16,7.3
25.276,-6.9459,-4.2258,0.0,0.0,0.0,0.0,16,7.3
25.315,-6.9459,-4.2258,0.0,0.0,0.0,0.0,16,7.3
25.336,-6.9459,-4.2258,0.0,0.0,0.0,0.0,16,7.3
25.376,-6.9459,-4.2258,0.0,0.0,0.0,0.0,16,7.3
25.396,-6.9459,-4.2258,0.0,0.0,0.0,0.0,16,7.3
25.435,-6.9459,-4.2258,0.0,0.0,0.0,0.0,16,7.3
25.456,-6.9459,-4.2258,0.0,0.0,0.0,0.0,16,7.3
25.495,-6.9459,-4.2258,0.0,0.0,0.0,0.0,16,7.3
25.517,-6.9459,-4.2258,0.0,0.0,0.0,0.0,16,7.3
25.555,-6.9459,-4.2258,0.0,0.0,0.0,0.0,16,7.3
25.576,-6.9459,-4.2258,0.0,0.0,0.0,0.0,16,7.3
25.616,-6.9459,-4.2258,0.0,0.0,0.0,0.0,16,7.3
25.636,-6.9459,-4.2258,0.0,0.0,0.0,0.0,16,7.3
25.677,-6.9459,-4.2258,0.0,0.0,0.0,0.0,16,7.3
25.695,-6.9459,-4.2258,0.0,0.0,0.0,0.0,16,7.3
25.735,-6.9459,-4.2258,0.0,0.0,0.0,0.0,16,7.3
25.756,-6.9459,-4.2258,0.0,0.0,0.0,0.0,16,7.3
25.795,-6.9459,-4.2258,0.0,0.0,0.0,0.0,16,7.3
25.817,-6.9459,-4.2258,0.0,0.0,0.0,0.0,16,7.3
25.856,-6.9459,-4.2258,0.0,0.0,0.0,0.0,16,7.3
25.876,-6.9459,-4.2258,0.0,0.0,0.0,0.0,16,7.3
25.916,-6.9459,-4.2258,0.0,0.0,0.0,0.0,16,7.3
25.936,-6.9459,-4.2258,0.0,0.0,0.0,0.0,16,7.3
25.976,-6.9459,-4.2258,0.0,0.0,0.0,0.0,16,7.3
25.996,-6.9459,-4.2258,0.0,0.0,0.0,0.0,16,7.3
26.035,-6.9459,-4.2258,0.0,0.0,0.0,0.0,16,7.3
26.056,-6.9459,-4.2258,0.0,0.0,0.0,0.0,16,7.3
26.095,-6.9459,-4.2258,0.0,0.0,0.0,0.0,16,7.3
26.116,-6.9459,-4.2258,0.0,0.0,0.0,0.0,16,7.3
26.156,-6.9459,-4.2258,0.0,0.0,0.0,0.0,16,7.3
26.176,-6.9459,-4.2258,0.0,0.0,0.0,0.0,16,7.3
26.216,-6.9459,-4.2258,0.0,0.0,0.0,0.0,16,7.3
26.236,-6.9459,-4.2258,0.0,0.0,0.0,0.0,16,7.3
26.276,-6.9459,-4.2258,0.0,0.0,0.0,0.0,16,7.3
26.296,-6.9459,-4.2258,0.0,0.0,0.0,0.0,16,7.3
26.325,-6.9459,-4.2258,0.0,0.0,0.0,0.0,16,7.2
26.356,-6.9459,-4.2258,0.0,0.0,0.0,0.0,16,7.2
26.386,-6.9459,-4.2258,0.0,0.0,0.0,0.0,16,7.2
26.416,-6.9459,-4.2258,0.0,0.0,0.0,0.0,16,7.2
26.435,-6.9459,-4.2258,0.0,0.0,0.0,0.0,16,7.2
26.476,-6.9459,-4.2258,0.0,0.0,0.0,0.0,16,7.2
26.495,-6.9459,-4.2258,0.0,0.0,0.0,0.0,16,7.2
26.536,-6.9459,-4.2258,0.0,0.0,0.0,0.0,16,7.2
26.556,-6.9459,-4.2258,0.0,0.0,0.0,0.0,16,7.2
26.596,-6.9459,-4.2258,0.0,0.0,0.0,0.0,16,7.2
26.616,-6.9459,-4.2258,0.0,0.0,0.0,0.0,16,7.2
26.657,-6.9459,-4.2258,0.0,0.0,0.0,0.0,16,7.2
26.676,-6.9459,-4.2258,0.0,0.0,0.0,0.0,16,7.2
26.716,-6.9459,-4.2258,0.0,0.0,0.0,0.0,16,7.2
26.735,-6.9459,-4.2258,0.0,0.0,0.0,0.0,16,7.2
26.776,-6.9459,-4.2258,0.0,0.0,0.0,0.0,16,7.2
26.795,-6.9459,-4.2258,0.0,0.0,0.0,0.0,16,7.2
26.836,-6.9459,-4.2258,0.0,0.0,0.0,0.0,16,7.2
26.855,-6.9459,-4.2258,0.0,0.0,0.0,0.0,16,7.2
26.895,-6.9459,-4.2258,0.0,0.0,0.0,0.0,16,7.2
26.915,-6.9459,-4.2258,0.0,0.0,0.0,0.0,16,7.2
26.956,-6.9459,-4.2258,0.0,0.0,0.0,0.0,16,7.2
26.976,-6.9459,-4.2258,0.0,0.0,0.0,0.0,16,7.2
27.016,-6.9459,-4.2258,0.0,0.0,0.0,0.0,16,7.2
27.035,-6.9459,-4.2258,0.0,0.0,0.0,0.0,16,7.2
27.075,-6.9459,-4.2258,0.0,0.0,0.0,0.0,16,7.2
27.096,-6.9459,-4.2258,0.0,0.0,0.0,0.0,16,7.2
27.136,-6.9459,-4.2258,0.0,0.0,0.0,0.0,16,7.2
27.156,-6.9459,-4.2258,0.0,0.0,0.0,0.0,16,7.2
27.196,-6.9459,-4.2258,0.0,0.0,0.0,0.0,16,7.2
27.215,-6.9459,-4.2258,0.0,0.0,0.0,0.0,16,7.2
27.256,-6.9459,-4.2258,0.0,0.0,0.0,0.0,16,7.2
27.275,-6.9459,-4.2258,0.0,0.0,0.0,0.0,16,7.2
27.316,-6.9459,-4.2258,0.0,0.0,0.0,0.0,16,7.2
27.335,-6.9459,-4.2258,0.0,0.0,0.0,0.0,16,7.2
27.376,-6.9459,-4.2258,0.0,0.0,0.0,0.0,16,7.2
27.396,-6.9459,-4.2258,0.0,0.0,0.0,0.0,16,7.1
27.436,-6.9459,-4.2258,0.0,0.0,0.0,0.0,16,7.1
27.456,-6.9459,-4.2258,0.0,0.0,0.0,0.0,16,7.2
27.496,-6.9459,-4.2258,0.0,0.0,0.0,0.0,16,7.2
27.515,-6.9459,-4.2258,0.0,0.0,0.0,0.0,16,7.2
27.556,-6.9459,-4.2258,0.0,0.0,0.0,0.0,16,7.2
27.576,-6.9459,-4.2258,0.0,0.0,0.0,0.0,16,7.1
27.615,-6.9459,-4.2258,0.0,0.0,0.0,0.0,16,7.1
27.635,-6.9459,-4.2258,0.0,0.0,0.0,0.0,16,7.1
27.676,-6.9459,-4.2258,0.0,0.0,0.0,0.0,16,7.1
27.695,-6.9459,-4.2258,0.0,0.0,0.0,0.0,16,7.1
27.736,-6.9459,-4.2258,0.0,0.0,0.0,0.0,16,7.1
27.755,-6.9459,-4.2258,0.0,0.0,0.0,0.0,16,7.1
27.795,-6.9459,-4.2258,0.0,0.0,0.0,0.0,16,7.1
27.815,-6.9459,-4.2258,0.0,0.0,0.0,0.0,16,7.1
27.856,-6.9459,-4.2258,0.0,0.0,0.0,0.0,16,7.1
27.876,-6.9459,-4.2258,0.0,0.0,0.0,0.0,16,7.1
27.916,-6.9459,-4.2258,0.0,0.0,0.0,0.0,16,7.1
27.935,-6.9459,-4.2258,0.0,0.0,0.0,0.0,16,7.1
27.976,-6.9459,-4.2258,0.0,0.0,0.0,0.0,16,7.1
27.995,-6.9459,-4.2258,0.0,0.0,0.0,0.0,16,7.1
28.035,-6.9459,-4.2258,0.0,0.0,0.0,0.0,16,7.1
28.056,-6.9459,-4.2258,0.0,0.0,0.0,0.0,16,7.1
28.096,-6.9459,-4.2258,0.0,0.0,0.0,0.0,16,7.1
28.115,-6.9459,-4.2258,0.0,0.0,0.0,0.0,16,7.1
28.156,-6.9459,-4.2258,0.0,0.0,0.0,0.0,16,7.1
28.175,-6.9459,-4.2258,0.0,0.0,0.0,0.0,16,7.1
28.216,-6.9459,-4.2258,0.0,0.0,0.0,0.0,16,7.1
28.235,-6.9459,-4.2258,0.0,0.0,0.0,0.0,16,7.1
28.276,-6.9459,-4.2258,0.0,0.0,0.0,0.0,16,7.1
28.295,-6.9459,-4.2258,0.0,0.0,0.0,0.0,16,7.1
28.326,-6.9459,-4.2258,0.0,0.0,0.0,0.0,16,7.1
28.355,-6.9459,-4.2258,0.0,0.0,0.0,0.0,16,7.1
28.386,-6.9459,-4.2258,0.0,0.0,0.0,0.0,16,7.1
28.415,-6.9459,-4.2258,0.0,0.0,0.0,0.0,16,7.1
28.436,-6.9459,-4.2258,0.0,0.0,0.0,0.0,16,7.1
28.476,-6.9459,-4.2258,0.0,0.0,0.0,0.0,16,7.1
28.496,-6.9459,-4.2258,0.0,0.0,0.0,0.0,16,7.1
28.536,-6.9459,-4.2258,0.0,0.0,0.0,0.0,16,7.1
28.556,-6.9459,-4.2258,0.0,0.0,0.0,0.0,16,7.1
28.595,-6.9459,-4.2258,0.0,0.0,0.0,0.0,16,7.1
28.615,-6.9459,-4.2258,0.0,0.0,0.0,0.0,16,7.1
28.656,-6.9459,-4.2258,0.0,0.0,0.0,0.0,16,7.1
28.676,-6.9459,-4.2258,0.0,0.0,0.0,0.0,16,7.1
28.715,-6.9459,-4.2258,0.0,0.0,0.0,0.0,16,7.1
28.736,-6.9459,-4.2258,0.0,0.0,0.0,0.0,16,7.1
28.776,-6.9459,-4.2258,0.0,0.0,0.0,0.0,16,7.1
28.796,-6.9459,-4.2258,0.0,0.0,0.0,0.0,16,7.1
28.836,-6.9459,-4.2258,0.0,0.0,0.0,0.0,16,7.1
28.857,-6.9459,-4.2258,0.0,0.0,0.0,0.0,16,7.1
28.896,-6.9459,-4.2258,0.0,0.0,0.0,0.0,16,7.0
28.916,-6.9459,-4.2258,0.0,0.0,0.0,0.0,16,7.0
28.956,-6.9459,-4.2258,0.0,0.0,0.0,0.0,16,7.1
28.976,-6.9459,-4.2258,0.0,0.0,0.0,0.0,16,7.1
29.015,-6.9459,-4.2258,0.0,0.0,0.0,0.0,16,7.0
29.036,-6.9459,-4.2258,0.0,0.0,0.0,0.0,16,7.0
29.075,-6.9459,-4.2258,0.0,0.0,0.0,0.0,16,7.1
29.095,-6.9459,-4.2258,0.0,0.0,0.0,0.0,16,7.1
29.135,-6.9459,-4.2258,0.0,0.0,0.0,0.0,16,7.0
29.157,-6.9459,-4.2258,0.0,0.0,0.0,0.0,16,7.0
29.196,-6.9459,-4.2258,0.0,0.0,0.0,0.0,16,7.0
29.216,-6.9459,-4.2258,0.0,0.0,0.0,0.0,16,7.0
29.256,-6.9459,-4.2258,0.0,0.0,0.0,0.0,16,7.0
29.277,-6.9459,-4.2258,0.0,0.0,0.0,0.0,16,7.0
29.315,-6.9459,-4.2258,0.0,0.0,0.0,0.0,16,7.1
29.336,-6.9459,-4.2258,0.0,0.0,0.0,0.0,16,7.1
29.376,-6.9459,-4.2258,0.0,0.0,0.0,0.0,16,7.0
29.396,-6.9459,-4.2258,0.0,0.0,0.0,0.0,16,7.0
29.436,-6.9459,-4.2258,0.0,0.0,0.0,0.0,16,7.0
29.457,-6.9459,-4.2258,0.0,0.0,0.0,0.0,16,7.0
29.495,-6.9459,-4.2258,0.0,0.0,0.0,0.0,16,7.0
29.515,-6.9459,-4.2258,0.0,0.0,0.0,0.0,16,7.0
29.556,-6.9459,-4.2258,0.0,0.0,0.0,0.0,16,7.0
29.576,-6.9459,-4.2258,0.0,0.0,0.0,0.0,16,7.0
29.615,-6.9459,-4.2258,0.0,0.0,0.0,0.0,16,7.0
29.636,-6.9459,-4.2258,0.0,0.0,0.0,0.0,16,7.0
29.675,-6.9459,-4.2258,0.0,0.0,0.0,0.0,16,7.0
29.696,-6.9459,-4.2258,0.0,0.0,0.0,0.0,16,7.0
29.735,-6.9459,-4.2258,0.0,0.0,0.0,0.0,16,7.0
29.756,-6.9459,-4.2258,0.0,0.0,0.0,0.0,16,7.0
29.796,-6.9459,-4.2258,0.0,0.0,0.0,0.0,16,7.0
29.816,-6.9459,-4.2258,0.0,0.0,0.0,0.0,16,7.0
29.856,-6.9459,-4.2258,0.0,0.0,0.0,0.0,16,7.0
29.876,-6.9459,-4.2258,0.0,0.0,0.0,0.0,16,7.0
29.915,-6.9459,-4.2258,0.0,0.0,0.0,0.0,16,7.0
29.936,-6.9459,-4.2258,0.0,0.0,0.0,0.0,16,7.0
29.975,-6.9459,-4.2258,0.0,0.0,0.0,0.0,16,7.0
29.996,-6.9459,-4.2258,0.0,0.0,0.0,0.0,16,7.0
30.035,-6.9459,-4.2258,0.0,0.0,0.0,0.0,16,7.0
30.056,-6.9459,-4.2258,0.0,0.0,0.0,0.0,16,7.0
30.096,-6.9459,-4.2258,0.0,0.0,0.0,0.0,16,7.0
30.116,-6.9459,-4.2258,0.0,0.0,0.0,0.0,16,7.0
30.156,-6.9459,-4.2258,0.0,0.0,0.0,0.0,16,7.0
30.176,-6.9459,-4.2258,0.0,0.0,0.0,0.0,16,7.0
30.215,-6.9459,-4.2258,0.0,0.0,0.0,0.0,16,6.9
30.236,-6.9459,-4.2258,0.0,0.0,0.0,0.0,16,6.9
30.276,-6.9459,-4.2258,0.0,0.0,0.0,0.0,16,7.0
30.296,-6.9459,-4.2258,0.0,0.0,0.0,0.0,16,7.0
30.335,-6.9459,-4.2258,0.0,0.0,0.0,0.0,16,6.9
30.356,-6.9459,-4.2258,0.0,0.0,0.0,0.0,16,6.9
30.396,-6.9459,-4.2258,0.0,0.0,0.0,0.0,16,6.9
30.416,-6.9459,-4.2258,0.0,0.0,0.0,0.0,16,6.9
30.456,-6.9459,-4.2258,0.0,0.0,0.0,0.0,16,6.9
30.476,-6.9459,-4.2258,0.0,0.0,0.0,0.0,16,6.9
30.515,-6.9459,-4.2258,0.0,0.0,0.0,0.0,16,6.9
30.536,-6.9459,-4.2258,0.0,0.0,0.0,0.0,16,6.9
30.576,-6.9459,-4.2258,0.0,0.0,0.0,0.0,16,6.9
30.596,-6.9459,-4.2258,0.0,0.0,0.0,0.0,16,6.9
30.636,-6.9459,-4.2258,0.0,0.0,0.0,0.0,16,6.9
30.656,-6.9459,-4.2258,0.0,0.0,0.0,0.0,16,6.9
30.695,-6.9459,-4.2258,0.0,0.0,0.0,0.0,16,6.9
30.715,-6.9459,-4.2258,0.0,0.0,0.0,0.0,16,6.9
30.755,-6.9459,-4.2258,0.0,0.0,0.0,0.0,16,6.9
30.777,-6.9459,-4.2258,0.0,0.0,0.0,0.0,16,6.9
30.817,-6.9459,-4.2258,0.0,0.0,0.0,0.0,16,6.9
30.836,-6.9459,-4.2258,0.0,0.0,0.0,0.0,16,6.9
30.876,-6.9459,-4.2258,0.0,0.0,0.0,0.0,16,6.9
30.896,-6.9459,-4.2258,0.0,0.0,0.0,0.0,16,6.9
30.936,-6.9459,-4.2258,0.0,0.0,0.0,0.0,16,6.9
30.956,-6.9459,-4.2258,0.0,0.0,0.0,0.0,16,6.9
30.995,-6.9459,-4.2258,0.0,0.0,0.0,0.0,16,6.9
31.015,-6.9459,-4.2258,0.0,0.0,0.0,0.0,16,6.9
31.055,-6.9459,-4.2258,0.0,0.0,0.0,0.0,16,6.9
31.076,-6.9459,-4.2258,0.0,0.0,0.0,0.0,16,6.9
31.115,-6.9459,-4.2258,0.0,0.0,0.0,0.0,16,6.9
31.136,-6.9459,-4.2258,0.0,0.0,0.0,0.0,16,6.9
31.176,-6.9459,-4.2258,0.0,0.0,0.0,0.0,16,6.9
31.196,-6.9459,-4.2258,0.0,0.0,0.0,0.0,16,6.9
31.236,-6.9459,-4.2258,0.0,0.0,0.0,0.0,16,6.9
31.256,-6.9459,-4.2258,0.0,0.0,0.0,0.0,16,6.9
31.296,-6.9459,-4.2258,0.0,0.0,0.0,0.0,16,6.9
31.316,-6.9459,-4.2258,0.0,0.0,0.0,0.0,16,6.9
31.355,-6.9459,-4.2258,0.0,0.0,0.0,0.0,16,6.9
31.376,-6.9459,-4.2258,0.0,0.0,0.0,0.0,16,6.9
31.415,-6.9459,-4.2258,0.0,0.0,0.0,0.0,16,6.9
31.436,-6.9459,-4.2258,0.0,0.0,0.0,0.0,16,6.9
31.476,-6.9459,-4.2258,0.0,0.0,0.0,0.0,16,6.9
31.496,-6.9459,-4.2258,0.0,0.0,0.0,0.0,16,6.9
31.535,-6.9459,-4.2258,0.0,0.0,0.0,0.0,16,6.9
31.556,-6.9459,-4.2258,0.0,0.0,0.0,0.0,16,6.9
31.596,-6.9459,-4.2258,0.0,0.0,0.0,0.0,16,6.9
31.616,-6.9459,-4.2258,0.0,0.0,0.0,0.0,16,6.9
31.655,-6.9459,-4.2258,0.0,0.0,0.0,0.0,16,6.9
31.676,-6.9459,-4.2258,0.0,0.0,0.0,0.0,16,6.9
31.715,-6.9459,-4.2258,0.0,0.0,0.0,0.0,16,6.9
31.736,-6.9459,-4.2258,0.0,0.0,0.0,0.0,16,6.9
31.776,-6.9459,-4.2258,0.0,0.0,0.0,0.0,16,6.9
31.796,-6.9459,-4.2258,0.0,0.0,0.0,0.0,16,6.9
31.836,-6.9459,-4.2258,0.0,0.0,0.0,0.0,16,6.9
31.857,-6.9459,-4.2258,0.0,0.0,0.0,0.0,16,6.9
31.896,-6.9459,-4.2258,0.0,0.0,0.0,0.0,16,6.9
31.916,-6.9459,-4.2258,0.0,0.0,0.0,0.0,16,6.9
31.955,-6.9459,-4.2258,0.0,0.0,0.0,0.0,16,6.8
31.976,-6.9459,-4.2258,0.0,0.0,0.0,0.0,16,6.8
32.015,-6.9459,-4.2258,0.0,0.0,0.0,0.0,16,6.8
32.036,-6.9459,-4.2258,0.0,0.0,0.0,0.0,16,6.8
32.075,-6.9459,-4.2258,0.0,0.0,0.0,0.0,16,6.8
32.096,-6.9459,-4.2258,0.0,0.0,0.0,0.0,16,6.8
32.135,-6.9459,-4.2258,0.0,0.0,0.0,0.0,16,6.8
32.155,-6.9459,-4.2258,0.0,0.0,0.0,0.0,16,6.8
32.195,-6.9459,-4.2258,0.0,0.0,0.0,0.0,16,6.8
32.216,-6.9459,-4.2258,0.0,0.0,0.0,0.0,16,6.8
32.255,-6.9459,-4.2258,0.0,0.0,0.0,0.0,16,6.8
32.276,-6.9459,-4.2258,0.0,0.0,0.0,0.0,16,6.8
32.315,-6.9459,-4.2258,0.0,0.0,0.0,0.0,16,6.8
32.335,-6.9459,-4.2258,0.0,0.0,0.0,0.0,16,6.8
32.376,-6.9459,-4.2258,0.0,0.0,0.0,0.0,16,6.8
32.396,-6.9459,-4.2258,0.0,0.0,0.0,0.0,16,6.8
32.435,-6.9459,-4.2258,0.0,0.0,0.0,0.0,16,6.8
32.456,-6.9459,-4.2258,0.0,0.0,0.0,0.0,16,6.8
32.496,-6.9459,-4.2258,0.0,0.0,0.0,0.0,16,6.8
32.516,-6.9459,-4.2258,0.0,0.0,0.0,0.0,16,6.8
32.555,-6.9459,-4.2258,0.0,0.0,0.0,0.0,16,6.8
32.576,-6.9459,-4.2258,0.0,0.0,0.0,0.0,16,6.8
32.615,-6.9459,-4.2258,0.0,0.0,0.0,0.0,16,6.8
32.636,-6.9459,-4.2258,0.0,0.0,0.0,0.0,16,6.8
32.675,-6.9459,-4.2258,0.0,0.0,0.0,0.0,16,6.8
32.696,-6.9459,-4.2258,0.0,0.0,0.0,0.0,16,6.8
32.736,-6.9459,-4.2258,0.0,0.0,0.0,0.0,16,6.8
32.756,-6.9459,-4.2258,0.0,0.0,0.0,0.0,16,6.8
32.796,-6.9459,-4.2258,0.0,0.0,0.0,0.0,16,6.8
32.816,-6.9459,-4.2258,0.0,0.0,0.0,0.0,16,6.8
32.856,-6.9459,-4.2258,0.0,0.0,0.0,0.0,16,6.8
32.876,-6.9459,-4.2258,0.0,0.0,0.0,0.0,16,6.8
32.915,-6.9459,-4.2258,0.0,0.0,0.0,0.0,16,6.8
32.935,-6.9459,-4.2258,0.0,0.0,0.0,0.0,16,6.8
32.975,-6.9459,-4.2258,0.0,0.0,0.0,0.0,16,6.8
32.996,-6.9459,-4.2258,0.0,0.0,0.0,0.0,16,6.8
33.035,-6.9459,-4.2258,0.0,0.0,0.0,0.0,16,6.8
33.056,-6.9459,-4.2258,0.0,0.0,0.0,0.0,16,6.8
33.096,-6.9459,-4.2258,0.0,0.0,0.0,0.0,16,6.8
33.116,-6.9459,-4.2258,0.0,0.0,0.0,0.0,16,6.8
33.155,-6.9459,-4.2258,0.0,0.0,0.0,0.0,16,6.8
33.176,-6.9459,-4.2258,0.0,0.0,0.0,0.0,16,6.8
33.215,-6.9459,-4.2258,0.0,0.0,0.0,0.0,16,6.8
33.236,-6.9459,-4.2258,0.0,0.0,0.0,0.0,16,6.8
33.275,-6.9459,-4.2258,0.0,0.0,0.0,0.0,16,6.8
33.296,-6.9459,-4.2258,0.0,0.0,0.0,0.0,16,6.8
33.336,-6.9459,-4.2258,0.0,0.0,0.0,0.0,16,6.8
33.356,-6.9459,-4.2258,0.0,0.0,0.0,0.0,16,6.8
33.395,-6.9459,-4.2258,0.0,0.0,0.0,0.0,16,6.7
33.415,-6.9459,-4.2258,0.0,0.0,0.0,0.0,16,6.7
33.456,-6.9459,-4.2258,0.0,0.0,0.0,0.0,16,6.7
33.476,-6.9459,-4.2258,0.0,0.0,0.0,0.0,16,6.7
33.515,-6.9459,-4.2258,0.0,0.0,0.0,0.0,16,6.8
33.536,-6.9459,-4.2258,0.0,0.0,0.0,0.0,16,6.8
33.575,-6.9459,-4.2258,0.0,0.0,0.0,0.0,16,6.8
33.596,-6.9459,-4.2258,0.0,0.0,0.0,0.0,16,6.8
33.635,-6.9459,-4.2258,0.0,0.0,0.0,0.0,16,6.8
33.656,-6.9459,-4.2258,0.0,0.0,0.0,0.0,16,6.8
33.696,-6.9459,-4.2258,0.0,0.0,0.0,0.0,16,6.7
33.716,-6.9459,-4.2258,0.0,0.0,0.0,0.0,16,6.7
33.756,-6.9459,-4.2258,0.0,0.0,0.0,0.0,16,6.7
33.776,-6.9459,-4.2258,0.0,0.0,0.0,0.0,16,6.7
33.816,-6.9459,-4.2258,0.0,0.0,0.0,0.0,16,6.7
33.836,-6.9459,-4.2258,0.0,0.0,0.0,0.0,16,6.7
33.876,-6.9459,-4.2258,0.0,0.0,0.0,0.0,16,6.7
33.896,-6.9459,-4.2258,0.0,0.0,0.0,0.0,16,6.7
33.936,-6.9459,-4.2258,0.0,0.0,0.0,0.0,16,6.7
33.956,-6.9459,-4.2258,0.0,0.0,0.0,0.0,16,6.7
33.996,-6.9459,-4.2258,0.0,0.0,0.0,0.0,16,6.7
34.016,-6.9459,-4.2258,0.0,0.0,0.0,0.0,16,6.7
34.056,-6.9459,-4.2258,0.0,0.0,0.0,0.0,16,6.7
34.076,-6.9459,-4.2258,0.0,0.0,0.0,0.0,16,6.7
34.115,-6.9459,-4.2258,0.0,0.0,0.0,0.0,16,6.7
34.136,-6.9459,-4.2258,0.0,0.0,0.0,0.0,16,6.7
34.175,-6.9459,-4.2258,0.0,0.0,0.0,0.0,16,6.7
34.196,-6.9459,-4.2258,0.0,0.0,0.0,0.0,16,6.7
34.235,-6.9459,-4.2258,0.0,0.0,0.0,0.0,16,6.7
34.256,-6.9459,-4.2258,0.0,0.0,0.0,0.0,16,6.7
34.296,-6.9459,-4.2258,0.0,0.0,0.0,0.0,16,6.7
34.316,-6.9459,-4.2258,0.0,0.0,0.0,0.0,16,6.7
34.356,-6.9459,-4.2258,0.0,0.0,0.0,0.0,16,6.7
34.376,-6.9459,-4.2258,0.0,0.0,0.0,0.0,16,6.7
34.415,-6.9459,-4.2258,0.0,0.0,0.0,0.0,16,6.7
34.436,-6.9459,-4.2258,0.0,0.0,0.0,0.0,16,6.7
34.475,-6.9459,-4.2258,0.0,0.0,0.0,0.0,16,6.6
34.496,-6.9459,-4.2258,0.0,0.0,0.0,0.0,16,6.6
34.535,-6.9459,-4.2258,0.0,0.0,0.0,0.0,16,6.7
34.556,-6.9459,-4.2258,0.0,0.0,0.0,0.0,16,6.7
34.595,-6.9459,-4.2258,0.0,0.0,0.0,0.0,16,6.7
34.616,-6.9459,-4.2258,0.0,0.0,0.0,0.0,16,6.7
34.656,-6.9459,-4.2258,0.0,0.0,0.0,0.0,16,6.7
34.676,-6.9459,-4.2258,0.0,0.0,0.0,0.0,16,6.7
34.716,-6.9459,-4.2258,0.0,0.0,0.0,0.0,16,6.6
34.736,-6.9459,-4.2258,0.0,0.0,0.0,0.0,16,6.6
34.776,-6.9459,-4.2258,0.0,0.0,0.0,0.0,16,6.7
34.795,-6.9459,-4.2258,0.0,0.0,0.0,0.0,16,6.7
34.836,-6.9459,-4.2258,0.0,0.0,0.0,0.0,16,6.6
34.856,-6.9459,-4.2258,0.0,0.0,0.0,0.0,16,6.6
34.896,-6.9459,-4.2258,0.0,0.0,0.0,0.0,16,6.6
34.916,-6.9459,-4.2258,0.0,0.0,0.0,0.0,16,6.6
34.956,-6.9459,-4.2258,0.0,0.0,0.0,0.0,16,6.6
34.976,-6.9459,-4.2258,0.0,0.0,0.0,0.0,16,6.6
35.015,-6.9459,-4.2258,0.0,0.0,0.0,0.0,16,6.6
35.036,-6.9459,-4.2258,0.0,0.0,0.0,0.0,16,6.6
35.076,-6.9459,-4.2258,0.0,0.0,0.0,0.0,16,6.6
35.096,-6.9459,-4.2258,0.0,0.0,0.0,0.0,16,6.6
35.136,-6.9459,-4.2258,0.0,0.0,0.0,0.0,16,6.6
35.156,-6.9459,-4.2258,0.0,0.0,0.0,0.0,16,6.6
35.195,-6.9459,-4.2258,0.0,0.0,0.0,0.0,16,6.6
35.216,-6.9459,-4.2258,0.0,0.0,0.0,0.0,16,6.6
35.256,-6.9459,-4.2258,0.0,0.0,0.0,0.0,16,6.6
35.277,-6.9459,-4.2258,0.0,0.0,0.0,0.0,16,6.6
35.315,-6.9459,-4.2258,0.0,0.0,0.0,0.0,16,6.6
35.336,-6.9459,-4.2258,0.0,0.0,0.0,0.0,16,6.6
35.377,-6.9459,-4.2258,0.0,0.0,0.0,0.0,16,6.6
35.395,-6.9459,-4.2258,0.0,0.0,0.0,0.0,16,6.6
35.436,-6.9459,-4.2258,0.0,0.0,0.0,0.0,16,6.6
35.456,-6.9459,-4.2258,0.0,0.0,0.0,0.0,16,6.6
35.496,-6.9459,-4.2258,0.0,0.0,0.0,0.0,16,6.6
35.516,-6.9459,-4.2258,0.0,0.0,0.0,0.0,16,6.6
35.556,-6.9459,-4.2258,0.0,0.0,0.0,0.0,16,6.6
35.576,-6.9459,-4.2258,0.0,0.0,0.0,0.0,16,6.6
35.615,-6.9459,-4.2258,0.0,0.0,0.0,0.0,16,6.6
35.636,-6.9459,-4.2258,0.0,0.0,0.0,0.0,16,6.6
35.676,-6.9459,-4.2258,0.0,0.0,0.0,0.0,16,6.6
35.696,-6.9459,-4.2258,0.0,0.0,0.0,0.0,16,6.6
35.736,-6.9459,-4.2258,0.0,0.0,0.0,0.0,16,6.6
35.756,-6.9459,-4.2258,0.0,0.0,0.0,0.0,16,6.6
35.795,-6.9459,-4.2258,0.0,0.0,0.0,0.0,16,6.6
35.816,-6.9459,-4.2258,0.0,0.0,0.0,0.0,16,6.6
35.856,-6.9459,-4.2258,0.0,0.0,0.0,0.0,16,6.6
35.876,-6.9459,-4.2258,0.0,0.0,0.0,0.0,16,6.6
35.915,-6.9459,-4.2258,0.0,0.0,0.0,0.0,16,6.6
35.936,-6.9459,-4.2258,0.0,0.0,0.0,0.0,16,6.6
35.976,-6.9459,-4.2258,0.0,0.0,0.0,0.0,16,6.6
35.996,-6.9459,-4.2258,0.0,0.0,0.0,0.0,16,6.6
36.036,-6.9459,-4.2258,0.0,0.0,0.0,0.0,16,6.6
36.056,-6.9459,-4.2258,0.0,0.0,0.0,0.0,16,6.6
36.096,-6.9459,-4.2258,0.0,0.0,0.0,0.0,16,6.6
36.116,-6.9459,-4.2258,0.0,0.0,0.0,0.0,16,6.6
36.156,-6.9459,-4.2258,0.0,0.0,0.0,0.0,16,6.6
36.176,-6.9459,-4.2258,0.0,0.0,0.0,0.0,16,6.6
36.216,-6.9459,-4.2258,0.0,0.0,0.0,0.0,16,6.6
36.236,-6.9459,-4.2258,0.0,0.0,0.0,0.0,16,6.6
36.276,-6.9459,-4.2258,0.0,0.0,0.0,0.0,16,6.6
36.296,-6.9459,-4.2258,0.0,0.0,0.0,0.0,16,6.6
36.336,-6.9459,-4.2258,0.0,0.0,0.0,0.0,16,6.6
36.356,-6.9459,-4.2258,0.0,0.0,0.0,0.0,16,6.6
36.395,-6.9459,-4.2258,0.0,0.0,0.0,0.0,16,6.6
36.415,-6.9459,-4.2258,0.0,0.0,0.0,0.0,16,6.6
36.455,-6.9459,-4.2258,0.0,0.0,0.0,0.0,16,6.5
36.476,-6.9459,-4.2258,0.0,0.0,0.0,0.0,16,6.5
36.506,-6.9459,-4.2258,0.0,0.0,0.0,0.0,16,6.6
36.536,-6.9459,-4.2258,0.0,0.0,0.0,0.0,16,6.6
36.556,-6.9459,-4.2258,0.0,0.0,0.0,0.0,16,6.6
36.596,-6.9459,-4.2258,0.0,0.0,0.0,0.0,16,6.6
36.615,-6.9459,-4.2258,0.0,0.0,0.0,0.0,16,6.6
36.656,-6.9459,-4.2258,0.0,0.0,0.0,0.0,16,6.6
36.676,-6.9459,-4.2258,0.0,0.0,0.0,0.0,16,6.6
36.706,-6.9459,-4.2258,0.0,0.0,0.0,0.0,16,6.6
36.735,-6.9459,-4.2258,0.0,0.0,0.0,0.0,16,6.5
36.756,-6.9459,-4.2258,0.0,0.0,0.0,0.0,16,6.5
36.796,-6.9459,-4.2258,0.0,0.0,0.0,0.0,16,6.6
36.806,-6.9459,-4.2258,0.0,0.0,0.0,0.0,16,6.6
36.856,-6.9459,-4.2258,0.0,0.0,0.0,0.0,16,6.6
36.865,-6.9459,-4.2258,0.0,0.0,0.0,0.0,16,6.6
36.916,-6.9459,-4.2258,0.0,0.0,0.0,0.0,16,6.6
36.916,-6.9459,-4.2258,0.0,0.0,0.0,0.0,16,6.6
36.916,-6.9459,-4.2258,0.0,0.0,0.0,0.0,16,6.6
36.966,-6.9459,-4.2258,0.0,0.0,0.0,0.0,16,6.6
36.976,-6.9459,-4.2258,0.0,0.0,0.0,0.0,16,6.6
36.977,-6.9459,-4.2258,0.0,0.0,0.0,0.0,16,6.6
37.027,-6.9459,-4.2258,0.0,0.0,0.0,0.0,16,6.6
37.036,-6.9459,-4.2258,0.0,0.0,0.0,0.0,16,6.6
37.036,-6.9459,-4.2258,0.0,0.0,0.0,0.0,16,6.5
37.086,-6.9459,-4.2258,0.0,0.0,0.0,0.0,16,6.5
37.095,-6.9459,-4.2258,0.0,0.0,0.0,0.0,16,6.5
37.096,-6.9459,-4.2258,0.0,0.0,0.0,0.0,16,6.5
37.146,-6.9459,-4.2258,0.0,0.0,0.0,0.0,16,6.5
37.156,-6.9459,-4.2258,0.0,0.0,0.0,0.0,16,6.5
37.156,-6.9459,-4.2258,0.0,0.0,0.0,0.0,16,6.5
37.206,-6.9459,-4.2258,0.0,0.0,0.0,0.0,16,6.5
37.216,-6.9459,-4.2258,0.0,0.0,0.0,0.0,16,6.5
37.216,-6.9459,-4.2258,0.0,0.0,0.0,0.0,16,6.5
37.266,-6.9459,-4.2258,0.0,0.0,0.0,0.0,16,6.5
37.277,-6.9459,-4.2258,0.0,0.0,0.0,0.0,16,6.5
37.277,-6.9459,-4.2258,0.0,0.0,0.0,0.0,16,6.6
37.327,-6.9459,-4.2258,0.0,0.0,0.0,0.0,16,6.6
37.336,-6.9459,-4.2258,0.0,0.0,0.0,0.0,16,6.6
37.336,-6.9459,-4.2258,0.0,0.0,0.0,0.0,16,6.5
37.387,-6.9459,-4.2258,0.0,0.0,0.0,0.0,16,6.5
37.396,-6.9459,-4.2258,0.0,0.0,0.0,0.0,16,6.5
37.396,-6.9459,-4.2258,0.0,0.0,0.0,0.0,16,6.5
37.446,-6.9459,-4.2258,0.0,0.0,0.0,0.0,16,6.5
37.455,-6.9459,-4.2258,0.0,0.0,0.0,0.0,16,6.5
37.456,-6.9459,-4.2258,0.0,0.0,0.0,0.0,16,6.5
37.506,-6.9459,-4.2258,0.0,0.0,0.0,0.0,16,6.5
37.516,-6.9459,-4.2258,0.0,0.0,0.0,0.0,16,6.5
37.516,-6.9459,-4.2258,0.0,0.0,0.0,0.0,16,6.5
37.567,-6.9459,-4.2258,0.0,0.0,0.0,0.0,16,6.5
37.576,-6.9459,-4.2258,0.0,0.0,0.0,0.0,16,6.5
37.577,-6.9459,-4.2258,0.0,0.0,0.0,0.0,16,6.5
37.627,-6.9459,-4.2258,0.0,0.0,0.0,0.0,16,6.5
37.636,-6.9459,-4.2258,0.0,0.0,0.0,0.0,16,6.5
37.636,-6.9459,-4.2258,0.0,0.0,0.0,0.0,16,6.5
37.686,-6.9459,-4.2258,0.0,0.0,0.0,0.0,16,6.5
37.696,-6.9459,-4.2258,0.0,0.0,0.0,0.0,16,6.5
37.696,-6.9459,-4.2258,0.0,0.0,0.0,0.0,16,6.5
37.746,-6.9459,-4.2258,0.0,0.0,0.0,0.0,16,6.5
37.756,-6.9459,-4.2258,0.0,0.0,0.0,0.0,16,6.5
37.756,-6.9459,-4.2258,0.0,0.0,0.0,0.0,16,6.5
37.806,-6.9459,-4.2258,0.0,0.0,0.0,0.0,16,6.5
37.816,-6.9459,-4.2258,0.0,0.0,0.0,0.0,16,6.5
37.816,-6.9459,-4.2258,0.0,0.0,0.0,0.0,16,6.5
37.866,-6.9459,-4.2258,0.0,0.0,0.0,0.0,16,6.5
37.877,-6.9459,-4.2258,0.0,0.0,0.0,0.0,16,6.5
37.877,-6.9459,-4.2258,0.0,0.0,0.0,0.0,16,6.5
37.927,-6.9459,-4.2258,0.0,0.0,0.0,0.0,16,6.5
37.936,-6.9459,-4.2258,0.0,0.0,0.0,0.0,16,6.5
37.936,-6.9459,-4.2258,0.0,0.0,0.0,0.0,16,6.5
37.986,-6.9459,-4.2258,0.0,0.0,0.0,0.0,16,6.5
37.996,-6.9459,-4.2258,0.0,0.0,0.0,0.0,16,6.5
37.996,-6.9459,-4.2258,0.0,0.0,0.0,0.0,16,6.5
38.046,-6.9459,-4.2258,0.0,0.0,0.0,0.0,16,6.5
38.056,-6.9459,-4.2258,0.0,0.0,0.0,0.0,16,6.5
38.056,-6.9459,-4.2258,0.0,0.0,0.0,0.0,16,6.5
38.106,-6.9459,-4.2258,0.0,0.0,0.0,0.0,16,6.5
38.116,-6.9459,-4.2258,0.0,0.0,0.0,0.0,16,6.5
38.116,-6.9459,-4.2258,0.0,0.0,0.0,0.0,16,6.5
38.166,-6.9459,-4.2258,0.0,0.0,0.0,0.0,16,6.5
38.176,-6.9459,-4.2258,0.0,0.0,0.0,0.0,16,6.5
38.177,-6.9459,-4.2258,0.0,0.0,0.0,0.0,16,6.5
38.227,-6.9459,-4.2258,0.0,0.0,0.0,0.0,16,6.5
38.236,-6.9459,-4.2258,0.0,0.0,0.0,0.0,16,6.5
38.236,-6.9459,-4.2258,0.0,0.0,0.0,0.0,16,6.4
38.286,-6.9459,-4.2258,0.0,0.0,0.0,0.0,16,6.4
38.296,-6.9459,-4.2258,0.0,0.0,0.0,0.0,16,6.4
38.296,-6.9459,-4.2258,0.0,0.0,0.0,0.0,16,6.4
38.346,-6.9459,-4.2258,0.0,0.0,0.0,0.0,16,6.4
38.356,-6.9459,-4.2258,0.0,0.0,0.0,0.0,16,6.4
38.356,-6.9459,-4.2258,0.0,0.0,0.0,0.0,16,6.5
38.406,-6.9459,-4.2258,0.0,0.0,0.0,0.0,16,6.5
38.416,-6.9459,-4.2258,0.0,0.0,0.0,0.0,16,6.5
38.416,-6.9459,-4.2258,0.0,0.0,0.0,0.0,16,6.4
38.466,-6.9459,-4.2258,0.0,0.0,0.0,0.0,16,6.4
38.476,-6.9459,-4.2258,0.0,0.0,0.0,0.0,16,6.4
38.476,-6.9459,-4.2258,0.0,0.0,0.0,0.0,16,6.5
38.526,-6.9459,-4.2258,0.0,0.0,0.0,0.0,16,6.5
38.535,-6.9459,-4.2258,0.0,0.0,0.0,0.0,16,6.5
38.535,-6.9459,-4.2258,0.0,0.0,0.0,0.0,16,6.4
38.586,-6.9459,-4.2258,0.0,0.0,0.0,0.0,16,6.4
38.596,-6.9459,-4.2258,0.0,0.0,0.0,0.0,16,6.4
38.596,-6.9459,-4.2258,0.0,0.0,0.0,0.0,16,6.4
38.646,-6.9459,-4.2258,0.0,0.0,0.0,0.0,16,6.4
38.656,-6.9459,-4.2258,0.0,0.0,0.0,0.0,16,6.4
38.656,-6.9459,-4.2258,0.0,0.0,0.0,0.0,16,6.4
38.706,-6.9459,-4.2258,0.0,0.0,0.0,0.0,16,6.4
38.716,-6.9459,-4.2258,0.0,0.0,0.0,0.0,16,6.4
38.716,-6.9459,-4.2258,0.0,0.0,0.0,0.0,16,6.4
38.766,-6.9459,-4.2258,0.0,0.0,0.0,0.0,16,6.4
38.776,-6.9459,-4.2258,0.0,0.0,0.0,0.0,16,6.4
38.776,-6.9459,-4.2258,0.0,0.0,0.0,0.0,16,6.4
38.826,-6.9459,-4.2258,0.0,0.0,0.0,0.0,16,6.4
38.836,-6.9459,-4.2258,0.0,0.0,0.0,0.0,16,6.4
38.836,-6.9459,-4.2258,0.0,0.0,0.0,0.0,16,6.4
38.887,-6.9459,-4.2258,0.0,0.0,0.0,0.0,16,6.4
38.896,-6.9459,-4.2258,0.0,0.0,0.0,0.0,16,6.4
38.896,-6.9459,-4.2258,0.0,0.0,0.0,0.0,16,6.4
38.946,-6.9459,-4.2258,0.0,0.0,0.0,0.0,16,6.4
38.956,-6.9459,-4.2258,0.0,0.0,0.0,0.0,16,6.4
38.956,-6.9459,-4.2258,0.0,0.0,0.0,0.0,16,6.4
39.007,-6.9459,-4.2258,0.0,0.0,0.0,0.0,16,6.4
39.016,-6.9459,-4.2258,0.0,0.0,0.0,0.0,16,6.4
39.016,-6.9459,-4.2258,0.0,0.0,0.0,0.0,16,6.4
39.066,-6.9459,-4.2258,0.0,0.0,0.0,0.0,16,6.4
39.076,-6.9459,-4.2258,0.0,0.0,0.0,0.0,16,6.4
39.076,-6.9459,-4.2258,0.0,0.0,0.0,0.0,16,6.4
39.126,-6.9459,-4.2258,0.0,0.0,0.0,0.0,16,6.4
39.135,-6.9459,-4.2258,0.0,0.0,0.0,0.0,16,6.4
39.135,-6.9459,-4.2258,0.0,0.0,0.0,0.0,16,6.4
39.186,-6.9459,-4.2258,0.0,0.0,0.0,0.0,16,6.4
39.196,-6.9459,-4.2258,0.0,0.0,0.0,0.0,16,6.4
39.196,-6.9459,-4.2258,0.0,0.0,0.0,0.0,16,6.4
39.246,-6.9459,-4.2258,0.0,0.0,0.0,0.0,16,6.4
39.256,-6.9459,-4.2258,0.0,0.0,0.0,0.0,16,6.4
39.256,-6.9459,-4.2258,0.0,0.0,0.0,0.0,16,6.4
39.306,-6.9459,-4.2258,0.0,0.0,0.0,0.0,16,6.4
39.316,-6.9459,-4.2258,0.0,0.0,0.0,0.0,16,6.4
39.316,-6.9459,-4.2258,0.0,0.0,0.0,0.0,16,6.4
39.366,-6.9459,-4.2258,0.0,0.0,0.0,0.0,16,6.4
39.376,-6.9459,-4.2258,0.0,0.0,0.0,0.0,16,6.4
39.376,-6.9459,-4.2258,0.0,0.0,0.0,0.0,16,6.4
39.426,-6.9459,-4.2258,0.0,0.0,0.0,0.0,16,6.4
39.436,-6.9459,-4.2258,0.0,0.0,0.0,0.0,16,6.4
39.436,-6.9459,-4.2258,0.0,0.0,0.0,0.0,16,6.4
39.486,-6.9459,-4.2258,0.0,0.0,0.0,0.0,16,6.4
39.496,-6.9459,-4.2258,0.0,0.0,0.0,0.0,16,6.4
39.496,-6.9459,-4.2258,0.0,0.0,0.0,0.0,16,6.4
39.546,-6.9459,-4.2258,0.0,0.0,0.0,0.0,16,6.4
39.556,-6.9459,-4.2258,0.0,0.0,0.0,0.0,16,6.4
39.557,-6.9459,-4.2258,0.0,0.0,0.0,0.0,16,6.4
39.607,-6.9459,-4.2258,0.0,0.0,0.0,0.0,16,6.4
39.616,-6.9459,-4.2258,0.0,0.0,0.0,0.0,16,6.4
39.616,-6.9459,-4.2258,0.0,0.0,0.0,0.0,16,6.4
39.666,-6.9459,-4.2258,0.0,0.0,0.0,0.0,16,6.4
39.676,-6.9459,-4.2258,0.0,0.0,0.0,0.0,16,6.4
39.677,-6.9459,-4.2258,0.0,0.0,0.0,0.0,16,6.4
39.727,-6.9459,-4.2258,0.0,0.0,0.0,0.0,16,6.4
39.736,-6.9459,-4.2258,0.0,0.0,0.0,0.0,16,6.4
39.736,-6.9459,-4.2258,0.0,0.0,0.0,0.0,16,6.4
39.786,-6.9459,-4.2258,0.0,0.0,0.0,0.0,16,6.4
39.796,-6.9459,-4.2258,0.0,0.0,0.0,0.0,16,6.4
39.796,-6.9459,-4.2258,0.0,0.0,0.0,0.0,16,6.4
39.846,-6.9459,-4.2258,0.0,0.0,0.0,0.0,16,6.4
39.856,-6.9459,-4.2258,0.0,0.0,0.0,0.0,16,6.4
39.856,-6.9459,-4.2258,0.0,0.0,0.0,0.0,16,6.4
39.906,-6.9459,-4.2258,0.0,0.0,0.0,0.0,16,6.4
39.916,-6.9459,-4.2258,0.0,0.0,0.0,0.0,16,6.4
39.916,-6.9459,-4.2258,0.0,0.0,0.0,0.0,16,6.4
39.966,-6.9459,-4.2258,0.0,0.0,0.0,0.0,16,6.4
39.976,-6.9459,-4.2258,0.0,0.0,0.0,0.0,16,6.4
39.976,-6.9459,-4.2258,0.0,0.0,0.0,0.0,16,6.4
40.026,-6.9459,-4.2258,0.0,0.0,0.0,0.0,16,6.4
40.036,-6.9459,-4.2258,0.0,0.0,0.0,0.0,16,6.4
40.036,-6.9459,-4.2258,0.0,0.0,0.0,0.0,16,6.4
40.086,-6.9459,-4.2258,0.0,0.0,0.0,0.0,16,6.4
40.096,-6.9459,-4.2258,0.0,0.0,0.0,0.0,16,6.4
40.096,-6.9459,-4.2258,0.0,0.0,0.0,0.0,16,6.4
40.146,-6.9459,-4.2258,0.0,0.0,0.0,0.0,16,6.4
40.156,-6.9459,-4.2258,0.0,0.0,0.0,0.0,16,6.4
40.156,-6.9459,-4.2258,0.0,0.0,0.0,0.0,16,6.4
40.207,-6.9459,-4.2258,0.0,0.0,0.0,0.0,16,6.4
40.217,-6.9459,-4.2258,0.0,0.0,0.0,0.0,16,6.4
40.217,-6.9459,-4.2258,0.0,0.0,0.0,0.0,16,6.4
40.267,-6.9459,-4.2258,0.0,0.0,0.0,0.0,16,6.4
40.276,-6.9459,-4.2258,0.0,0.0,0.0,0.0,16,6.4
40.276,-6.9459,-4.2258,0.0,0.0,0.0,0.0,16,6.3
40.326,-6.9459,-4.2258,0.0,0.0,0.0,0.0,16,6.3
40.335,-6.9459,-4.2258,0.0,0.0,0.0,0.0,16,6.3
40.336,-6.9459,-4.2258,0.0,0.0,0.0,0.0,16,6.4
40.386,-6.9459,-4.2258,0.0,0.0,0.0,0.0,16,6.4
40.395,-6.9459,-4.2258,0.0,0.0,0.0,0.0,16,6.4
40.396,-6.9459,-4.2258,0.0,0.0,0.0,0.0,16,6.4
40.446,-6.9459,-4.2258,0.0,0.0,0.0,0.0,16,6.4
40.456,-6.9459,-4.2258,0.0,0.0,0.0,0.0,16,6.4
40.456,-6.9459,-4.2258,0.0,0.0,0.0,0.0,16,6.4
40.506,-6.9459,-4.2258,0.0,0.0,0.0,0.0,16,6.4
40.516,-6.9459,-4.2258,0.0,0.0,0.0,0.0,16,6.4
40.516,-6.9459,-4.2258,0.0,0.0,0.0,0.0,16,6.4
40.567,-6.9459,-4.2258,0.0,0.0,0.0,0.0,16,6.4
40.576,-6.9459,-4.2258,0.0,0.0,0.0,0.0,16,6.4
40.576,-6.9459,-4.2258,0.0,0.0,0.0,0.0,16,6.3
40.626,-6.9459,-4.2258,0.0,0.0,0.0,0.0,16,6.3
40.636,-6.9459,-4.2258,0.0,0.0,0.0,0.0,16,6.3
40.636,-6.9459,-4.2258,0.0,0.0,0.0,0.0,16,6.4
40.686,-6.9459,-4.2258,0.0,0.0,0.0,0.0,16,6.4
40.696,-6.9459,-4.2258,0.0,0.0,0.0,0.0,16,6.4
40.696,-6.9459,-4.2258,0.0,0.0,0.0,0.0,16,6.3
40.747,-6.9459,-4.2258,0.0,0.0,0.0,0.0,16,6.3
40.756,-6.9459,-4.2258,0.0,0.0,0.0,0.0,16,6.3
40.756,-6.9459,-4.2258,0.0,0.0,0.0,0.0,16,6.3
40.806,-6.9459,-4.2258,0.0,0.0,0.0,0.0,16,6.3
40.816,-6.9459,-4.2258,0.0,0.0,0.0,0.0,16,6.3
40.816,-6.9459,-4.2258,0.0,0.0,0.0,0.0,16,6.4
40.866,-6.9459,-4.2258,0.0,0.0,0.0,0.0,16,6.4
40.876,-6.9459,-4.2258,0.0,0.0,0.0,0.0,16,6.4
40.876,-6.9459,-4.2258,0.0,0.0,0.0,0.0,16,6.3
40.926,-6.9459,-4.2258,0.0,0.0,0.0,0.0,16,6.3
40.936,-6.9459,-4.2258,0.0,0.0,0.0,0.0,16,6.3
40.936,-6.9459,-4.2258,0.0,0.0,0.0,0.0,16,6.4
40.986,-6.9459,-4.2258,0.0,0.0,0.0,0.0,16,6.4
40.996,-6.9459,-4.2258,0.0,0.0,0.0,0.0,16,6.4
40.996,-6.9459,-4.2258,0.0,0.0,0.0,0.0,16,6.3
41.046,-6.9459,-4.2258,0.0,0.0,0.0,0.0,16,6.3
41.056,-6.9459,-4.2258,0.0,0.0,0.0,0.0,16,6.3
41.056,-6.9459,-4.2258,0.0,0.0,0.0,0.0,16,6.3
41.106,-6.9459,-4.2258,0.0,0.0,0.0,0.0,16,6.3
41.116,-6.9459,-4.2258,0.0,0.0,0.0,0.0,16,6.3
41.116,-6.9459,-4.2258,0.0,0.0,0.0,0.0,16,6.4
41.166,-6.9459,-4.2258,0.0,0.0,0.0,0.0,16,6.4
41.176,-6.9459,-4.2258,0.0,0.0,0.0,0.0,16,6.4
41.176,-6.9459,-4.2258,0.0,0.0,0.0,0.0,16,6.4
41.226,-6.9459,-4.2258,0.0,0.0,0.0,0.0,16,6.4
41.235,-6.9459,-4.2258,0.0,0.0,0.0,0.0,16,6.4
41.236,-6.9459,-4.2258,0.0,0.0,0.0,0.0,16,6.3
41.286,-6.9459,-4.2258,0.0,0.0,0.0,0.0,16,6.3
41.296,-6.9459,-4.2258,0.0,0.0,0.0,0.0,16,6.3
41.296,-6.9459,-4.2258,0.0,0.0,0.0,0.0,16,6.3
41.346,-6.9459,-4.2258,0.0,0.0,0.0,0.0,16,6.3
41.356,-6.9459,-4.2258,0.0,0.0,0.0,0.0,16,6.3
41.356,-6.9459,-4.2258,0.0,0.0,0.0,0.0,16,6.3
41.406,-6.9459,-4.2258,0.0,0.0,0.0,0.0,16,6.3
41.416,-6.9459,-4.2258,0.0,0.0,0.0,0.0,16,6.3
41.416,-6.9459,-4.2258,0.0,0.0,0.0,0.0,16,6.3
41.466,-6.9459,-4.2258,0.0,0.0,0.0,0.0,16,6.3
41.476,-6.9459,-4.2258,0.0,0.0,0.0,0.0,16,6.3
41.476,-6.9459,-4.2258,0.0,0.0,0.0,0.0,16,6.3
41.526,-6.9459,-4.2258,0.0,0.0,0.0,0.0,16,6.3
41.536,-6.9459,-4.2258,0.0,0.0,0.0,0.0,16,6.3
41.536,-6.9459,-4.2258,0.0,0.0,0.0,0.0,16,6.3
41.586,-6.9459,-4.2258,0.0,0.0,0.0,0.0,16,6.3
41.596,-6.9459,-4.2258,0.0,0.0,0.0,0.0,16,6.3
41.596,-6.9459,-4.2258,0.0,0.0,0.0,0.0,16,6.3
41.646,-6.9459,-4.2258,0.0,0.0,0.0,0.0,16,6.3
41.657,-6.9459,-4.2258,0.0,0.0,0.0,0.0,16,6.3
41.657,-6.9459,-4.2258,0.0,0.0,0.0,0.0,16,6.3
41.708,-6.9459,-4.2258,0.0,0.0,0.0,0.0,16,6.3
41.716,-6.9459,-4.2258,0.0,0.0,0.0,0.0,16,6.3
41.716,-6.9459,-4.2258,0.0,0.0,0.0,0.0,16,6.3
41.766,-6.9459,-4.2258,0.0,0.0,0.0,0.0,16,6.3
41.776,-6.9459,-4.2258,0.0,0.0,0.0,0.0,16,6.3
41.776,-6.9459,-4.2258,0.0,0.0,0.0,0.0,16,6.3
41.826,-6.9459,-4.2258,0.0,0.0,0.0,0.0,16,6.3
41.836,-6.9459,-4.2258,0.0,0.0,0.0,0.0,16,6.3
41.836,-6.9459,-4.2258,0.0,0.0,0.0,0.0,16,6.3
41.886,-6.9459,-4.2258,0.0,0.0,0.0,0.0,16,6.3
41.895,-6.9459,-4.2258,0.0,0.0,0.0,0.0,16,6.3
41.895,-6.9459,-4.2258,0.0,0.0,0.0,0.0,16,6.4
41.946,-6.9459,-4.2258,0.0,0.0,0.0,0.0,16,6.4
41.956,-6.9459,-4.2258,0.0,0.0,0.0,0.0,16,6.4
41.956,-6.9459,-4.2258,0.0,0.0,0.0,0.0,16,6.3
42.006,-6.9459,-4.2258,0.0,0.0,0.0,0.0,16,6.3
42.016,-6.9459,-4.2258,0.0,0.0,0.0,0.0,16,6.3
42.016,-6.9459,-4.2258,0.0,0.0,0.0,0.0,16,6.3
42.066,-6.9459,-4.2258,0.0,0.0,0.0,0.0,16,6.3
42.076,-6.9459,-4.2258,0.0,0.0,0.0,0.0,16,6.3
42.077,-6.9459,-4.2258,0.0,0.0,0.0,0.0,16,6.3
42.127,-6.9459,-4.2258,0.0,0.0,0.0,0.0,16,6.3
42.136,-6.9459,-4.2258,0.0,0.0,0.0,0.0,16,6.3
42.136,-6.9459,-4.2258,0.0,0.0,0.0,0.0,16,6.3
42.187,-6.9459,-4.2258,0.0,0.0,0.0,0.0,16,6.3
42.195,-6.9459,-4.2258,0.0,0.0,0.0,0.0,16,6.3
42.196,-6.9459,-4.2258,0.0,0.0,0.0,0.0,16,6.3
42.246,-6.9459,-4.2258,0.0,0.0,0.0,0.0,16,6.3
42.256,-6.9459,-4.2258,0.0,0.0,0.0,0.0,16,6.3
42.256,-6.9459,-4.2258,0.0,0.0,0.0,0.0,16,6.3
42.307,-6.9459,-4.2258,0.0,0.0,0.0,0.0,16,6.3
42.316,-6.9459,-4.2258,0.0,0.0,0.0,0.0,16,6.3
42.316,-6.9459,-4.2258,0.0,0.0,0.0,0.0,16,6.3
42.366,-6.9459,-4.2258,0.0,0.0,0.0,0.0,16,6.3
42.376,-6.9459,-4.2258,0.0,0.0,0.0,0.0,16,6.3
42.376,-6.9459,-4.2258,0.0,0.0,0.0,0.0,16,6.3
42.426,-6.9459,-4.2258,0.0,0.0,0.0,0.0,16,6.3
42.426,-6.9459,-4.2258,0.0,0.0,0.0,0.0,16,6.3
42.477,-6.9459,-4.2258,0.0,0.0,0.0,0.0,16,6.3
42.486,-6.9459,-4.2258,0.0,0.0,0.0,0.0,16,6.3
42.486,-6.9459,-4.2258,0.0,0.0,0.0,0.0,16,6.3
42.536,-6.9459,-4.2258,0.0,0.0,0.0,0.0,16,6.3
42.536,-6.9459,-4.2258,0.0,0.0,0.0,0.0,16,6.3
42.586,-6.9459,-4.2258,0.0,0.0,0.0,0.0,16,6.3
42.596,-6.9459,-4.2258,0.0,0.0,0.0,0.0,16,6.3
42.596,-6.9459,-4.2258,0.0,0.0,0.0,0.0,16,6.3
42.646,-6.9459,-4.2258,0.0,0.0,0.0,0.0,16,6.3
42.656,-6.9459,-4.2258,0.0,0.0,0.0,0.0,16,6.3
42.656,-6.9459,-4.2258,0.0,0.0,0.0,0.0,16,6.3
42.706,-6.9459,-4.2258,0.0,0.0,0.0,0.0,16,6.3
42.716,-6.9459,-4.2258,0.0,0.0,0.0,0.0,16,6.3
42.716,-6.9459,-4.2258,0.0,0.0,0.0,0.0,16,6.3
42.766,-6.9459,-4.2258,0.0,0.0,0.0,0.0,16,6.3
42.776,-6.9459,-4.2258,0.0,0.0,0.0,0.0,16,6.3
42.776,-6.9459,-4.2258,0.0,0.0,0.0,0.0,16,6.3
42.827,-6.9459,-4.2258,0.0,0.0,0.0,0.0,16,6.3
42.836,-6.9459,-4.2258,0.0,0.0,0.0,0.0,16,6.3
42.836,-6.9459,-4.2258,0.0,0.0,0.0,0.0,16,6.3
42.886,-6.9459,-4.2258,0.0,0.0,0.0,0.0,16,6.3
42.896,-6.9459,-4.2258,0.0,0.0,0.0,0.0,16,6.3
42.896,-6.9459,-4.2258,0.0,0.0,0.0,0.0,16,6.3
42.946,-6.9459,-4.2258,0.0,0.0,0.0,0.0,16,6.3
42.957,-6.9459,-4.2258,0.0,0.0,0.0,0.0,16,6.3
42.957,-6.9459,-4.2258,0.0,0.0,0.0,0.0,16,6.3
43.008,-6.9459,-4.2258,0.0,0.0,0.0,0.0,16,6.3
43.016,-6.9459,-4.2258,0.0,0.0,0.0,0.0,16,6.3
43.016,-6.9459,-4.2258,0.0,0.0,0.0,0.0,16,6.3
43.066,-6.9459,-4.2258,0.0,0.0,0.0,0.0,16,6.3
43.076,-6.9459,-4.2258,0.0,0.0,0.0,0.0,16,6.3
43.076,-6.9459,-4.2258,0.0,0.0,0.0,0.0,16,6.3
43.126,-6.9459,-4.2258,0.0,0.0,0.0,0.0,16,6.3
43.136,-6.9459,-4.2258,0.0,0.0,0.0,0.0,16,6.3
43.136,-6.9459,-4.2258,0.0,0.0,0.0,0.0,16,6.3
43.187,-6.9459,-4.2258,0.0,0.0,0.0,0.0,16,6.3
43.196,-6.9459,-4.2258,0.0,0.0,0.0,0.0,16,6.3
43.196,-6.9459,-4.2258,0.0,0.0,0.0,0.0,16,6.3
43.247,-6.9459,-4.2258,0.0,0.0,0.0,0.0,16,6.3
43.256,-6.9459,-4.2258,0.0,0.0,0.0,0.0,16,6.3
43.256,-6.9459,-4.2258,0.0,0.0,0.0,0.0,16,6.3
43.307,-6.9459,-4.2258,0.0,0.0,0.0,0.0,16,6.3
43.316,-6.9459,-4.2258,0.0,0.0,0.0,0.0,16,6.3
43.316,-6.9459,-4.2258,0.0,0.0,0.0,0.0,16,6.3
43.366,-6.9459,-4.2258,0.0,0.0,0.0,0.0,16,6.3
43.376,-6.9459,-4.2258,0.0,0.0,0.0,0.0,16,6.3
43.376,-6.9459,-4.2258,0.0,0.0,0.0,0.0,16,6.3
43.426,-6.9459,-4.2258,0.0,0.0,0.0,0.0,16,6.3
43.435,-6.9459,-4.2258,0.0,0.0,0.0,0.0,16,6.3
43.435,-6.9459,-4.2258,0.0,0.0,0.0,0.0,16,6.3
43.486,-6.9459,-4.2258,0.0,0.0,0.0,0.0,16,6.3
43.496,-6.9459,-4.2258,0.0,0.0,0.0,0.0,16,6.3
43.496,-6.9459,-4.2258,0.0,0.0,0.0,0.0,16,6.3
43.546,-6.9459,-4.2258,0.0,0.0,0.0,0.0,16,6.3
43.556,-6.9459,-4.2258,0.0,0.0,0.0,0.0,16,6.3
43.556,-6.9459,-4.2258,0.0,0.0,0.0,0.0,16,6.3
43.606,-6.9459,-4.2258,0.0,0.0,0.0,0.0,16,6.3
43.616,-6.9459,-4.2258,0.0,0.0,0.0,0.0,16,6.3
43.616,-6.9459,-4.2258,0.0,0.0,0.0,0.0,16,6.3
43.666,-6.9459,-4.2258,0.0,0.0,0.0,0.0,16,6.3
43.676,-6.9459,-4.2258,0.0,0.0,0.0,0.0,16,6.3
43.676,-6.9459,-4.2258,0.0,0.0,0.0,0.0,16,6.3
43.726,-6.9459,-4.2258,0.0,0.0,0.0,0.0,16,6.3
43.736,-6.9459,-4.2258,0.0,0.0,0.0,0.0,16,6.3
43.736,-6.9459,-4.2258,0.0,0.0,0.0,0.0,16,6.3
43.786,-6.9459,-4.2258,0.0,0.0,0.0,0.0,16,6.3
43.796,-6.9459,-4.2258,0.0,0.0,0.0,0.0,16,6.3
43.796,-6.9459,-4.2258,0.0,0.0,0.0,0.0,16,6.3
43.846,-6.9459,-4.2258,0.0,0.0,0.0,0.0,16,6.3
43.857,-6.9459,-4.2258,0.0,0.0,0.0,0.0,16,6.3
43.857,-6.9459,-4.2258,0.0,0.0,0.0,0.0,16,6.3
43.907,-6.9459,-4.2258,0.0,0.0,0.0,0.0,16,6.3
43.916,-6.9459,-4.2258,0.0,0.0,0.0,0.0,16,6.3
43.916,-6.9459,-4.2258,0.0,0.0,0.0,0.0,16,6.3
43.966,-6.9459,-4.2258,0.0,0.0,0.0,0.0,16,6.3
43.976,-6.9459,-4.2258,0.0,0.0,0.0,0.0,16,6.3
43.976,-6.9459,-4.2258,0.0,0.0,0.0,0.0,16,6.3
44.026,-6.9459,-4.2258,0.0,0.0,0.0,0.0,16,6.3
44.036,-6.9459,-4.2258,0.0,0.0,0.0,0.0,16,6.3
44.036,-6.9459,-4.2258,0.0,0.0,0.0,0.0,16,6.3
44.086,-6.9459,-4.2258,0.0,0.0,0.0,0.0,16,6.3
44.096,-6.9459,-4.2258,0.0,0.0,0.0,0.0,16,6.3
44.096,-6.9459,-4.2258,0.0,0.0,0.0,0.0,16,6.3
44.146,-6.9459,-4.2258,0.0,0.0,0.0,0.0,16,6.3
44.156,-6.9459,-4.2258,0.0,0.0,0.0,0.0,16,6.3
44.156,-6.9459,-4.2258,0.0,0.0,0.0,0.0,16,6.3
44.207,-6.9459,-4.2258,0.0,0.0,0.0,0.0,16,6.3
44.216,-6.9459,-4.2258,0.0,0.0,0.0,0.0,16,6.3
44.216,-6.9459,-4.2258,0.0,0.0,0.0,0.0,16,6.3
44.266,-6.9459,-4.2258,0.0,0.0,0.0,0.0,16,6.3
44.276,-6.9459,-4.2258,0.0,0.0,0.0,0.0,16,6.3
44.276,-6.9459,-4.2258,0.0,0.0,0.0,0.0,16,6.3
44.326,-6.9459,-4.2258,0.0,0.0,0.0,0.0,16,6.3
44.336,-6.9459,-4.2258,0.0,0.0,0.0,0.0,16,6.3
44.336,-6.9459,-4.2258,0.0,0.0,0.0,0.0,16,6.2
44.386,-6.9459,-4.2258,0.0,0.0,0.0,0.0,16,6.2
44.396,-6.9459,-4.2258,0.0,0.0,0.0,0.0,16,6.2
44.396,-6.9459,-4.2258,0.0,0.0,0.0,0.0,16,6.3
44.446,-6.9459,-4.2258,0.0,0.0,0.0,0.0,16,6.3
44.456,-6.9459,-4.2258,0.0,0.0,0.0,0.0,16,6.3
44.457,-6.9459,-4.2258,0.0,0.0,0.0,0.0,16,6.2
44.507,-6.9459,-4.2258,0.0,0.0,0.0,0.0,16,6.2
44.516,-6.9459,-4.2258,0.0,0.0,0.0,0.0,16,6.2
44.516,-6.9459,-4.2258,0.0,0.0,0.0,0.0,16,6.3
44.566,-6.9459,-4.2258,0.0,0.0,0.0,0.0,16,6.3
44.576,-6.9459,-4.2258,0.0,0.0,0.0,0.0,16,6.3
44.576,-6.9459,-4.2258,0.0,0.0,0.0,0.0,16,6.2
44.626,-6.9459,-4.2258,0.0,0.0,0.0,0.0,16,6.2
44.636,-6.9459,-4.2258,0.0,0.0,0.0,0.0,16,6.2
44.636,-6.9459,-4.2258,0.0,0.0,0.0,0.0,16,6.3
44.686,-6.9459,-4.2258,0.0,0.0,0.0,0.0,16,6.3
44.696,-6.9459,-4.2258,0.0,0.0,0.0,0.0,16,6.3
44.696,-6.9459,-4.2258,0.0,0.0,0.0,0.0,16,6.2
44.746,-6.9459,-4.2258,0.0,0.0,0.0,0.0,16,6.2
44.756,-6.9459,-4.2258,0.0,0.0,0.0,0.0,16,6.2
44.756,-6.9459,-4.2258,0.0,0.0,0.0,0.0,16,6.3
44.806,-6.9459,-4.2258,0.0,0.0,0.0,0.0,16,6.3
44.815,-6.9459,-4.2258,0.0,0.0,0.0,0.0,16,6.3
44.816,-6.9459,-4.2258,0.0,0.0,0.0,0.0,16,6.3
44.866,-6.9459,-4.2258,0.0,0.0,0.0,0.0,16,6.3
44.876,-6.9459,-4.2258,0.0,0.0,0.0,0.0,16,6.3
44.876,-6.9459,-4.2258,0.0,0.0,0.0,0.0,16,6.2
44.926,-6.9459,-4.2258,0.0,0.0,0.0,0.0,16,6.2
44.936,-6.9459,-4.2258,0.0,0.0,0.0,0.0,16,6.2
44.936,-6.9459,-4.2258,0.0,0.0,0.0,0.0,16,6.2
44.986,-6.9459,-4.2258,0.0,0.0,0.0,0.0,16,6.2
44.996,-6.9459,-4.2258,0.0,0.0,0.0,0.0,16,6.2
44.996,-6.9459,-4.2258,0.0,0.0,0.0,0.0,16,6.2
45.046,-6.9459,-4.2258,0.0,0.0,0.0,0.0,16,6.2
45.056,-6.9459,-4.2258,0.0,0.0,0.0,0.0,16,6.2
45.056,-6.9459,-4.2258,0.0,0.0,0.0,0.0,16,6.2
45.106,-6.9459,-4.2258,0.0,0.0,0.0,0.0,16,6.2
45.115,-6.9459,-4.2258,0.0,0.0,0.0,0.0,16,6.2
45.116,-6.9459,-4.2258,0.0,0.0,0.0,0.0,16,6.2
45.166,-6.9459,-4.2258,0.0,0.0,0.0,0.0,16,6.2
45.176,-6.9459,-4.2258,0.0,0.0,0.0,0.0,16,6.2
45.176,-6.9459,-4.2258,0.0,0.0,0.0,0.0,16,6.2
45.227,-6.9459,-4.2258,0.0,0.0,0.0,0.0,16,6.2
45.236,-6.9459,-4.2258,0.0,0.0,0.0,0.0,16,6.2
45.236,-6.9459,-4.2258,0.0,0.0,0.0,0.0,16,6.2
45.286,-6.9459,-4.2258,0.0,0.0,0.0,0.0,16,6.2
45.296,-6.9459,-4.2258,0.0,0.0,0.0,0.0,16,6.2
45.296,-6.9459,-4.2258,0.0,0.0,0.0,0.0,16,6.2
45.346,-6.9459,-4.2258,0.0,0.0,0.0,0.0,16,6.2
45.356,-6.9459,-4.2258,0.0,0.0,0.0,0.0,16,6.2
45.356,-6.9459,-4.2258,0.0,0.0,0.0,0.0,16,6.2
45.406,-6.9459,-4.2258,0.0,0.0,0.0,0.0,16,6.2
45.415,-6.9459,-4.2258,0.0,0.0,0.0,0.0,16,6.2
45.416,-6.9459,-4.2258,0.0,0.0,0.0,0.0,16,6.2
45.466,-6.9459,-4.2258,0.0,0.0,0.0,0.0,16,6.2
45.476,-6.9459,-4.2258,0.0,0.0,0.0,0.0,16,6.2
45.476,-6.9459,-4.2258,0.0,0.0,0.0,0.0,16,6.3
45.526,-6.9459,-4.2258,0.0,0.0,0.0,0.0,16,6.3
45.536,-6.9459,-4.2258,0.0,0.0,0.0,0.0,16,6.3
45.536,-6.9459,-4.2258,0.0,0.0,0.0,0.0,16,6.2
45.586,-6.9459,-4.2258,0.0,0.0,0.0,0.0,16,6.2
45.596,-6.9459,-4.2258,0.0,0.0,0.0,0.0,16,6.2
45.596,-6.9459,-4.2258,0.0,0.0,0.0,0.0,16,6.2
45.647,-6.9459,-4.2258,0.0,0.0,0.0,0.0,16,6.2
45.656,-6.9459,-4.2258,0.0,0.0,0.0,0.0,16,6.2
45.656,-6.9459,-4.2258,0.0,0.0,0.0,0.0,16,6.2
45.706,-6.9459,-4.2258,0.0,0.0,0.0,0.0,16,6.2
45.715,-6.9459,-4.2258,0.0,0.0,0.0,0.0,16,6.2
45.716,-6.9459,-4.2258,0.0,0.0,0.0,0.0,16,6.2
45.766,-6.9459,-4.2258,0.0,0.0,0.0,0.0,16,6.2
45.776,-6.9459,-4.2258,0.0,0.0,0.0,0.0,16,6.2
45.776,-6.9459,-4.2258,0.0,0.0,0.0,0.0,16,6.2
45.826,-6.9459,-4.2258,0.0,0.0,0.0,0.0,16,6.2
45.836,-6.9459,-4.2258,0.0,0.0,0.0,0.0,16,6.2
45.836,-6.9459,-4.2258,0.0,0.0,0.0,0.0,16,6.2
45.886,-6.9459,-4.2258,0.0,0.0,0.0,0.0,16,6.2
45.896,-6.9459,-4.2258,0.0,0.0,0.0,0.0,16,6.2
45.896,-6.9459,-4.2258,0.0,0.0,0.0,0.0,16,6.2
45.946,-6.9459,-4.2258,0.0,0.0,0.0,0.0,16,6.2
45.956,-6.9459,-4.2258,0.0,0.0,0.0,0.0,16,6.2
45.956,-6.9459,-4.2258,0.0,0.0,0.0,0.0,16,6.2
46.007,-6.9459,-4.2258,0.0,0.0,0.0,0.0,16,6.2
46.016,-6.9459,-4.2258,0.0,0.0,0.0,0.0,16,6.2
46.016,-6.9459,-4.2258,0.0,0.0,0.0,0.0,16,6.2
46.066,-6.9459,-4.2258,0.0,0.0,0.0,0.0,16,6.2
46.076,-6.9459,-4.2258,0.0,0.0,0.0,0.0,16,6.2
46.076,-6.9459,-4.2258,0.0,0.0,0.0,0.0,16,6.2
46.127,-6.9459,-4.2258,0.0,0.0,0.0,0.0,16,6.2
46.136,-6.9459,-4.2258,0.0,0.0,0.0,0.0,16,6.2
46.136,-6.9459,-4.2258,0.0,0.0,0.0,0.0,16,6.2
46.186,-6.9459,-4.2258,0.0,0.0,0.0,0.0,16,6.2
46.196,-6.9459,-4.2258,0.0,0.0,0.0,0.0,16,6.2
46.196,-6.9459,-4.2258,0.0,0.0,0.0,0.0,16,6.2
46.246,-6.9459,-4.2258,0.0,0.0,0.0,0.0,16,6.2
46.256,-6.9459,-4.2258,0.0,0.0,0.0,0.0,16,6.2
46.256,-6.9459,-4.2258,0.0,0.0,0.0,0.0,16,6.1
46.306,-6.9459,-4.2258,0.0,0.0,0.0,0.0,16,6.1
46.316,-6.9459,-4.2258,0.0,0.0,0.0,0.0,16,6.1
46.316,-6.9459,-4.2258,0.0,0.0,0.0,0.0,16,6.2
46.366,-6.9459,-4.2258,0.0,0.0,0.0,0.0,16,6.2
46.376,-6.9459,-4.2258,0.0,0.0,0.0,0.0,16,6.2
46.376,-6.9459,-4.2258,0.0,0.0,0.0,0.0,16,6.2
46.426,-6.9459,-4.2258,0.0,0.0,0.0,0.0,16,6.2
46.436,-6.9459,-4.2258,0.0,0.0,0.0,0.0,16,6.2
46.436,-6.9459,-4.2258,0.0,0.0,0.0,0.0,16,6.2
46.486,-6.9459,-4.2258,0.0,0.0,0.0,0.0,16,6.2
46.496,-6.9459,-4.2258,0.0,0.0,0.0,0.0,16,6.2
46.496,-6.9459,-4.2258,0.0,0.0,0.0,0.0,16,6.2
46.546,-6.9459,-4.2258,0.0,0.0,0.0,0.0,16,6.2
46.556,-6.9459,-4.2258,0.0,0.0,0.0,0.0,16,6.2
46.556,-6.9459,-4.2258,0.0,0.0,0.0,0.0,16,6.2
46.606,-6.9459,-4.2258,0.0,0.0,0.0,0.0,16,6.2
46.616,-6.9459,-4.2258,0.0,0.0,0.0,0.0,16,6.2
46.616,-6.9459,-4.2258,0.0,0.0,0.0,0.0,16,6.2
46.666,-6.9459,-4.2258,0.0,0.0,0.0,0.0,16,6.2
46.676,-6.9459,-4.2258,0.0,0.0,0.0,0.0,16,6.2
46.676,-6.9459,-4.2258,0.0,0.0,0.0,0.0,16,6.2
46.726,-6.9459,-4.2258,0.0,0.0,0.0,0.0,16,6.2
46.736,-6.9459,-4.2258,0.0,0.0,0.0,0.0,16,6.2
46.736,-6.9459,-4.2258,0.0,0.0,0.0,0.0,16,6.2
46.786,-6.9459,-4.2258,0.0,0.0,0.0,0.0,16,6.2
46.796,-6.9459,-4.2258,0.0,0.0,0.0,0.0,16,6.2
46.796,-6.9459,-4.2258,0.0,0.0,0.0,0.0,16,6.2
46.846,-6.9459,-4.2258,0.0,0.0,0.0,0.0,16,6.2
46.856,-6.9459,-4.2258,0.0,0.0,0.0,0.0,16,6.2
46.856,-6.9459,-4.2258,0.0,0.0,0.0,0.0,16,6.2
46.906,-6.9459,-4.2258,0.0,0.0,0.0,0.0,16,6.2
46.916,-6.9459,-4.2258,0.0,0.0,0.0,0.0,16,6.2
46.916,-6.9459,-4.2258,0.0,0.0,0.0,0.0,16,6.1
46.966,-6.9459,-4.2258,0.0,0.0,0.0,0.0,16,6.1
46.976,-6.9459,-4.2258,0.0,0.0,0.0,0.0,16,6.1
46.976,-6.9459,-4.2258,0.0,0.0,0.0,0.0,16,6.1
47.027,-6.9459,-4.2258,0.0,0.0,0.0,0.0,16,6.1
47.036,-6.9459,-4.2258,0.0,0.0,0.0,0.0,16,6.1
47.036,-6.9459,-4.2258,0.0,0.0,0.0,0.0,16,6.2
47.087,-6.9459,-4.2258,0.0,0.0,0.0,0.0,16,6.2
47.096,-6.9459,-4.2258,0.0,0.0,0.0,0.0,16,6.2
47.096,-6.9459,-4.2258,0.0,0.0,0.0,0.0,16,6.2
47.147,-6.9459,-4.2258,0.0,0.0,0.0,0.0,16,6.2
47.156,-6.9459,-4.2258,0.0,0.0,0.0,0.0,16,6.2
47.156,-6.9459,-4.2258,0.0,0.0,0.0,0.0,16,6.2
47.206,-6.9459,-4.2258,0.0,0.0,0.0,0.0,16,6.2
47.216,-6.9459,-4.2258,0.0,0.0,0.0,0.0,16,6.2
47.217,-6.9459,-4.2258,0.0,0.0,0.0,0.0,16,6.1
47.267,-6.9459,-4.2258,0.0,0.0,0.0,0.0,16,6.1
47.276,-6.9459,-4.2258,0.0,0.0,0.0,0.0,16,6.1
47.276,-6.9459,-4.2258,0.0,0.0,0.0,0.0,16,6.1
47.326,-6.9459,-4.2258,0.0,0.0,0.0,0.0,16,6.1
47.335,-6.9459,-4.2258,0.0,0.0,0.0,0.0,16,6.1
47.336,-6.9459,-4.2258,0.0,0.0,0.0,0.0,16,6.1
47.386,-6.9459,-4.2258,0.0,0.0,0.0,0.0,16,6.1
47.396,-6.9459,-4.2258,0.0,0.0,0.0,0.0,16,6.1
47.396,-6.9459,-4.2258,0.0,0.0,0.0,0.0,16,6.1
47.446,-6.9459,-4.2258,0.0,0.0,0.0,0.0,16,6.1
47.456,-6.9459,-4.2258,0.0,0.0,0.0,0.0,16,6.1
47.456,-6.9459,-4.2258,0.0,0.0,0.0,0.0,16,6.2
47.506,-6.9459,-4.2258,0.0,0.0,0.0,0.0,16,6.2
47.506,-6.9459,-4.2258,0.0,0.0,0.0,0.0,16,6.1
47.557,-6.9459,-4.2258,0.0,0.0,0.0,0.0,16,6.1
47.558,-6.9459,-4.2258,0.0,0.0,0.0,0.0,16,6.1
47.608,-6.9459,-4.2258,0.0,0.0,0.0,0.0,16,6.1
47.616,-6.9459,-4.2258,0.0,0.0,0.0,0.0,16,6.1
47.616,-6.9459,-4.2258,0.0,0.0,0.0,0.0,16,6.2
47.666,-6.9459,-4.2258,0.0,0.0,0.0,0.0,16,6.2
47.676,-6.9459,-4.2258,0.0,0.0,0.0,0.0,16,6.2
47.676,-6.9459,-4.2258,0.0,0.0,0.0,0.0,16,6.1
47.727,-6.9459,-4.2258,0.0,0.0,0.0,0.0,16,6.1
47.736,-6.9459,-4.2258,0.0,0.0,0.0,0.0,16,6.1
47.736,-6.9459,-4.2258,0.0,0.0,0.0,0.0,16,6.1
47.786,-6.9459,-4.2258,0.0,0.0,0.0,0.0,16,6.1
47.796,-6.9459,-4.2258,0.0,0.0,0.0,0.0,16,6.1
47.796,-6.9459,-4.2258,0.0,0.0,0.0,0.0,16,6.1
47.846,-6.9459,-4.2258,0.0,0.0,0.0,0.0,16,6.1
47.856,-6.9459,-4.2258,0.0,0.0,0.0,0.0,16,6.1
47.856,-6.9459,-4.2258,0.0,0.0,0.0,0.0,16,6.2
47.906,-6.9459,-4.2258,0.0,0.0,0.0,0.0,16,6.2
47.916,-6.9459,-4.2258,0.0,0.0,0.0,0.0,16,6.2
47.916,-6.9459,-4.2258,0.0,0.0,0.0,0.0,16,6.1
47.966,-6.9459,-4.2258,0.0,0.0,0.0,0.0,16,6.1
47.976,-6.9459,-4.2258,0.0,0.0,0.0,0.0,16,6.1
47.976,-6.9459,-4.2258,0.0,0.0,0.0,0.0,16,6.2
48.026,-6.9459,-4.2258,0.0,0.0,0.0,0.0,16,6.2
48.036,-6.9459,-4.2258,0.0,0.0,0.0,0.0,16,6.2
48.036,-6.9459,-4.2258,0.0,0.0,0.0,0.0,16,6.2
48.086,-6.9459,-4.2258,0.0,0.0,0.0,0.0,16,6.2
48.096,-6.9459,-4.2258,0.0,0.0,0.0,0.0,16,6.2
48.096,-6.9459,-4.2258,0.0,0.0,0.0,0.0,16,6.1
48.147,-6.9459,-4.2258,0.0,0.0,0.0,0.0,16,6.1
48.156,-6.9459,-4.2258,0.0,0.0,0.0,0.0,16,6.1
48.156,-6.9459,-4.2258,0.0,0.0,0.0,0.0,16,6.2
48.206,-6.9459,-4.2258,0.0,0.0,0.0,0.0,16,6.2
48.216,-6.9459,-4.2258,0.0,0.0,0.0,0.0,16,6.2
48.216,-6.9459,-4.2258,0.0,0.0,0.0,0.0,16,6.1
48.266,-6.9459,-4.2258,0.0,0.0,0.0,0.0,16,6.1
48.276,-6.9459,-4.2258,0.0,0.0,0.0,0.0,16,6.1
48.276,-6.9459,-4.2258,0.0,0.0,0.0,0.0,16,6.1
48.326,-6.9459,-4.2258,0.0,0.0,0.0,0.0,16,6.1
48.337,-6.9459,-4.2258,0.0,0.0,0.0,0.0,16,6.1
48.337,-6.9459,-4.2258,0.0,0.0,0.0,0.0,16,6.1
48.388,-6.9459,-4.2258,0.0,0.0,0.0,0.0,16,6.1
48.396,-6.9459,-4.2258,0.0,0.0,0.0,0.0,16,6.1
48.396,-6.9459,-4.2258,0.0,0.0,0.0,0.0,16,6.1
48.446,-6.9459,-4.2258,0.0,0.0,0.0,0.0,16,6.1
48.456,-6.9459,-4.2258,0.0,0.0,0.0,0.0,16,6.1
48.456,-6.9459,-4.2258,0.0,0.0,0.0,0.0,16,6.1
48.506,-6.9459,-4.2258,0.0,0.0,0.0,0.0,16,6.1
48.516,-6.9459,-4.2258,0.0,0.0,0.0,0.0,16,6.1
48.516,-6.9459,-4.2258,0.0,0.0,0.0,0.0,16,6.1
48.566,-6.9459,-4.2258,0.0,0.0,0.0,0.0,16,6.1
48.576,-6.9459,-4.2258,0.0,0.0,0.0,0.0,16,6.1
48.576,-6.9459,-4.2258,0.0,0.0,0.0,0.0,16,6.1
48.626,-6.9459,-4.2258,0.0,0.0,0.0,0.0,16,6.1
48.636,-6.9459,-4.2258,0.0,0.0,0.0,0.0,16,6.1
48.636,-6.9459,-4.2258,0.0,0.0,0.0,0.0,16,6.1
48.686,-6.9459,-4.2258,0.0,0.0,0.0,0.0,16,6.1
48.696,-6.9459,-4.2258,0.0,0.0,0.0,0.0,16,6.1
48.696,-6.9459,-4.2258,0.0,0.0,0.0,0.0,16,6.1
48.746,-6.9459,-4.2258,0.0,0.0,0.0,0.0,16,6.1
48.756,-6.9459,-4.2258,0.0,0.0,0.0,0.0,16,6.1
48.756,-6.9459,-4.2258,0.0,0.0,0.0,0.0,16,6.1
48.806,-6.9459,-4.2258,0.0,0.0,0.0,0.0,16,6.1
48.816,-6.9459,-4.2258,0.0,0.0,0.0,0.0,16,6.1
48.816,-6.9459,-4.2258,0.0,0.0,0.0,0.0,16,6.1
48.866,-6.9459,-4.2258,0.0,0.0,0.0,0.0,16,6.1
48.876,-6.9459,-4.2258,0.0,0.0,0.0,0.0,16,6.1
48.876,-6.9459,-4.2258,0.0,0.0,0.0,0.0,16,6.1
48.926,-6.9459,-4.2258,0.0,0.0,0.0,0.0,16,6.1
48.936,-6.9459,-4.2258,0.0,0.0,0.0,0.0,16,6.1
48.936,-6.9459,-4.2258,0.0,0.0,0.0,0.0,16,6.1
48.986,-6.9459,-4.2258,0.0,0.0,0.0,0.0,16,6.1
48.996,-6.9459,-4.2258,0.0,0.0,0.0,0.0,16,6.1
48.996,-6.9459,-4.2258,0.0,0.0,0.0,0.0,16,6.1
49.046,-6.9459,-4.2258,0.0,0.0,0.0,0.0,16,6.1
49.056,-6.9459,-4.2258,0.0,0.0,0.0,0.0,16,6.1
49.056,-6.9459,-4.2258,0.0,0.0,0.0,0.0,16,6.1
49.106,-6.9459,-4.2258,0.0,0.0,0.0,0.0,16,6.1
49.116,-6.9459,-4.2258,0.0,0.0,0.0,0.0,16,6.1
49.116,-6.9459,-4.2258,0.0,0.0,0.0,0.0,16,6.1
49.166,-6.9459,-4.2258,0.0,0.0,0.0,0.0,16,6.1
49.176,-6.9459,-4.2258,0.0,0.0,0.0,0.0,16,6.1
49.176,-6.9459,-4.2258,0.0,0.0,0.0,0.0,16,6.1
49.226,-6.9459,-4.2258,0.0,0.0,0.0,0.0,16,6.1
49.236,-6.9459,-4.2258,0.0,0.0,0.0,0.0,16,6.1
49.236,-6.9459,-4.2258,0.0,0.0,0.0,0.0,16,6.1
49.286,-6.9459,-4.2258,0.0,0.0,0.0,0.0,16,6.1
49.295,-6.9459,-4.2258,0.0,0.0,0.0,0.0,16,6.1
49.296,-6.9459,-4.2258,0.0,0.0,0.0,0.0,16,6.1
49.346,-6.9459,-4.2258,0.0,0.0,0.0,0.0,16,6.1
49.355,-6.9459,-4.2258,0.0,0.0,0.0,0.0,16,6.1
49.356,-6.9459,-4.2258,0.0,0.0,0.0,0.0,16,6.1
49.406,-6.9459,-4.2258,0.0,0.0,0.0,0.0,16,6.1
49.415,-6.9459,-4.2258,0.0,0.0,0.0,0.0,16,6.1
49.416,-6.9459,-4.2258,0.0,0.0,0.0,0.0,16,6.1
49.466,-6.9459,-4.2258,0.0,0.0,0.0,0.0,16,6.1
49.476,-6.9459,-4.2258,0.0,0.0,0.0,0.0,16,6.1
49.476,-6.9459,-4.2258,0.0,0.0,0.0,0.0,16,6.1
49.526,-6.9459,-4.2258,0.0,0.0,0.0,0.0,16,6.1
49.536,-6.9459,-4.2258,0.0,0.0,0.0,0.0,16,6.1
49.536,-6.9459,-4.2258,0.0,0.0,0.0,0.0,16,6.1
49.586,-6.9459,-4.2258,0.0,0.0,0.0,0.0,16,6.1
49.596,-6.9459,-4.2258,0.0,0.0,0.0,0.0,16,6.1
49.596,-6.9459,-4.2258,0.0,0.0,0.0,0.0,16,6.1
49.646,-6.9459,-4.2258,0.0,0.0,0.0,0.0,16,6.1
49.656,-6.9459,-4.2258,0.0,0.0,0.0,0.0,16,6.1
49.656,-6.9459,-4.2258,0.0,0.0,0.0,0.0,16,6.1
49.707,-6.9459,-4.2258,0.0,0.0,0.0,0.0,16,6.1
49.716,-6.9459,-4.2258,0.0,0.0,0.0,0.0,16,6.1
49.716,-6.9459,-4.2258,0.0,0.0,0.0,0.0,16,6.1
49.766,-6.9459,-4.2258,0.0,0.0,0.0,0.0,16,6.1
49.777,-6.9459,-4.2258,0.0,0.0,0.0,0.0,16,6.1
49.777,-6.9459,-4.2258,0.0,0.0,0.0,0.0,16,6.1
49.827,-6.9459,-4.2258,0.0,0.0,0.0,0.0,16,6.1
49.836,-6.9459,-4.2258,0.0,0.0,0.0,0.0,16,6.1
49.836,-6.9459,-4.2258,0.0,0.0,0.0,0.0,16,6.1
49.886,-6.9459,-4.2258,0.0,0.0,0.0,0.0,16,6.1
49.896,-6.9459,-4.2258,0.0,0.0,0.0,0.0,16,6.1
49.896,-6.9459,-4.2258,0.0,0.0,0.0,0.0,16,6.1
49.946,-6.9459,-4.2258,0.0,0.0,0.0,0.0,16,6.1
49.956,-6.9459,-4.2258,0.0,0.0,0.0,0.0,16,6.1
49.956,-6.9459,-4.2258,0.0,0.0,0.0,0.0,16,6.1
50.006,-6.9459,-4.2258,0.0,0.0,0.0,0.0,16,6.1
50.016,-6.9459,-4.2258,0.0,0.0,0.0,0.0,16,6.1
50.016,-6.9459,-4.2258,0.0,0.0,0.0,0.0,16,6.1
50.066,-6.9459,-4.2258,0.0,0.0,0.0,0.0,16,6.1
50.076,-6.9459,-4.2258,0.0,0.0,0.0,0.0,16,6.1
50.076,-6.9459,-4.2258,0.0,0.0,0.0,0.0,16,6.1
50.127,-6.9459,-4.2258,0.0,0.0,0.0,0.0,16,6.1
50.136,-6.9459,-4.2258,0.0,0.0,0.0,0.0,16,6.1
50.136,-6.9459,-4.2258,0.0,0.0,0.0,0.0,16,6.1
50.186,-6.9459,-4.2258,0.0,0.0,0.0,0.0,16,6.1
50.196,-6.9459,-4.2258,0.0,0.0,0.0,0.0,16,6.1
50.196,-6.9459,-4.2258,0.0,0.0,0.0,0.0,16,6.1
50.246,-6.9459,-4.2258,0.0,0.0,0.0,0.0,16,6.1
50.257,-6.9459,-4.2258,0.0,0.0,0.0,0.0,16,6.1
50.257,-6.9459,-4.2258,0.0,0.0,0.0,0.0,16,6.1
50.308,-6.9459,-4.2258,0.0,0.0,0.0,0.0,16,6.1
50.316,-6.9459,-4.2258,0.0,0.0,0.0,0.0,16,6.1
50.316,-6.9459,-4.2258,0.0,0.0,0.0,0.0,16,6.1
50.366,-6.9459,-4.2258,0.0,0.0,0.0,0.0,16,6.1
50.376,-6.9459,-4.2258,0.0,0.0,0.0,0.0,16,6.1
50.376,-6.9459,-4.2258,0.0,0.0,0.0,0.0,16,6.1
50.426,-6.9459,-4.2258,0.0,0.0,0.0,0.0,16,6.1
50.436,-6.9459,-4.2258,0.0,0.0,0.0,0.0,16,6.1
50.436,-6.9459,-4.2258,0.0,0.0,0.0,0.0,16,6.1
50.486,-6.9459,-4.2258,0.0,0.0,0.0,0.0,16,6.1
50.496,-6.9459,-4.2258,0.0,0.0,0.0,0.0,16,6.1
50.496,-6.9459,-4.2258,0.0,0.0,0.0,0.0,16,6.1
50.546,-6.9459,-4.2258,0.0,0.0,0.0,0.0,16,6.1
50.555,-6.9459,-4.2258,0.0,0.0,0.0,0.0,16,6.1
50.556,-6.9459,-4.2258,0.0,0.0,0.0,0.0,16,6.1
50.606,-6.9459,-4.2258,0.0,0.0,0.0,0.0,16,6.1
50.616,-6.9459,-4.2258,0.0,0.0,0.0,0.0,16,6.1
50.616,-6.9459,-4.2258,0.0,0.0,0.0,0.0,16,6.1
50.666,-6.9459,-4.2258,0.0,0.0,0.0,0.0,16,6.1
50.676,-6.9459,-4.2258,0.0,0.0,0.0,0.0,16,6.1
50.676,-6.9459,-4.2258,0.0,0.0,0.0,0.0,16,6.1
50.727,-6.9459,-4.2258,0.0,0.0,0.0,0.0,16,6.1
50.736,-6.9459,-4.2258,0.0,0.0,0.0,0.0,16,6.1
50.736,-6.9459,-4.2258,0.0,0.0,0.0,0.0,16,6.1
50.786,-6.9459,-4.2258,0.0,0.0,0.0,0.0,16,6.1
50.795,-6.9459,-4.2258,0.0,0.0,0.0,0.0,16,6.1
50.795,-6.9459,-4.2258,0.0,0.0,0.0,0.0,16,6.1
50.846,-6.9459,-4.2258,0.0,0.0,0.0,0.0,16,6.1
50.856,-6.9459,-4.2258,0.0,0.0,0.0,0.0,16,6.1
50.856,-6.9459,-4.2258,0.0,0.0,0.0,0.0,16,6.1
50.906,-6.9459,-4.2258,0.0,0.0,0.0,0.0,16,6.1
50.916,-6.9459,-4.2258,0.0,0.0,0.0,0.0,16,6.1
50.916,-6.9459,-4.2258,0.0,0.0,0.0,0.0,16,6.1
50.966,-6.9459,-4.2258,0.0,0.0,0.0,0.0,16,6.1
50.976,-6.9459,-4.2258,0.0,0.0,0.0,0.0,16,6.1
50.976,-6.9459,-4.2258,0.0,0.0,0.0,0.0,16,6.1
51.026,-6.9459,-4.2258,0.0,0.0,0.0,0.0,16,6.1
51.038,-6.9459,-4.2258,0.0,0.0,0.0,0.0,16,6.1
51.038,-6.9459,-4.2258,0.0,0.0,0.0,0.0,16,6.1
51.089,-6.9459,-4.2258,0.0,0.0,0.0,0.0,16,6.1
51.096,-6.9459,-4.2258,0.0,0.0,0.0,0.0,16,6.1
51.096,-6.9459,-4.2258,0.0,0.0,0.0,0.0,16,6.1
51.146,-6.9459,-4.2258,0.0,0.0,0.0,0.0,16,6.1
51.156,-6.9459,-4.2258,0.0,0.0,0.0,0.0,16,6.1
51.156,-6.9459,-4.2258,0.0,0.0,0.0,0.0,16,6.1
51.206,-6.9459,-4.2258,0.0,0.0,0.0,0.0,16,6.1
51.206,-6.9459,-4.2258,0.0,0.0,0.0,0.0,16,6.1
51.256,-6.9459,-4.2258,0.0,0.0,0.0,0.0,16,6.1
51.265,-6.9459,-4.2258,0.0,0.0,0.0,0.0,16,6.1
51.315,-6.9459,-4.2258,0.0,0.0,0.0,0.0,16,6.1
51.316,-6.9459,-4.2258,0.0,0.0,0.0,0.0,16,6.1
51.316,-6.9459,-4.2258,0.0,0.0,0.0,0.0,16,6.1
51.367,-6.9459,-4.2258,0.0,0.0,0.0,0.0,16,6.1
51.376,-6.9459,-4.2258,0.0,0.0,0.0,0.0,16,6.1
51.376,-6.9459,-4.2258,0.0,0.0,0.0,0.0,16,6.1
51.426,-6.9459,-4.2258,0.0,0.0,0.0,0.0,16,6.1
51.436,-6.9459,-4.2258,0.0,0.0,0.0,0.0,16,6.1
51.436,-6.9459,-4.2258,0.0,0.0,0.0,0.0,16,6.1
51.487,-6.9459,-4.2258,0.0,0.0,0.0,0.0,16,6.1
51.496,-6.9459,-4.2258,0.0,0.0,0.0,0.0,16,6.1
51.496,-6.9459,-4.2258,0.0,0.0,0.0,0.0,16,6.1
51.546,-6.9459,-4.2258,0.0,0.0,0.0,0.0,16,6.1
51.556,-6.9459,-4.2258,0.0,0.0,0.0,0.0,16,6.1
51.556,-6.9459,-4.2258,0.0,0.0,0.0,0.0,16,6.1
51.606,-6.9459,-4.2258,0.0,0.0,0.0,0.0,16,6.1
51.616,-6.9459,-4.2258,0.0,0.0,0.0,0.0,16,6.1
51.616,-6.9459,-4.2258,0.0,0.0,0.0,0.0,16,6.1
51.666,-6.9459,-4.2258,0.0,0.0,0.0,0.0,16,6.1
51.676,-6.9459,-4.2258,0.0,0.0,0.0,0.0,16,6.1
51.677,-6.9459,-4.2258,0.0,0.0,0.0,0.0,16,6.1
51.727,-6.9459,-4.2258,0.0,0.0,0.0,0.0,16,6.1
51.736,-6.9459,-4.2258,0.0,0.0,0.0,0.0,16,6.1
51.736,-6.9459,-4.2258,0.0,0.0,0.0,0.0,16,6.1
51.786,-6.9459,-4.2258,0.0,0.0,0.0,0.0,16,6.1
51.795,-6.9459,-4.2258,0.0,0.0,0.0,0.0,16,6.1
51.796,-6.9459,-4.2258,0.0,0.0,0.0,0.0,16,6.1
51.846,-6.9459,-4.2258,0.0,0.0,0.0,0.0,16,6.1
51.856,-6.9459,-4.2258,0.0,0.0,0.0,0.0,16,6.1
51.856,-6.9459,-4.2258,0.0,0.0,0.0,0.0,16,6.1
51.906,-6.9459,-4.2258,0.0,0.0,0.0,0.0,16,6.1
51.906,-6.9459,-4.2258,0.0,0.0,0.0,0.0,16,6.0
51.957,-6.9459,-4.2258,0.0,0.0,0.0,0.0,16,6.0
51.965,-6.9459,-4.2258,0.0,0.0,0.0,0.0,16,6.0
51.966,-6.9459,-4.2258,0.0,0.0,0.0,0.0,16,6.1
52.016,-6.9459,-4.2258,0.0,0.0,0.0,0.0,16,6.1
52.016,-6.9459,-4.2258,0.0,0.0,0.0,0.0,16,6.1
52.066,-6.9459,-4.2258,0.0,0.0,0.0,0.0,16,6.1
52.076,-6.9459,-4.2258,0.0,0.0,0.0,0.0,16,6.1
52.076,-6.9459,-4.2258,0.0,0.0,0.0,0.0,16,6.1
52.127,-6.9459,-4.2258,0.0,0.0,0.0,0.0,16,6.1
52.136,-6.9459,-4.2258,0.0,0.0,0.0,0.0,16,6.1
52.136,-6.9459,-4.2258,0.0,0.0,0.0,0.0,16,6.1
52.187,-6.9459,-4.2258,0.0,0.0,0.0,0.0,16,6.1
52.196,-6.9459,-4.2258,0.0,0.0,0.0,0.0,16,6.1
52.196,-6.9459,-4.2258,0.0,0.0,0.0,0.0,16,6.1
52.246,-6.9459,-4.2258,0.0,0.0,0.0,0.0,16,6.1
52.257,-6.9459,-4.2258,0.0,0.0,0.0,0.0,16,6.1
52.257,-6.9459,-4.2258,0.0,0.0,0.0,0.0,16,6.0
52.307,-6.9459,-4.2258,0.0,0.0,0.0,0.0,16,6.0
52.316,-6.9459,-4.2258,0.0,0.0,0.0,0.0,16,6.0
52.316,-6.9459,-4.2258,0.0,0.0,0.0,0.0,16,6.1
52.366,-6.9459,-4.2258,0.0,0.0,0.0,0.0,16,6.1
52.378,-6.9459,-4.2258,0.0,0.0,0.0,0.0,16,6.1
52.378,-6.9459,-4.2258,0.0,0.0,0.0,0.0,16,6.0
52.428,-6.9459,-4.2258,0.0,0.0,0.0,0.0,16,6.0
52.436,-6.9459,-4.2258,0.0,0.0,0.0,0.0,16,6.0
52.436,-6.9459,-4.2258,0.0,0.0,0.0,0.0,16,6.0
52.486,-6.9459,-4.2258,0.0,0.0,0.0,0.0,16,6.0
52.495,-6.9459,-4.2258,0.0,0.0,0.0,0.0,16,6.0
52.496,-6.9459,-4.2258,0.0,0.0,0.0,0.0,16,6.0
52.546,-6.9459,-4.2258,0.0,0.0,0.0,0.0,16,6.0
52.556,-6.9459,-4.2258,0.0,0.0,0.0,0.0,16,6.0
52.556,-6.9459,-4.2258,0.0,0.0,0.0,0.0,16,6.1
52.606,-6.9459,-4.2258,0.0,0.0,0.0,0.0,16,6.1
52.615,-6.9459,-4.2258,0.0,0.0,0.0,0.0,16,6.1
52.616,-6.9459,-4.2258,0.0,0.0,0.0,0.0,16,6.1
52.666,-6.9459,-4.2258,0.0,0.0,0.0,0.0,16,6.1
52.676,-6.9459,-4.2258,0.0,0.0,0.0,0.0,16,6.1
52.676,-6.9459,-4.2258,0.0,0.0,0.0,0.0,16,6.0
52.727,-6.9459,-4.2258,0.0,0.0,0.0,0.0,16,6.0
52.735,-6.9459,-4.2258,0.0,0.0,0.0,0.0,16,6.0
52.735,-6.9459,-4.2258,0.0,0.0,0.0,0.0,16,6.0
52.786,-6.9459,-4.2258,0.0,0.0,0.0,0.0,16,6.0
52.796,-6.9459,-4.2258,0.0,0.0,0.0,0.0,16,6.0
52.796,-6.9459,-4.2258,0.0,0.0,0.0,0.0,16,6.1
52.847,-6.9459,-4.2258,0.0,0.0,0.0,0.0,16,6.1
52.856,-6.9459,-4.2258,0.0,0.0,0.0,0.0,16,6.1
52.856,-6.9459,-4.2258,0.0,0.0,0.0,0.0,16,6.0
52.906,-6.9459,-4.2258,0.0,0.0,0.0,0.0,16,6.0
52.916,-6.9459,-4.2258,0.0,0.0,0.0,0.0,16,6.0
52.916,-6.9459,-4.2258,0.0,0.0,0.0,0.0,16,6.1
52.966,-6.9459,-4.2258,0.0,0.0,0.0,0.0,16,6.1
52.976,-6.9459,-4.2258,0.0,0.0,0.0,0.0,16,6.1
52.976,-6.9459,-4.2258,0.0,0.0,0.0,0.0,16,6.1
53.027,-6.9459,-4.2258,0.0,0.0,0.0,0.0,16,6.1
53.036,-6.9459,-4.2258,0.0,0.0,0.0,0.0,16,6.1
53.036,-6.9459,-4.2258,0.0,0.0,0.0,0.0,16,6.1
53.086,-6.9459,-4.2258,0.0,0.0,0.0,0.0,16,6.1
53.096,-6.9459,-4.2258,0.0,0.0,0.0,0.0,16,6.1
53.096,-6.9459,-4.2258,0.0,0.0,0.0,0.0,16,6.0
53.146,-6.9459,-4.2258,0.0,0.0,0.0,0.0,16,6.0
53.156,-6.9459,-4.2258,0.0,0.0,0.0,0.0,16,6.0
53.156,-6.9459,-4.2258,0.0,0.0,0.0,0.0,16,6.0
53.206,-6.9459,-4.2258,0.0,0.0,0.0,0.0,16,6.0
53.217,-6.9459,-4.2258,0.0,0.0,0.0,0.0,16,6.0
53.217,-6.9459,-4.2258,0.0,0.0,0.0,0.0,16,6.1
53.267,-6.9459,-4.2258,0.0,0.0,0.0,0.0,16,6.1
53.276,-6.9459,-4.2258,0.0,0.0,0.0,0.0,16,6.1
53.276,-6.9459,-4.2258,0.0,0.0,0.0,0.0,16,6.1
53.326,-6.9459,-4.2258,0.0,0.0,0.0,0.0,16,6.1
53.336,-6.9459,-4.2258,0.0,0.0,0.0,0.0,16,6.1
53.336,-6.9459,-4.2258,0.0,0.0,0.0,0.0,16,6.0
53.386,-6.9459,-4.2258,0.0,0.0,0.0,0.0,16,6.0
53.396,-6.9459,-4.2258,0.0,0.0,0.0,0.0,16,6.0
53.396,-6.9459,-4.2258,0.0,0.0,0.0,0.0,16,6.1
53.446,-6.9459,-4.2258,0.0,0.0,0.0,0.0,16,6.1
53.446,-6.9459,-4.2258,0.0,0.0,0.0,0.0,16,6.1
53.496,-6.9459,-4.2258,0.0,0.0,0.0,0.0,16,6.1
53.506,-6.9459,-4.2258,0.0,0.0,0.0,0.0,16,6.1
53.506,-6.9459,-4.2258,0.0,0.0,0.0,0.0,16,6.0
53.556,-6.9459,-4.2258,0.0,0.0,0.0,0.0,16,6.0
53.556,-6.9459,-4.2258,0.0,0.0,0.0,0.0,16,6.0
53.607,-6.9459,-4.2258,0.0,0.0,0.0,0.0,16,6.0
53.616,-6.9459,-4.2258,0.0,0.0,0.0,0.0,16,6.0
53.616,-6.9459,-4.2258,0.0,0.0,0.0,0.0,16,6.0
53.666,-6.9459,-4.2258,0.0,0.0,0.0,0.0,16,6.0
53.676,-6.9459,-4.2258,0.0,0.0,0.0,0.0,16,6.0
53.677,-6.9459,-4.2258,0.0,0.0,0.0,0.0,16,6.0
53.727,-6.9459,-4.2258,0.0,0.0,0.0,0.0,16,6.0
53.735,-6.9459,-4.2258,0.0,0.0,0.0,0.0,16,6.0
53.736,-6.9459,-4.2258,0.0,0.0,0.0,0.0,16,6.0
53.786,-6.9459,-4.2258,0.0,0.0,0.0,0.0,16,6.0
53.796,-6.9459,-4.2258,0.0,0.0,0.0,0.0,16,6.0
53.796,-6.9459,-4.2258,0.0,0.0,0.0,0.0,16,6.1
53.846,-6.9459,-4.2258,0.0,0.0,0.0,0.0,16,6.1
53.856,-6.9459,-4.2258,0.0,0.0,0.0,0.0,16,6.1
53.856,-6.9459,-4.2258,0.0,0.0,0.0,0.0,16,6.0
53.906,-6.9459,-4.2258,0.0,0.0,0.0,0.0,16,6.0
53.916,-6.9459,-4.2258,0.0,0.0,0.0,0.0,16,6.0
53.916,-6.9459,-4.2258,0.0,0.0,0.0,0.0,16,6.1
53.966,-6.9459,-4.2258,0.0,0.0,0.0,0.0,16,6.1
53.976,-6.9459,-4.2258,0.0,0.0,0.0,0.0,16,6.1
53.977,-6.9459,-4.2258,0.0,0.0,0.0,0.0,16,6.0
54.027,-6.9459,-4.2258,0.0,0.0,0.0,0.0,16,6.0
54.036,-6.9459,-4.2258,0.0,0.0,0.0,0.0,16,6.0
54.036,-6.9459,-4.2258,0.0,0.0,0.0,0.0,16,6.0
54.086,-6.9459,-4.2258,0.0,0.0,0.0,0.0,16,6.0
54.095,-6.9459,-4.2258,0.0,0.0,0.0,0.0,16,6.0
54.096,-6.9459,-4.2258,0.0,0.0,0.0,0.0,16,6.1
54.146,-6.9459,-4.2258,0.0,0.0,0.0,0.0,16,6.1
54.156,-6.9459,-4.2258,0.0,0.0,0.0,0.0,16,6.1
54.156,-6.9459,-4.2258,0.0,0.0,0.0,0.0,16,6.0
54.206,-6.9459,-4.2258,0.0,0.0,0.0,0.0,16,6.0
54.216,-6.9459,-4.2258,0.0,0.0,0.0,0.0,16,6.0
54.216,-6.9459,-4.2258,0.0,0.0,0.0,0.0,16,6.0
54.266,-6.9459,-4.2258,0.0,0.0,0.0,0.0,16,6.0
54.277,-6.9459,-4.2258,0.0,0.0,0.0,0.0,16,6.0
54.277,-6.9459,-4.2258,0.0,0.0,0.0,0.0,16,6.0
54.327,-6.9459,-4.2258,0.0,0.0,0.0,0.0,16,6.0
54.336,-6.9459,-4.2258,0.0,0.0,0.0,0.0,16,6.0
54.336,-6.9459,-4.2258,0.0,0.0,0.0,0.0,16,6.0
54.386,-6.9459,-4.2258,0.0,0.0,0.0,0.0,16,6.0
54.396,-6.9459,-4.2258,0.0,0.0,0.0,0.0,16,6.0
54.396,-6.9459,-4.2258,0.0,0.0,0.0,0.0,16,6.0
54.447,-6.9459,-4.2258,0.0,0.0,0.0,0.0,16,6.0
54.456,-6.9459,-4.2258,0.0,0.0,0.0,0.0,16,6.0
54.456,-6.9459,-4.2258,0.0,0.0,0.0,0.0,16,6.0
54.507,-6.9459,-4.2258,0.0,0.0,0.0,0.0,16,6.0
54.516,-6.9459,-4.2258,0.0,0.0,0.0,0.0,16,6.0
54.516,-6.9459,-4.2258,0.0,0.0,0.0,0.0,16,6.0
54.566,-6.9459,-4.2258,0.0,0.0,0.0,0.0,16,6.0
54.576,-6.9459,-4.2258,0.0,0.0,0.0,0.0,16,6.0
54.576,-6.9459,-4.2258,0.0,0.0,0.0,0.0,16,6.0
54.627,-6.9459,-4.2258,0.0,0.0,0.0,0.0,16,6.0
54.636,-6.9459,-4.2258,0.0,0.0,0.0,0.0,16,6.0
54.636,-6.9459,-4.2258,0.0,0.0,0.0,0.0,16,6.0
54.686,-6.9459,-4.2258,0.0,0.0,0.0,0.0,16,6.0
54.696,-6.9459,-4.2258,0.0,0.0,0.0,0.0,16,6.0
54.696,-6.9459,-4.2258,0.0,0.0,0.0,0.0,16,6.1
54.746,-6.9459,-4.2258,0.0,0.0,0.0,0.0,16,6.1
54.756,-6.9459,-4.2258,0.0,0.0,0.0,0.0,16,6.1
54.756,-6.9459,-4.2258,0.0,0.0,0.0,0.0,16,6.0
54.806,-6.9459,-4.2258,0.0,0.0,0.0,0.0,16,6.0
54.816,-6.9459,-4.2258,0.0,0.0,0.0,0.0,16,6.0
54.816,-6.9459,-4.2258,0.0,0.0,0.0,0.0,16,6.0
54.866,-6.9459,-4.2258,0.0,0.0,0.0,0.0,16,6.0
54.876,-6.9459,-4.2258,0.0,0.0,0.0,0.0,16,6.0
54.876,-6.9459,-4.2258,0.0,0.0,0.0,0.0,16,6.1
54.927,-6.9459,-4.2258,0.0,0.0,0.0,0.0,16,6.1
54.936,-6.9459,-4.2258,0.0,0.0,0.0,0.0,16,6.1
54.936,-6.9459,-4.2258,0.0,0.0,0.0,0.0,16,6.0
54.986,-6.9459,-4.2258,0.0,0.0,0.0,0.0,16,6.0
54.995,-6.9459,-4.2258,0.0,0.0,0.0,0.0,16,6.0
54.996,-6.9459,-4.2258,0.0,0.0,0.0,0.0,16,6.0
55.046,-6.9459,-4.2258,0.0,0.0,0.0,0.0,16,6.0
55.056,-6.9459,-4.2258,0.0,0.0,0.0,0.0,16,6.0
55.056,-6.9459,-4.2258,0.0,0.0,0.0,0.0,16,6.0
55.106,-6.9459,-4.2258,0.0,0.0,0.0,0.0,16,6.0
55.116,-6.9459,-4.2258,0.0,0.0,0.0,0.0,16,6.0
55.116,-6.9459,-4.2258,0.0,0.0,0.0,0.0,16,6.0
55.166,-6.9459,-4.2258,0.0,0.0,0.0,0.0,16,6.0
55.176,-6.9459,-4.2258,0.0,0.0,0.0,0.0,16,6.0
55.176,-6.9459,-4.2258,0.0,0.0,0.0,0.0,16,6.0
55.227,-6.9459,-4.2258,0.0,0.0,0.0,0.0,16,6.0
55.236,-6.9459,-4.2258,0.0,0.0,0.0,0.0,16,6.0
55.236,-6.9459,-4.2258,0.0,0.0,0.0,0.0,16,6.0
55.286,-6.9459,-4.2258,0.0,0.0,0.0,0.0,16,6.0
55.296,-6.9459,-4.2258,0.0,0.0,0.0,0.0,16,6.0
55.296,-6.9459,-4.2258,0.0,0.0,0.0,0.0,16,6.1
55.346,-6.9459,-4.2258,0.0,0.0,0.0,0.0,16,6.1
55.356,-6.9459,-4.2258,0.0,0.0,0.0,0.0,16,6.1
55.356,-6.9459,-4.2258,0.0,0.0,0.0,0.0,16,6.0
55.406,-6.9459,-4.2258,0.0,0.0,0.0,0.0,16,6.0
55.416,-6.9459,-4.2258,0.0,0.0,0.0,0.0,16,6.0
55.416,-6.9459,-4.2258,0.0,0.0,0.0,0.0,16,6.0
55.467,-6.9459,-4.2258,0.0,0.0,0.0,0.0,16,6.0
55.476,-6.9459,-4.2258,0.0,0.0,0.0,0.0,16,6.0
55.476,-6.9459,-4.2258,0.0,0.0,0.0,0.0,16,6.0
55.526,-6.9459,-4.2258,0.0,0.0,0.0,0.0,16,6.0
55.535,-6.9459,-4.2258,0.0,0.0,0.0,0.0,16,6.0
55.536,-6.9459,-4.2258,0.0,0.0,0.0,0.0,16,6.0
55.586,-6.9459,-4.2258,0.0,0.0,0.0,0.0,16,6.0
55.596,-6.9459,-4.2258,0.0,0.0,0.0,0.0,16,6.0
55.596,-6.9459,-4.2258,0.0,0.0,0.0,0.0,16,6.0
55.646,-6.9459,-4.2258,0.0,0.0,0.0,0.0,16,6.0
55.656,-6.9459,-4.2258,0.0,0.0,0.0,0.0,16,6.0
55.656,-6.9459,-4.2258,0.0,0.0,0.0,0.0,16,6.0
55.706,-6.9459,-4.2258,0.0,0.0,0.0,0.0,16,6.0
55.716,-6.9459,-4.2258,0.0,0.0,0.0,0.0,16,6.0
55.716,-6.9459,-4.2258,0.0,0.0,0.0,0.0,16,6.0
55.766,-6.9459,-4.2258,0.0,0.0,0.0,0.0,16,6.0
55.776,-6.9459,-4.2258,0.0,0.0,0.0,0.0,16,6.0
55.776,-6.9459,-4.2258,0.0,0.0,0.0,0.0,16,6.0
55.826,-6.9459,-4.2258,0.0,0.0,0.0,0.0,16,6.0
55.836,-6.9459,-4.2258,0.0,0.0,0.0,0.0,16,6.0
55.836,-6.9459,-4.2258,0.0,0.0,0.0,0.0,16,6.0
55.886,-6.9459,-4.2258,0.0,0.0,0.0,0.0,16,6.0
55.896,-6.9459,-4.2258,0.0,0.0,0.0,0.0,16,6.0
55.896,-6.9459,-4.2258,0.0,0.0,0.0,0.0,16,6.0
55.946,-6.9459,-4.2258,0.0,0.0,0.0,0.0,16,6.0
55.956,-6.9459,-4.2258,0.0,0.0,0.0,0.0,16,6.0
55.956,-6.9459,-4.2258,0.0,0.0,0.0,0.0,16,6.0
56.006,-6.9459,-4.2258,0.0,0.0,0.0,0.0,16,6.0
56.016,-6.9459,-4.2258,0.0,0.0,0.0,0.0,16,6.0
56.016,-6.9459,-4.2258,0.0,0.0,0.0,0.0,16,6.0
56.066,-6.9459,-4.2258,0.0,0.0,0.0,0.0,16,6.0
56.076,-6.9459,-4.2258,0.0,0.0,0.0,0.0,16,6.0
56.076,-6.9459,-4.2258,0.0,0.0,0.0,0.0,16,6.0
56.126,-6.9459,-4.2258,0.0,0.0,0.0,0.0,16,6.0
56.136,-6.9459,-4.2258,0.0,0.0,0.0,0.0,16,6.0
56.136,-6.9459,-4.2258,0.0,0.0,0.0,0.0,16,6.0
56.186,-6.9459,-4.2258,0.0,0.0,0.0,0.0,16,6.0
56.196,-6.9459,-4.2258,0.0,0.0,0.0,0.0,16,6.0
56.196,-6.9459,-4.2258,0.0,0.0,0.0,0.0,16,6.0
56.246,-6.9459,-4.2258,0.0,0.0,0.0,0.0,16,6.0
56.256,-6.9459,-4.2258,0.0,0.0,0.0,0.0,16,6.0
56.256,-6.9459,-4.2258,0.0,0.0,0.0,0.0,16,6.0
56.306,-6.9459,-4.2258,0.0,0.0,0.0,0.0,16,6.0
56.316,-6.9459,-4.2258,0.0,0.0,0.0,0.0,16,6.0
56.316,-6.9459,-4.2258,0.0,0.0,0.0,0.0,16,6.0
56.366,-6.9459,-4.2258,0.0,0.0,0.0,0.0,16,6.0
56.376,-6.9459,-4.2258,0.0,0.0,0.0,0.0,16,6.0
56.376,-6.9459,-4.2258,0.0,0.0,0.0,0.0,16,6.0
56.427,-6.9459,-4.2258,0.0,0.0,0.0,0.0,16,6.0
56.436,-6.9459,-4.2258,0.0,0.0,0.0,0.0,16,6.0
56.436,-6.9459,-4.2258,0.0,0.0,0.0,0.0,16,6.0
56.486,-6.9459,-4.2258,0.0,0.0,0.0,0.0,16,6.0
56.496,-6.9459,-4.2258,0.0,0.0,0.0,0.0,16,6.0
56.496,-6.9459,-4.2258,0.0,0.0,0.0,0.0,16,5.9
56.546,-6.9459,-4.2258,0.0,0.0,0.0,0.0,16,5.9
56.556,-6.9459,-4.2258,0.0,0.0,0.0,0.0,16,5.9
56.556,-6.9459,-4.2258,0.0,0.0,0.0,0.0,16,6.0
56.607,-6.9459,-4.2258,0.0,0.0,0.0,0.0,16,6.0
56.616,-6.9459,-4.2258,0.0,0.0,0.0,0.0,16,6.0
56.616,-6.9459,-4.2258,0.0,0.0,0.0,0.0,16,6.0
56.666,-6.9459,-4.2258,0.0,0.0,0.0,0.0,16,6.0
56.676,-6.9459,-4.2258,0.0,0.0,0.0,0.0,16,6.0
56.676,-6.9459,-4.2258,0.0,0.0,0.0,0.0,16,6.0
56.726,-6.9459,-4.2258,0.0,0.0,0.0,0.0,16,6.0
56.735,-6.9459,-4.2258,0.0,0.0,0.0,0.0,16,6.0
56.735,-6.9459,-4.2258,0.0,0.0,0.0,0.0,16,6.0
56.786,-6.9459,-4.2258,0.0,0.0,0.0,0.0,16,6.0
56.796,-6.9459,-4.2258,0.0,0.0,0.0,0.0,16,6.0
56.796,-6.9459,-4.2258,0.0,0.0,0.0,0.0,16,6.0
56.846,-6.9459,-4.2258,0.0,0.0,0.0,0.0,16,6.0
56.856,-6.9459,-4.2258,0.0,0.0,0.0,0.0,16,6.0
56.856,-6.9459,-4.2258,0.0,0.0,0.0,0.0,16,5.9
56.907,-6.9459,-4.2258,0.0,0.0,0.0,0.0,16,5.9
56.916,-6.9459,-4.2258,0.0,0.0,0.0,0.0,16,5.9
56.916,-6.9459,-4.2258,0.0,0.0,0.0,0.0,16,5.9
56.966,-6.9459,-4.2258,0.0,0.0,0.0,0.0,16,5.9
56.976,-6.9459,-4.2258,0.0,0.0,0.0,0.0,16,5.9
56.976,-6.9459,-4.2258,0.0,0.0,0.0,0.0,16,6.0
57.026,-6.9459,-4.2258,0.0,0.0,0.0,0.0,16,6.0
57.036,-6.9459,-4.2258,0.0,0.0,0.0,0.0,16,6.0
57.036,-6.9459,-4.2258,0.0,0.0,0.0,0.0,16,6.0
57.086,-6.9459,-4.2258,0.0,0.0,0.0,0.0,16,6.0
57.096,-6.9459,-4.2258,0.0,0.0,0.0,0.0,16,6.0
57.096,-6.9459,-4.2258,0.0,0.0,0.0,0.0,16,6.0
57.146,-6.9459,-4.2258,0.0,0.0,0.0,0.0,16,6.0
57.156,-6.9459,-4.2258,0.0,0.0,0.0,0.0,16,6.0
57.156,-6.9459,-4.2258,0.0,0.0,0.0,0.0,16,6.0
57.207,-6.9459,-4.2258,0.0,0.0,0.0,0.0,16,6.0
57.216,-6.9459,-4.2258,0.0,0.0,0.0,0.0,16,6.0
57.216,-6.9459,-4.2258,0.0,0.0,0.0,0.0,16,6.0
57.266,-6.9459,-4.2258,0.0,0.0,0.0,0.0,16,6.0
57.276,-6.9459,-4.2258,0.0,0.0,0.0,0.0,16,6.0
57.276,-6.9459,-4.2258,0.0,0.0,0.0,0.0,16,6.0
57.326,-6.9459,-4.2258,0.0,0.0,0.0,0.0,16,6.0
57.336,-6.9459,-4.2258,0.0,0.0,0.0,0.0,16,6.0
57.336,-6.9459,-4.2258,0.0,0.0,0.0,0.0,16,6.0
57.386,-6.9459,-4.2258,0.0,0.0,0.0,0.0,16,6.0
57.396,-6.9459,-4.2258,0.0,0.0,0.0,0.0,16,6.0
57.396,-6.9459,-4.2258,0.0,0.0,0.0,0.0,16,6.0
57.446,-6.9459,-4.2258,0.0,0.0,0.0,0.0,16,6.0
57.458,-6.9459,-4.2258,0.0,0.0,0.0,0.0,16,6.0
57.458,-6.9459,-4.2258,0.0,0.0,0.0,0.0,16,6.0
57.508,-6.9459,-4.2258,0.0,0.0,0.0,0.0,16,6.0
57.516,-6.9459,-4.2258,0.0,0.0,0.0,0.0,16,6.0
57.516,-6.9459,-4.2258,0.0,0.0,0.0,0.0,16,5.9
57.566,-6.9459,-4.2258,0.0,0.0,0.0,0.0,16,5.9
57.577,-6.9459,-4.2258,0.0,0.0,0.0,0.0,16,5.9
57.577,-6.9459,-4.2258,0.0,0.0,0.0,0.0,16,6.0
57.627,-6.9459,-4.2258,0.0,0.0,0.0,0.0,16,6.0
57.636,-6.9459,-4.2258,0.0,0.0,0.0,0.0,16,6.0
57.636,-6.9459,-4.2258,0.0,0.0,0.0,0.0,16,6.0
57.686,-6.9459,-4.2258,0.0,0.0,0.0,0.0,16,6.0
57.696,-6.9459,-4.2258,0.0,0.0,0.0,0.0,16,6.0
57.696,-6.9459,-4.2258,0.0,0.0,0.0,0.0,16,6.0
57.746,-6.9459,-4.2258,0.0,0.0,0.0,0.0,16,6.0
57.756,-6.9459,-4.2258,0.0,0.0,0.0,0.0,16,6.0
57.756,-6.9459,-4.2258,0.0,0.0,0.0,0.0,16,6.0
57.807,-6.9459,-4.2258,0.0,0.0,0.0,0.0,16,6.0
57.816,-6.9459,-4.2258,0.0,0.0,0.0,0.0,16,6.0
57.816,-6.9459,-4.2258,0.0,0.0,0.0,0.0,16,6.0
57.866,-6.9459,-4.2258,0.0,0.0,0.0,0.0,16,6.0
57.876,-6.9459,-4.2258,0.0,0.0,0.0,0.0,16,6.0
57.876,-6.9459,-4.2258,0.0,0.0,0.0,0.0,16,6.0
57.926,-6.9459,-4.2258,0.0,0.0,0.0,0.0,16,6.0
57.926,-6.9459,-4.2258,0.0,0.0,0.0,0.0,16,6.0
57.976,-6.9459,-4.2258,0.0,0.0,0.0,0.0,16,6.0
57.985,-6.9459,-4.2258,0.0,0.0,0.0,0.0,16,5.9
58.036,-6.9459,-4.2258,0.0,0.0,0.0,0.0,16,5.9
58.036,-6.9459,-4.2258,0.0,0.0,0.0,0.0,16,6.0
58.086,-6.9459,-4.2258,0.0,0.0,0.0,0.0,16,6.0
58.095,-6.9459,-4.2258,0.0,0.0,0.0,0.0,16,6.0
58.096,-6.9459,-4.2258,0.0,0.0,0.0,0.0,16,6.0
58.146,-6.9459,-4.2258,0.0,0.0,0.0,0.0,16,6.0
58.156,-6.9459,-4.2258,0.0,0.0,0.0,0.0,16,6.0
58.156,-6.9459,-4.2258,0.0,0.0,0.0,0.0,16,5.9
58.206,-6.9459,-4.2258,0.0,0.0,0.0,0.0,16,5.9
58.216,-6.9459,-4.2258,0.0,0.0,0.0,0.0,16,5.9
58.216,-6.9459,-4.2258,0.0,0.0,0.0,0.0,16,6.0
58.266,-6.9459,-4.2258,0.0,0.0,0.0,0.0,16,6.0
58.276,-6.9459,-4.2258,0.0,0.0,0.0,0.0,16,6.0
58.276,-6.9459,-4.2258,0.0,0.0,0.0,0.0,16,6.0
58.326,-6.9459,-4.2258,0.0,0.0,0.0,0.0,16,6.0
58.336,-6.9459,-4.2258,0.0,0.0,0.0,0.0,16,6.0
58.336,-6.9459,-4.2258,0.0,0.0,0.0,0.0,16,6.0
58.386,-6.9459,-4.2258,0.0,0.0,0.0,0.0,16,6.0
58.396,-6.9459,-4.2258,0.0,0.0,0.0,0.0,16,6.0
58.396,-6.9459,-4.2258,0.0,0.0,0.0,0.0,16,5.9
58.446,-6.9459,-4.2258,0.0,0.0,0.0,0.0,16,5.9
58.456,-6.9459,-4.2258,0.0,0.0,0.0,0.0,16,5.9
58.456,-6.9459,-4.2258,0.0,0.0,0.0,0.0,16,5.9
58.507,-6.9459,-4.2258,0.0,0.0,0.0,0.0,16,5.9
58.517,-6.9459,-4.2258,0.0,0.0,0.0,0.0,16,5.9
58.517,-6.9459,-4.2258,0.0,0.0,0.0,0.0,16,5.9
58.567,-6.9459,-4.2258,0.0,0.0,0.0,0.0,16,5.9
58.576,-6.9459,-4.2258,0.0,0.0,0.0,0.0,16,5.9
58.576,-6.9459,-4.2258,0.0,0.0,0.0,0.0,16,5.9
58.626,-6.9459,-4.2258,0.0,0.0,0.0,0.0,16,5.9
58.636,-6.9459,-4.2258,0.0,0.0,0.0,0.0,16,5.9
58.636,-6.9459,-4.2258,0.0,0.0,0.0,0.0,16,5.9
58.686,-6.9459,-4.2258,0.0,0.0,0.0,0.0,16,5.9
58.696,-6.9459,-4.2258,0.0,0.0,0.0,0.0,16,5.9
58.696,-6.9459,-4.2258,0.0,0.0,0.0,0.0,16,5.9
58.746,-6.9459,-4.2258,0.0,0.0,0.0,0.0,16,5.9
58.756,-6.9459,-4.2258,0.0,0.0,0.0,0.0,16,5.9
58.756,-6.9459,-4.2258,0.0,0.0,0.0,0.0,16,6.0
58.806,-6.9459,-4.2258,0.0,0.0,0.0,0.0,16,6.0
58.816,-6.9459,-4.2258,0.0,0.0,0.0,0.0,16,6.0
58.816,-6.9459,-4.2258,0.0,0.0,0.0,0.0,16,5.9
58.866,-6.9459,-4.2258,0.0,0.0,0.0,0.0,16,5.9
58.876,-6.9459,-4.2258,0.0,0.0,0.0,0.0,16,5.9
58.876,-6.9459,-4.2258,0.0,0.0,0.0,0.0,16,5.9
58.927,-6.9459,-4.2258,0.0,0.0,0.0,0.0,16,5.9
58.936,-6.9459,-4.2258,0.0,0.0,0.0,0.0,16,5.9
58.936,-6.9459,-4.2258,0.0,0.0,0.0,0.0,16,5.9
58.986,-6.9459,-4.2258,0.0,0.0,0.0,0.0,16,5.9
58.996,-6.9459,-4.2258,0.0,0.0,0.0,0.0,16,5.9
58.996,-6.9459,-4.2258,0.0,0.0,0.0,0.0,16,6.0
59.046,-6.9459,-4.2258,0.0,0.0,0.0,0.0,16,6.0
59.056,-6.9459,-4.2258,0.0,0.0,0.0,0.0,16,6.0
59.056,-6.9459,-4.2258,0.0,0.0,0.0,0.0,16,6.0
59.106,-6.9459,-4.2258,0.0,0.0,0.0,0.0,16,6.0
59.115,-6.9459,-4.2258,0.0,0.0,0.0,0.0,16,6.0
59.116,-6.9459,-4.2258,0.0,0.0,0.0,0.0,16,5.9
59.166,-6.9459,-4.2258,0.0,0.0,0.0,0.0,16,5.9
59.176,-6.9459,-4.2258,0.0,0.0,0.0,0.0,16,5.9
59.176,-6.9459,-4.2258,0.0,0.0,0.0,0.0,16,6.0
59.226,-6.9459,-4.2258,0.0,0.0,0.0,0.0,16,6.0
59.236,-6.9459,-4.2258,0.0,0.0,0.0,0.0,16,6.0
59.236,-6.9459,-4.2258,0.0,0.0,0.0,0.0,16,6.0
59.286,-6.9459,-4.2258,0.0,0.0,0.0,0.0,16,6.0
59.296,-6.9459,-4.2258,0.0,0.0,0.0,0.0,16,6.0
59.296,-6.9459,-4.2258,0.0,0.0,0.0,0.0,16,6.0
59.346,-6.9459,-4.2258,0.0,0.0,0.0,0.0,16,6.0
59.356,-6.9459,-4.2258,0.0,0.0,0.0,0.0,16,6.0
59.356,-6.9459,-4.2258,0.0,0.0,0.0,0.0,16,5.9
59.406,-6.9459,-4.2258,0.0,0.0,0.0,0.0,16,5.9
59.416,-6.9459,-4.2258,0.0,0.0,0.0,0.0,16,5.9
59.416,-6.9459,-4.2258,0.0,0.0,0.0,0.0,16,6.0
59.466,-6.9459,-4.2258,0.0,0.0,0.0,0.0,16,6.0
59.476,-6.9459,-4.2258,0.0,0.0,0.0,0.0,16,6.0
59.476,-6.9459,-4.2258,0.0,0.0,0.0,0.0,16,5.9
59.526,-6.9459,-4.2258,0.0,0.0,0.0,0.0,16,5.9
59.535,-6.9459,-4.2258,0.0,0.0,0.0,0.0,16,5.9
59.536,-6.9459,-4.2258,0.0,0.0,0.0,0.0,16,5.9
59.586,-6.9459,-4.2258,0.0,0.0,0.0,0.0,16,5.9
59.596,-6.9459,-4.2258,0.0,0.0,0.0,0.0,16,5.9
59.596,-6.9459,-4.2258,0.0,0.0,0.0,0.0,16,5.9
59.646,-6.9459,-4.2258,0.0,0.0,0.0,0.0,16,5.9
59.656,-6.9459,-4.2258,0.0,0.0,0.0,0.0,16,5.9
59.656,-6.9459,-4.2258,0.0,0.0,0.0,0.0,16,5.9
59.707,-6.9459,-4.2258,0.0,0.0,0.0,0.0,16,5.9
59.715,-6.9459,-4.2258,0.0,0.0,0.0,0.0,16,5.9
59.716,-6.9459,-4.2258,0.0,0.0,0.0,0.0,16,5.9
59.766,-6.9459,-4.2258,0.0,0.0,0.0,0.0,16,5.9
59.776,-6.9459,-4.2258,0.0,0.0,0.0,0.0,16,5.9
59.776,-6.9459,-4.2258,0.0,0.0,0.0,0.0,16,6.0
59.827,-6.9459,-4.2258,0.0,0.0,0.0,0.0,16,6.0
59.836,-6.9459,-4.2258,0.0,0.0,0.0,0.0,16,6.0
59.836,-6.9459,-4.2258,0.0,0.0,0.0,0.0,16,5.9
59.886,-6.9459,-4.2258,0.0,0.0,0.0,0.0,16,5.9
59.896,-6.9459,-4.2258,0.0,0.0,0.0,0.0,16,5.9
59.896,-6.9459,-4.2258,0.0,0.0,0.0,0.0,16,5.9
59.946,-6.9459,-4.2258,0.0,0.0,0.0,0.0,16,5.9
59.957,-6.9459,-4.2258,0.0,0.0,0.0,0.0,16,5.9
59.957,-6.9459,-4.2258,0.0,0.0,0.0,0.0,16,5.9
60.008,-6.9459,-4.2258,0.0,0.0,0.0,0.0,16,5.9
60.016,-6.9459,-4.2258,0.0,0.0,0.0,0.0,16,5.9
60.016,-6.9459,-4.2258,0.0,0.0,0.0,0.0,16,5.9
60.066,-6.9459,-4.2258,0.0,0.0,0.0,0.0,16,5.9
60.076,-6.9459,-4.2258,0.0,0.0,0.0,0.0,16,5.9
60.076,-6.9459,-4.2258,0.0,0.0,0.0,0.0,16,5.9
60.127,-6.9459,-4.2258,0.0,0.0,0.0,0.0,16,5.9
60.136,-6.9459,-4.2258,0.0,0.0,0.0,0.0,16,5.9
60.136,-6.9459,-4.2258,0.0,0.0,0.0,0.0,16,5.9
60.186,-6.9459,-4.2258,0.0,0.0,0.0,0.0,16,5.9
60.196,-6.9459,-4.2258,0.0,0.0,0.0,0.0,16,5.9
60.196,-6.9459,-4.2258,0.0,0.0,0.0,0.0,16,5.9
60.246,-6.9459,-4.2258,0.0,0.0,0.0,0.0,16,5.9
60.256,-6.9459,-4.2258,0.0,0.0,0.0,0.0,16,5.9
60.256,-6.9459,-4.2258,0.0,0.0,0.0,0.0,16,5.9
60.306,-6.9459,-4.2258,0.0,0.0,0.0,0.0,16,5.9
60.315,-6.9459,-4.2258,0.0,0.0,0.0,0.0,16,5.9
60.316,-6.9459,-4.2258,0.0,0.0,0.0,0.0,16,5.9
60.366,-6.9459,-4.2258,0.0,0.0,0.0,0.0,16,5.9
60.376,-6.9459,-4.2258,0.0,0.0,0.0,0.0,16,5.9
60.376,-6.9459,-4.2258,0.0,0.0,0.0,0.0,16,5.9
60.426,-6.9459,-4.2258,0.0,0.0,0.0,0.0,16,5.9
60.435,-6.9459,-4.2258,0.0,0.0,0.0,0.0,16,5.9
60.435,-6.9459,-4.2258,0.0,0.0,0.0,0.0,16,5.9
60.486,-6.9459,-4.2258,0.0,0.0,0.0,0.0,16,5.9
60.496,-6.9459,-4.2258,0.0,0.0,0.0,0.0,16,5.9
60.496,-6.9459,-4.2258,0.0,0.0,0.0,0.0,16,6.0
60.547,-6.9459,-4.2258,0.0,0.0,0.0,0.0,16,6.0
60.556,-6.9459,-4.2258,0.0,0.0,0.0,0.0,16,6.0
60.556,-6.9459,-4.2258,0.0,0.0,0.0,0.0,16,6.0
60.606,-6.9459,-4.2258,0.0,0.0,0.0,0.0,16,6.0
60.615,-6.9459,-4.2258,0.0,0.0,0.0,0.0,16,6.0
60.616,-6.9459,-4.2258,0.0,0.0,0.0,0.0,16,5.9
60.666,-6.9459,-4.2258,0.0,0.0,0.0,0.0,16,5.9
60.676,-6.9459,-4.2258,0.0,0.0,0.0,0.0,16,5.9
60.676,-6.9459,-4.2258,0.0,0.0,0.0,0.0,16,5.9
60.727,-6.9459,-4.2258,0.0,0.0,0.0,0.0,16,5.9
60.736,-6.9459,-4.2258,0.0,0.0,0.0,0.0,16,5.9
60.736,-6.9459,-4.2258,0.0,0.0,0.0,0.0,16,5.9
60.786,-6.9459,-4.2258,0.0,0.0,0.0,0.0,16,5.9
60.796,-6.9459,-4.2258,0.0,0.0,0.0,0.0,16,5.9
60.796,-6.9459,-4.2258,0.0,0.0,0.0,0.0,16,5.9
60.847,-6.9459,-4.2258,0.0,0.0,0.0,0.0,16,5.9
60.856,-6.9459,-4.2258,0.0,0.0,0.0,0.0,16,5.9
60.856,-6.9459,-4.2258,0.0,0.0,0.0,0.0,16,5.9
60.906,-6.9459,-4.2258,0.0,0.0,0.0,0.0,16,5.9
60.916,-6.9459,-4.2258,0.0,0.0,0.0,0.0,16,5.9
60.916,-6.9459,-4.2258,0.0,0.0,0.0,0.0,16,5.9
60.966,-6.9459,-4.2258,0.0,0.0,0.0,0.0,16,5.9
60.976,-6.9459,-4.2258,0.0,0.0,0.0,0.0,16,5.9
60.976,-6.9459,-4.2258,0.0,0.0,0.0,0.0,16,5.9
61.026,-6.9459,-4.2258,0.0,0.0,0.0,0.0,16,5.9
61.036,-6.9459,-4.2258,0.0,0.0,0.0,0.0,16,5.9
61.036,-6.9459,-4.2258,0.0,0.0,0.0,0.0,16,5.9
61.086,-6.9459,-4.2258,0.0,0.0,0.0,0.0,16,5.9
61.096,-6.9459,-4.2258,0.0,0.0,0.0,0.0,16,5.9
61.096,-6.9459,-4.2258,0.0,0.0,0.0,0.0,16,6.0
61.147,-6.9459,-4.2258,0.0,0.0,0.0,0.0,16,6.0
61.156,-6.9459,-4.2258,0.0,0.0,0.0,0.0,16,6.0
61.156,-6.9459,-4.2258,0.0,0.0,0.0,0.0,16,6.0
61.207,-6.9459,-4.2258,0.0,0.0,0.0,0.0,16,6.0
61.216,-6.9459,-4.2258,0.0,0.0,0.0,0.0,16,6.0
61.216,-6.9459,-4.2258,0.0,0.0,0.0,0.0,16,5.9
61.266,-6.9459,-4.2258,0.0,0.0,0.0,0.0,16,5.9
61.276,-6.9459,-4.2258,0.0,0.0,0.0,0.0,16,5.9
61.276,-6.9459,-4.2258,0.0,0.0,0.0,0.0,16,5.9
61.326,-6.9459,-4.2258,0.0,0.0,0.0,0.0,16,5.9
61.336,-6.9459,-4.2258,0.0,0.0,0.0,0.0,16,5.9
61.336,-6.9459,-4.2258,0.0,0.0,0.0,0.0,16,5.9
61.386,-6.9459,-4.2258,0.0,0.0,0.0,0.0,16,5.9
61.396,-6.9459,-4.2258,0.0,0.0,0.0,0.0,16,5.9
61.396,-6.9459,-4.2258,0.0,0.0,0.0,0.0,16,5.9
61.446,-6.9459,-4.2258,0.0,0.0,0.0,0.0,16,5.9
61.456,-6.9459,-4.2258,0.0,0.0,0.0,0.0,16,5.9
61.456,-6.9459,-4.2258,0.0,0.0,0.0,0.0,16,5.9
61.506,-6.9459,-4.2258,0.0,0.0,0.0,0.0,16,5.9
61.517,-6.9459,-4.2258,0.0,0.0,0.0,0.0,16,5.9
61.518,-6.9459,-4.2258,0.0,0.0,0.0,0.0,16,5.9
61.568,-6.9459,-4.2258,0.0,0.0,0.0,0.0,16,5.9
61.576,-6.9459,-4.2258,0.0,0.0,0.0,0.0,16,5.9
61.577,-6.9459,-4.2258,0.0,0.0,0.0,0.0,16,5.9
61.627,-6.9459,-4.2258,0.0,0.0,0.0,0.0,16,5.9
61.635,-6.9459,-4.2258,0.0,0.0,0.0,0.0,16,5.9
61.636,-6.9459,-4.2258,0.0,0.0,0.0,0.0,16,5.9
61.686,-6.9459,-4.2258,0.0,0.0,0.0,0.0,16,5.9
61.696,-6.9459,-4.2258,0.0,0.0,0.0,0.0,16,5.9
61.696,-6.9459,-4.2258,0.0,0.0,0.0,0.0,16,5.9
61.746,-6.9459,-4.2258,0.0,0.0,0.0,0.0,16,5.9
61.756,-6.9459,-4.2258,0.0,0.0,0.0,0.0,16,5.9
61.756,-6.9459,-4.2258,0.0,0.0,0.0,0.0,16,5.9
61.806,-6.9459,-4.2258,0.0,0.0,0.0,0.0,16,5.9
61.816,-6.9459,-4.2258,0.0,0.0,0.0,0.0,16,5.9
61.816,-6.9459,-4.2258,0.0,0.0,0.0,0.0,16,5.9
61.866,-6.9459,-4.2258,0.0,0.0,0.0,0.0,16,5.9
61.876,-6.9459,-4.2258,0.0,0.0,0.0,0.0,16,5.9
61.876,-6.9459,-4.2258,0.0,0.0,0.0,0.0,16,5.9
61.926,-6.9459,-4.2258,0.0,0.0,0.0,0.0,16,5.9
61.935,-6.9459,-4.2258,0.0,0.0,0.0,0.0,16,5.9
61.936,-6.9459,-4.2258,0.0,0.0,0.0,0.0,16,5.9
61.986,-6.9459,-4.2258,0.0,0.0,0.0,0.0,16,5.9
61.996,-6.9459,-4.2258,0.0,0.0,0.0,0.0,16,5.9
61.996,-6.9459,-4.2258,0.0,0.0,0.0,0.0,16,5.9
62.047,-6.9459,-4.2258,0.0,0.0,0.0,0.0,16,5.9
62.056,-6.9459,-4.2258,0.0,0.0,0.0,0.0,16,5.9
62.056,-6.9459,-4.2258,0.0,0.0,0.0,0.0,16,5.9
62.106,-6.9459,-4.2258,0.0,0.0,0.0,0.0,16,5.9
62.115,-6.9459,-4.2258,0.0,0.0,0.0,0.0,16,5.9
62.116,-6.9459,-4.2258,0.0,0.0,0.0,0.0,16,5.9
62.166,-6.9459,-4.2258,0.0,0.0,0.0,0.0,16,5.9
62.176,-6.9459,-4.2258,0.0,0.0,0.0,0.0,16,5.9
62.176,-6.9459,-4.2258,0.0,0.0,0.0,0.0,16,5.9
62.227,-6.9459,-4.2258,0.0,0.0,0.0,0.0,16,5.9
62.236,-6.9459,-4.2258,0.0,0.0,0.0,0.0,16,5.9
62.236,-6.9459,-4.2258,0.0,0.0,0.0,0.0,16,5.9
62.286,-6.9459,-4.2258,0.0,0.0,0.0,0.0,16,5.9
62.296,-6.9459,-4.2258,0.0,0.0,0.0,0.0,16,5.9
62.296,-6.9459,-4.2258,0.0,0.0,0.0,0.0,16,5.9
62.347,-6.9459,-4.2258,0.0,0.0,0.0,0.0,16,5.9
62.356,-6.9459,-4.2258,0.0,0.0,0.0,0.0,16,5.9
62.356,-6.9459,-4.2258,0.0,0.0,0.0,0.0,16,5.9
62.406,-6.9459,-4.2258,0.0,0.0,0.0,0.0,16,5.9
62.416,-6.9459,-4.2258,0.0,0.0,0.0,0.0,16,5.9
62.416,-6.9459,-4.2258,0.0,0.0,0.0,0.0,16,5.9
62.466,-6.9459,-4.2258,0.0,0.0,0.0,0.0,16,5.9
62.476,-6.9459,-4.2258,0.0,0.0,0.0,0.0,16,5.9
62.476,-6.9459,-4.2258,0.0,0.0,0.0,0.0,16,5.9
62.527,-6.9459,-4.2258,0.0,0.0,0.0,0.0,16,5.9
62.536,-6.9459,-4.2258,0.0,0.0,0.0,0.0,16,5.9
62.536,-6.9459,-4.2258,0.0,0.0,0.0,0.0,16,5.9
62.586,-6.9459,-4.2258,0.0,0.0,0.0,0.0,16,5.9
62.596,-6.9459,-4.2258,0.0,0.0,0.0,0.0,16,5.9
62.596,-6.9459,-4.2258,0.0,0.0,0.0,0.0,16,5.9
62.646,-6.9459,-4.2258,0.0,0.0,0.0,0.0,16,5.9
62.656,-6.9459,-4.2258,0.0,0.0,0.0,0.0,16,5.9
62.656,-6.9459,-4.2258,0.0,0.0,0.0,0.0,16,5.9
62.706,-6.9459,-4.2258,0.0,0.0,0.0,0.0,16,5.9
62.716,-6.9459,-4.2258,0.0,0.0,0.0,0.0,16,5.9
62.716,-6.9459,-4.2258,0.0,0.0,0.0,0.0,16,5.9
62.766,-6.9459,-4.2258,0.0,0.0,0.0,0.0,16,5.9
62.776,-6.9459,-4.2258,0.0,0.0,0.0,0.0,16,5.9
62.776,-6.9459,-4.2258,0.0,0.0,0.0,0.0,16,5.9
62.827,-6.9459,-4.2258,0.0,0.0,0.0,0.0,16,5.9
62.836,-6.9459,-4.2258,0.0,0.0,0.0,0.0,16,5.9
62.836,-6.9459,-4.2258,0.0,0.0,0.0,0.0,16,5.9
62.886,-6.9459,-4.2258,0.0,0.0,0.0,0.0,16,5.9
62.896,-6.9459,-4.2258,0.0,0.0,0.0,0.0,16,5.9
62.896,-6.9459,-4.2258,0.0,0.0,0.0,0.0,16,5.9
62.946,-6.9459,-4.2258,0.0,0.0,0.0,0.0,16,5.9
62.956,-6.9459,-4.2258,0.0,0.0,0.0,0.0,16,5.9
62.956,-6.9459,-4.2258,0.0,0.0,0.0,0.0,16,5.9
63.006,-6.9459,-4.2258,0.0,0.0,0.0,0.0,16,5.9
63.016,-6.9459,-4.2258,0.0,0.0,0.0,0.0,16,5.9
63.016,-6.9459,-4.2258,0.0,0.0,0.0,0.0,16,5.9
63.067,-6.9459,-4.2258,0.0,0.0,0.0,0.0,16,5.9
63.076,-6.9459,-4.2258,0.0,0.0,0.0,0.0,16,5.9
63.076,-6.9459,-4.2258,0.0,0.0,0.0,0.0,16,5.9
63.127,-6.9459,-4.2258,0.0,0.0,0.0,0.0,16,5.9
63.136,-6.9459,-4.2258,0.0,0.0,0.0,0.0,16,5.9
63.136,-6.9459,-4.2258,0.0,0.0,0.0,0.0,16,5.9
63.186,-6.9459,-4.2258,0.0,0.0,0.0,0.0,16,5.9
63.196,-6.9459,-4.2258,0.0,0.0,0.0,0.0,16,5.9
63.196,-6.9459,-4.2258,0.0,0.0,0.0,0.0,16,5.9
63.246,-6.9459,-4.2258,0.0,0.0,0.0,0.0,16,5.9
63.256,-6.9459,-4.2258,0.0,0.0,0.0,0.0,16,5.9
63.257,-6.9459,-4.2258,0.0,0.0,0.0,0.0,16,5.9
63.307,-6.9459,-4.2258,0.0,0.0,0.0,0.0,16,5.9
63.316,-6.9459,-4.2258,0.0,0.0,0.0,0.0,16,5.9
63.316,-6.9459,-4.2258,0.0,0.0,0.0,0.0,16,5.9
63.366,-6.9459,-4.2258,0.0,0.0,0.0,0.0,16,5.9
63.376,-6.9459,-4.2258,0.0,0.0,0.0,0.0,16,5.9
63.376,-6.9459,-4.2258,0.0,0.0,0.0,0.0,16,5.9
63.426,-6.9459,-4.2258,0.0,0.0,0.0,0.0,16,5.9
63.436,-6.9459,-4.2258,0.0,0.0,0.0,0.0,16,5.9
63.436,-6.9459,-4.2258,0.0,0.0,0.0,0.0,16,5.9
63.486,-6.9459,-4.2258,0.0,0.0,0.0,0.0,16,5.9
63.496,-6.9459,-4.2258,0.0,0.0,0.0,0.0,16,5.9
63.496,-6.9459,-4.2258,0.0,0.0,0.0,0.0,16,5.9
63.547,-6.9459,-4.2258,0.0,0.0,0.0,0.0,16,5.9
63.556,-6.9459,-4.2258,0.0,0.0,0.0,0.0,16,5.9
63.556,-6.9459,-4.2258,0.0,0.0,0.0,0.0,16,5.9
63.606,-6.9459,-4.2258,0.0,0.0,0.0,0.0,16,5.9
63.615,-6.9459,-4.2258,0.0,0.0,0.0,0.0,16,5.9
63.615,-6.9459,-4.2258,0.0,0.0,0.0,0.0,16,5.9
63.666,-6.9459,-4.2258,0.0,0.0,0.0,0.0,16,5.9
63.676,-6.9459,-4.2258,0.0,0.0,0.0,0.0,16,5.9
63.676,-6.9459,-4.2258,0.0,0.0,0.0,0.0,16,5.9
63.727,-6.9459,-4.2258,0.0,0.0,0.0,0.0,16,5.9
63.736,-6.9459,-4.2258,0.0,0.0,0.0,0.0,16,5.9
63.736,-6.9459,-4.2258,0.0,0.0,0.0,0.0,16,5.9
63.786,-6.9459,-4.2258,0.0,0.0,0.0,0.0,16,5.9
63.796,-6.9459,-4.2258,0.0,0.0,0.0,0.0,16,5.9
63.796,-6.9459,-4.2258,0.0,0.0,0.0,0.0,16,5.9
63.847,-6.9459,-4.2258,0.0,0.0,0.0,0.0,16,5.9
63.856,-6.9459,-4.2258,0.0,0.0,0.0,0.0,16,5.9
63.856,-6.9459,-4.2258,0.0,0.0,0.0,0.0,16,5.9
63.906,-6.9459,-4.2258,0.0,0.0,0.0,0.0,16,5.9
63.916,-6.9459,-4.2258,0.0,0.0,0.0,0.0,16,5.9
63.916,-6.9459,-4.2258,0.0,0.0,0.0,0.0,16,5.9
63.966,-6.9459,-4.2258,0.0,0.0,0.0,0.0,16,5.9
63.976,-6.9459,-4.2258,0.0,0.0,0.0,0.0,16,5.9
63.976,-6.9459,-4.2258,0.0,0.0,0.0,0.0,16,5.9
64.027,-6.9459,-4.2258,0.0,0.0,0.0,0.0,16,5.9
64.035,-6.9459,-4.2258,0.0,0.0,0.0,0.0,16,5.9
64.035,-6.9459,-4.2258,0.0,0.0,0.0,0.0,16,5.9
64.086,-6.9459,-4.2258,0.0,0.0,0.0,0.0,16,5.9
64.096,-6.9459,-4.2258,0.0,0.0,0.0,0.0,16,5.9
64.096,-6.9459,-4.2258,0.0,0.0,0.0,0.0,16,5.9
64.146,-6.9459,-4.2258,0.0,0.0,0.0,0.0,16,5.9
64.156,-6.9459,-4.2258,0.0,0.0,0.0,0.0,16,5.9
64.157,-6.9459,-4.2258,0.0,0.0,0.0,0.0,16,5.9
64.207,-6.9459,-4.2258,0.0,0.0,0.0,0.0,16,5.9
64.217,-6.9459,-4.2258,0.0,0.0,0.0,0.0,16,5.9
64.217,-6.9459,-4.2258,0.0,0.0,0.0,0.0,16,5.9
64.267,-6.9459,-4.2258,0.0,0.0,0.0,0.0,16,5.9
64.276,-6.9459,-4.2258,0.0,0.0,0.0,0.0,16,5.9
64.276,-6.9459,-4.2258,0.0,0.0,0.0,0.0,16,5.9
64.327,-6.9459,-4.2258,0.0,0.0,0.0,0.0,16,5.9
64.336,-6.9459,-4.2258,0.0,0.0,0.0,0.0,16,5.9
64.336,-6.9459,-4.2258,0.0,0.0,0.0,0.0,16,5.9
64.386,-6.9459,-4.2258,0.0,0.0,0.0,0.0,16,5.9
64.396,-6.9459,-4.2258,0.0,0.0,0.0,0.0,16,5.9
64.396,-6.9459,-4.2258,0.0,0.0,0.0,0.0,16,5.9
64.446,-6.9459,-4.2258,0.0,0.0,0.0,0.0,16,5.9
64.456,-6.9459,-4.2258,0.0,0.0,0.0,0.0,16,5.9
64.456,-6.9459,-4.2258,0.0,0.0,0.0,0.0,16,5.9
64.506,-6.9459,-4.2258,0.0,0.0,0.0,0.0,16,5.9
64.517,-6.9459,-4.2258,0.0,0.0,0.0,0.0,16,5.9
64.517,-6.9459,-4.2258,0.0,0.0,0.0,0.0,16,5.9
64.567,-6.9459,-4.2258,0.0,0.0,0.0,0.0,16,5.9
64.576,-6.9459,-4.2258,0.0,0.0,0.0,0.0,16,5.9
64.576,-6.9459,-4.2258,0.0,0.0,0.0,0.0,16,5.9
64.626,-6.9459,-4.2258,0.0,0.0,0.0,0.0,16,5.9
64.636,-6.9459,-4.2258,0.0,0.0,0.0,0.0,16,5.9
64.636,-6.9459,-4.2258,0.0,0.0,0.0,0.0,16,5.9
64.686,-6.9459,-4.2258,0.0,0.0,0.0,0.0,16,5.9
64.696,-6.9459,-4.2258,0.0,0.0,0.0,0.0,16,5.9
64.696,-6.9459,-4.2258,0.0,0.0,0.0,0.0,16,5.9
64.746,-6.9459,-4.2258,0.0,0.0,0.0,0.0,16,5.9
64.756,-6.9459,-4.2258,0.0,0.0,0.0,0.0,16,5.9
64.756,-6.9459,-4.2258,0.0,0.0,0.0,0.0,16,5.9
64.806,-6.9459,-4.2258,0.0,0.0,0.0,0.0,16,5.9
64.816,-6.9459,-4.2258,0.0,0.0,0.0,0.0,16,5.9
64.816,-6.9459,-4.2258,0.0,0.0,0.0,0.0,16,5.9
64.866,-6.9459,-4.2258,0.0,0.0,0.0,0.0,16,5.9
64.876,-6.9459,-4.2258,0.0,0.0,0.0,0.0,16,5.9
64.876,-6.9459,-4.2258,0.0,0.0,0.0,0.0,16,5.9
64.926,-6.9459,-4.2258,0.0,0.0,0.0,0.0,16,5.9
64.936,-6.9459,-4.2258,0.0,0.0,0.0,0.0,16,5.9
64.936,-6.9459,-4.2258,0.0,0.0,0.0,0.0,16,5.9
64.986,-6.9459,-4.2258,0.0,0.0,0.0,0.0,16,5.9
64.996,-6.9459,-4.2258,0.0,0.0,0.0,0.0,16,5.9
64.996,-6.9459,-4.2258,0.0,0.0,0.0,0.0,16,5.9
65.046,-6.9459,-4.2258,0.0,0.0,0.0,0.0,16,5.9
65.056,-6.9459,-4.2258,0.0,0.0,0.0,0.0,16,5.9
65.056,-6.9459,-4.2258,0.0,0.0,0.0,0.0,16,5.9
65.106,-6.9459,-4.2258,0.0,0.0,0.0,0.0,16,5.9
65.116,-6.9459,-4.2258,0.0,0.0,0.0,0.0,16,5.9
65.116,-6.9459,-4.2258,0.0,0.0,0.0,0.0,16,5.9
65.166,-6.9459,-4.2258,0.0,0.0,0.0,0.0,16,5.9
65.176,-6.9459,-4.2258,0.0,0.0,0.0,0.0,16,5.9
65.176,-6.9459,-4.2258,0.0,0.0,0.0,0.0,16,5.9
65.227,-6.9459,-4.2258,0.0,0.0,0.0,0.0,16,5.9
65.236,-6.9459,-4.2258,0.0,0.0,0.0,0.0,16,5.9
65.236,-6.9459,-4.2258,0.0,0.0,0.0,0.0,16,5.9
65.286,-6.9459,-4.2258,0.0,0.0,0.0,0.0,16,5.9
65.296,-6.9459,-4.2258,0.0,0.0,0.0,0.0,16,5.9
65.296,-6.9459,-4.2258,0.0,0.0,0.0,0.0,16,5.9
65.346,-6.9459,-4.2258,0.0,0.0,0.0,0.0,16,5.9
65.356,-6.9459,-4.2258,0.0,0.0,0.0,0.0,16,5.9
65.356,-6.9459,-4.2258,0.0,0.0,0.0,0.0,16,5.9
65.406,-6.9459,-4.2258,0.0,0.0,0.0,0.0,16,5.9
65.416,-6.9459,-4.2258,0.0,0.0,0.0,0.0,16,5.9
65.416,-6.9459,-4.2258,0.0,0.0,0.0,0.0,16,5.9
65.466,-6.9459,-4.2258,0.0,0.0,0.0,0.0,16,5.9
65.476,-6.9459,-4.2258,0.0,0.0,0.0,0.0,16,5.9
65.476,-6.9459,-4.2258,0.0,0.0,0.0,0.0,16,5.9
65.527,-6.9459,-4.2258,0.0,0.0,0.0,0.0,16,5.9
65.536,-6.9459,-4.2258,0.0,0.0,0.0,0.0,16,5.9
65.536,-6.9459,-4.2258,0.0,0.0,0.0,0.0,16,5.9
65.586,-6.9459,-4.2258,0.0,0.0,0.0,0.0,16,5.9
65.596,-6.9459,-4.2258,0.0,0.0,0.0,0.0,16,5.9
65.596,-6.9459,-4.2258,0.0,0.0,0.0,0.0,16,5.9
65.646,-6.9459,-4.2258,0.0,0.0,0.0,0.0,16,5.9
65.656,-6.9459,-4.2258,0.0,0.0,0.0,0.0,16,5.9
65.656,-6.9459,-4.2258,0.0,0.0,0.0,0.0,16,5.9
65.706,-6.9459,-4.2258,0.0,0.0,0.0,0.0,16,5.9
65.716,-6.9459,-4.2258,0.0,0.0,0.0,0.0,16,5.9
65.716,-6.9459,-4.2258,0.0,0.0,0.0,0.0,16,5.9
65.766,-6.9459,-4.2258,0.0,0.0,0.0,0.0,16,5.9
65.776,-6.9459,-4.2258,0.0,0.0,0.0,0.0,16,5.9
65.776,-6.9459,-4.2258,0.0,0.0,0.0,0.0,16,5.9
65.827,-6.9459,-4.2258,0.0,0.0,0.0,0.0,16,5.9
65.836,-6.9459,-4.2258,0.0,0.0,0.0,0.0,16,5.9
65.836,-6.9459,-4.2258,0.0,0.0,0.0,0.0,16,5.9
65.886,-6.9459,-4.2258,0.0,0.0,0.0,0.0,16,5.9
65.896,-6.9459,-4.2258,0.0,0.0,0.0,0.0,16,5.9
65.896,-6.9459,-4.2258,0.0,0.0,0.0,0.0,16,5.9
65.946,-6.9459,-4.2258,0.0,0.0,0.0,0.0,16,5.9
65.956,-6.9459,-4.2258,0.0,0.0,0.0,0.0,16,5.9
65.956,-6.9459,-4.2258,0.0,0.0,0.0,0.0,16,5.9
66.006,-6.9459,-4.2258,0.0,0.0,0.0,0.0,16,5.9
66.016,-6.9459,-4.2258,0.0,0.0,0.0,0.0,16,5.9
66.016,-6.9459,-4.2258,0.0,0.0,0.0,0.0,16,5.9
66.066,-6.9459,-4.2258,0.0,0.0,0.0,0.0,16,5.9
66.076,-6.9459,-4.2258,0.0,0.0,0.0,0.0,16,5.9
66.076,-6.9459,-4.2258,0.0,0.0,0.0,0.0,16,5.9
66.127,-6.9459,-4.2258,0.0,0.0,0.0,0.0,16,5.9
66.136,-6.9459,-4.2258,0.0,0.0,0.0,0.0,16,5.9
66.136,-6.9459,-4.2258,0.0,0.0,0.0,0.0,16,5.9
66.187,-6.9459,-4.2258,0.0,0.0,0.0,0.0,16,5.9
66.196,-6.9459,-4.2258,0.0,0.0,0.0,0.0,16,5.9
66.196,-6.9459,-4.2258,0.0,0.0,0.0,0.0,16,5.9
66.246,-6.9459,-4.2258,0.0,0.0,0.0,0.0,16,5.9
66.256,-6.9459,-4.2258,0.0,0.0,0.0,0.0,16,5.9
66.256,-6.9459,-4.2258,0.0,0.0,0.0,0.0,16,5.9
66.306,-6.9459,-4.2258,0.0,0.0,0.0,0.0,16,5.9
66.315,-6.9459,-4.2258,0.0,0.0,0.0,0.0,16,5.9
66.316,-6.9459,-4.2258,0.0,0.0,0.0,0.0,16,5.9
66.366,-6.9459,-4.2258,0.0,0.0,0.0,0.0,16,5.9
66.376,-6.9459,-4.2258,0.0,0.0,0.0,0.0,16,5.9
66.376,-6.9459,-4.2258,0.0,0.0,0.0,0.0,16,5.9
66.427,-6.9459,-4.2258,0.0,0.0,0.0,0.0,16,5.9
66.436,-6.9459,-4.2258,0.0,0.0,0.0,0.0,16,5.9
66.436,-6.9459,-4.2258,0.0,0.0,0.0,0.0,16,5.9
66.486,-6.9459,-4.2258,0.0,0.0,0.0,0.0,16,5.9
66.495,-6.9459,-4.2258,0.0,0.0,0.0,0.0,16,5.9
66.495,-6.9459,-4.2258,0.0,0.0,0.0,0.0,16,5.9
66.546,-6.9459,-4.2258,0.0,0.0,0.0,0.0,16,5.9
66.556,-6.9459,-4.2258,0.0,0.0,0.0,0.0,16,5.9
66.556,-6.9459,-4.2258,0.0,0.0,0.0,0.0,16,5.9
66.606,-6.9459,-4.2258,0.0,0.0,0.0,0.0,16,5.9
66.615,-6.9459,-4.2258,0.0,0.0,0.0,0.0,16,5.9
66.615,-6.9459,-4.2258,0.0,0.0,0.0,0.0,16,5.9
66.666,-6.9459,-4.2258,0.0,0.0,0.0,0.0,16,5.9
66.676,-6.9459,-4.2258,0.0,0.0,0.0,0.0,16,5.9
66.677,-6.9459,-4.2258,0.0,0.0,0.0,0.0,16,5.9
66.727,-6.9459,-4.2258,0.0,0.0,0.0,0.0,16,5.9
66.736,-6.9459,-4.2258,0.0,0.0,0.0,0.0,16,5.9
66.736,-6.9459,-4.2258,0.0,0.0,0.0,0.0,16,5.9
66.786,-6.9459,-4.2258,0.0,0.0,0.0,0.0,16,5.9
66.795,-6.9459,-4.2258,0.0,0.0,0.0,0.0,16,5.9
66.796,-6.9459,-4.2258,0.0,0.0,0.0,0.0,16,5.9
66.846,-6.9459,-4.2258,0.0,0.0,0.0,0.0,16,5.9
66.856,-6.9459,-4.2258,0.0,0.0,0.0,0.0,16,5.9
66.856,-6.9459,-4.2258,0.0,0.0,0.0,0.0,16,5.9
66.906,-6.9459,-4.2258,0.0,0.0,0.0,0.0,16,5.9
66.915,-6.9459,-4.2258,0.0,0.0,0.0,0.0,16,5.9
66.916,-6.9459,-4.2258,0.0,0.0,0.0,0.0,16,5.9
66.966,-6.9459,-4.2258,0.0,0.0,0.0,0.0,16,5.9
66.978,-6.9459,-4.2258,0.0,0.0,0.0,0.0,16,5.9
66.978,-6.9459,-4.2258,0.0,0.0,0.0,0.0,16,5.9
67.028,-6.9459,-4.2258,0.0,0.0,0.0,0.0,16,5.9
67.036,-6.9459,-4.2258,0.0,0.0,0.0,0.0,16,5.9
67.036,-6.9459,-4.2258,0.0,0.0,0.0,0.0,16,5.9
67.086,-6.9459,-4.2258,0.0,0.0,0.0,0.0,16,5.9
67.096,-6.9459,-4.2258,0.0,0.0,0.0,0.0,16,5.9
67.096,-6.9459,-4.2258,0.0,0.0,0.0,0.0,16,5.9
67.146,-6.9459,-4.2258,0.0,0.0,0.0,0.0,16,5.9
67.156,-6.9459,-4.2258,0.0,0.0,0.0,0.0,16,5.9
67.156,-6.9459,-4.2258,0.0,0.0,0.0,0.0,16,5.9
67.206,-6.9459,-4.2258,0.0,0.0,0.0,0.0,16,5.9
67.216,-6.9459,-4.2258,0.0,0.0,0.0,0.0,16,5.9
67.216,-6.9459,-4.2258,0.0,0.0,0.0,0.0,16,5.9
67.266,-6.9459,-4.2258,0.0,0.0,0.0,0.0,16,5.9
67.277,-6.9459,-4.2258,0.0,0.0,0.0,0.0,16,5.9
67.277,-6.9459,-4.2258,0.0,0.0,0.0,0.0,16,5.9
67.327,-6.9459,-4.2258,0.0,0.0,0.0,0.0,16,5.9
67.336,-6.9459,-4.2258,0.0,0.0,0.0,0.0,16,5.9
67.336,-6.9459,-4.2258,0.0,0.0,0.0,0.0,16,5.9
67.386,-6.9459,-4.2258,0.0,0.0,0.0,0.0,16,5.9
67.396,-6.9459,-4.2258,0.0,0.0,0.0,0.0,16,5.9
67.396,-6.9459,-4.2258,0.0,0.0,0.0,0.0,16,5.9
67.446,-6.9459,-4.2258,0.0,0.0,0.0,0.0,16,5.9
67.456,-6.9459,-4.2258,0.0,0.0,0.0,0.0,16,5.9
67.456,-6.9459,-4.2258,0.0,0.0,0.0,0.0,16,5.9
67.506,-6.9459,-4.2258,0.0,0.0,0.0,0.0,16,5.9
67.518,-6.9459,-4.2258,0.0,0.0,0.0,0.0,16,5.9
67.518,-6.9459,-4.2258,0.0,0.0,0.0,0.0,16,5.9
67.568,-6.9459,-4.2258,0.0,0.0,0.0,0.0,16,5.9
67.576,-6.9459,-4.2258,0.0,0.0,0.0,0.0,16,5.9
67.577,-6.9459,-4.2258,0.0,0.0,0.0,0.0,16,5.9
67.627,-6.9459,-4.2258,0.0,0.0,0.0,0.0,16,5.9
67.636,-6.9459,-4.2258,0.0,0.0,0.0,0.0,16,5.9
67.636,-6.9459,-4.2258,0.0,0.0,0.0,0.0,16,5.9
67.687,-6.9459,-4.2258,0.0,0.0,0.0,0.0,16,5.9
67.696,-6.9459,-4.2258,0.0,0.0,0.0,0.0,16,5.9
67.696,-6.9459,-4.2258,0.0,0.0,0.0,0.0,16,5.9
67.746,-6.9459,-4.2258,0.0,0.0,0.0,0.0,16,5.9
67.756,-6.9459,-4.2258,0.0,0.0,0.0,0.0,16,5.9
67.756,-6.9459,-4.2258,0.0,0.0,0.0,0.0,16,5.9
67.807,-6.9459,-4.2258,0.0,0.0,0.0,0.0,16,5.9
67.816,-6.9459,-4.2258,0.0,0.0,0.0,0.0,16,5.9
67.816,-6.9459,-4.2258,0.0,0.0,0.0,0.0,16,5.9
67.866,-6.9459,-4.2258,0.0,0.0,0.0,0.0,16,5.9
67.876,-6.9459,-4.2258,0.0,0.0,0.0,0.0,16,5.9
67.877,-6.9459,-4.2258,0.0,0.0,0.0,0.0,16,5.9
67.927,-6.9459,-4.2258,0.0,0.0,0.0,0.0,16,5.9
67.936,-6.9459,-4.2258,0.0,0.0,0.0,0.0,16,5.9
67.936,-6.9459,-4.2258,0.0,0.0,0.0,0.0,16,5.9
67.986,-6.9459,-4.2258,0.0,0.0,0.0,0.0,16,5.9
67.996,-6.9459,-4.2258,0.0,0.0,0.0,0.0,16,5.9
67.996,-6.9459,-4.2258,0.0,0.0,0.0,0.0,16,5.9
68.047,-6.9459,-4.2258,0.0,0.0,0.0,0.0,16,5.9
68.056,-6.9459,-4.2258,0.0,0.0,0.0,0.0,16,5.9
68.056,-6.9459,-4.2258,0.0,0.0,0.0,0.0,16,5.9
68.106,-6.9459,-4.2258,0.0,0.0,0.0,0.0,16,5.9
68.117,-6.9459,-4.2258,0.0,0.0,0.0,0.0,16,5.9
68.117,-6.9459,-4.2258,0.0,0.0,0.0,0.0,16,5.9
68.167,-6.9459,-4.2258,0.0,0.0,0.0,0.0,16,5.9
68.176,-6.9459,-4.2258,0.0,0.0,0.0,0.0,16,5.9
68.176,-6.9459,-4.2258,0.0,0.0,0.0,0.0,16,5.9
68.227,-6.9459,-4.2258,0.0,0.0,0.0,0.0,16,5.9
68.236,-6.9459,-4.2258,0.0,0.0,0.0,0.0,16,5.9
68.236,-6.9459,-4.2258,0.0,0.0,0.0,0.0,16,5.9
68.286,-6.9459,-4.2258,0.0,0.0,0.0,0.0,16,5.9
68.296,-6.9459,-4.2258,0.0,0.0,0.0,0.0,16,5.9
68.296,-6.9459,-4.2258,0.0,0.0,0.0,0.0,16,5.9
68.346,-6.9459,-4.2258,0.0,0.0,0.0,0.0,16,5.9
68.356,-6.9459,-4.2258,0.0,0.0,0.0,0.0,16,5.9
68.356,-6.9459,-4.2258,0.0,0.0,0.0,0.0,16,5.9
68.406,-6.9459,-4.2258,0.0,0.0,0.0,0.0,16,5.9
68.416,-6.9459,-4.2258,0.0,0.0,0.0,0.0,16,5.9
68.416,-6.9459,-4.2258,0.0,0.0,0.0,0.0,16,5.9
68.466,-6.9459,-4.2258,0.0,0.0,0.0,0.0,16,5.9
68.476,-6.9459,-4.2258,0.0,0.0,0.0,0.0,16,5.9
68.477,-6.9459,-4.2258,0.0,0.0,0.0,0.0,16,5.9
68.527,-6.9459,-4.2258,0.0,0.0,0.0,0.0,16,5.9
68.536,-6.9459,-4.2258,0.0,0.0,0.0,0.0,16,5.9
68.536,-6.9459,-4.2258,0.0,0.0,0.0,0.0,16,5.9
68.586,-6.9459,-4.2258,0.0,0.0,0.0,0.0,16,5.9
68.596,-6.9459,-4.2258,0.0,0.0,0.0,0.0,16,5.9
68.596,-6.9459,-4.2258,0.0,0.0,0.0,0.0,16,5.9
68.646,-6.9459,-4.2258,0.0,0.0,0.0,0.0,16,5.9
68.656,-6.9459,-4.2258,0.0,0.0,0.0,0.0,16,5.9
68.656,-6.9459,-4.2258,0.0,0.0,0.0,0.0,16,5.9
68.706,-6.9459,-4.2258,0.0,0.0,0.0,0.0,16,5.9
68.716,-6.9459,-4.2258,0.0,0.0,0.0,0.0,16,5.9
68.716,-6.9459,-4.2258,0.0,0.0,0.0,0.0,16,5.9
68.766,-6.9459,-4.2258,0.0,0.0,0.0,0.0,16,5.9
68.776,-6.9459,-4.2258,0.0,0.0,0.0,0.0,16,5.9
68.776,-6.9459,-4.2258,0.0,0.0,0.0,0.0,16,5.9
68.826,-6.9459,-4.2258,0.0,0.0,0.0,0.0,16,5.9
68.836,-6.9459,-4.2258,0.0,0.0,0.0,0.0,16,5.9
68.836,-6.9459,-4.2258,0.0,0.0,0.0,0.0,16,5.9
68.886,-6.9459,-4.2258,0.0,0.0,0.0,0.0,16,5.9
68.896,-6.9459,-4.2258,0.0,0.0,0.0,0.0,16,5.9
68.896,-6.9459,-4.2258,0.0,0.0,0.0,0.0,16,5.9
68.946,-6.9459,-4.2258,0.0,0.0,0.0,0.0,16,5.9
68.956,-6.9459,-4.2258,0.0,0.0,0.0,0.0,16,5.9
68.956,-6.9459,-4.2258,0.0,0.0,0.0,0.0,16,5.9
69.006,-6.9459,-4.2258,0.0,0.0,0.0,0.0,16,5.9
69.016,-6.9459,-4.2258,0.0,0.0,0.0,0.0,16,5.9
69.016,-6.9459,-4.2258,0.0,0.0,0.0,0.0,16,5.9
69.066,-6.9459,-4.2258,0.0,0.0,0.0,0.0,16,5.9
69.076,-6.9459,-4.2258,0.0,0.0,0.0,0.0,16,5.9
69.076,-6.9459,-4.2258,0.0,0.0,0.0,0.0,16,5.9
69.126,-6.9459,-4.2258,0.0,0.0,0.0,0.0,16,5.9
69.136,-6.9459,-4.2258,0.0,0.0,0.0,0.0,16,5.9
69.136,-6.9459,-4.2258,0.0,0.0,0.0,0.0,16,5.9
69.186,-6.9459,-4.2258,0.0,0.0,0.0,0.0,16,5.9
69.196,-6.9459,-4.2258,0.0,0.0,0.0,0.0,16,5.9
69.196,-6.9459,-4.2258,0.0,0.0,0.0,0.0,16,5.9
69.246,-6.9459,-4.2258,0.0,0.0,0.0,0.0,16,5.9
69.256,-6.9459,-4.2258,0.0,0.0,0.0,0.0,16,5.9
69.256,-6.9459,-4.2258,0.0,0.0,0.0,0.0,16,5.9
69.306,-6.9459,-4.2258,0.0,0.0,0.0,0.0,16,5.9
69.316,-6.9459,-4.2258,0.0,0.0,0.0,0.0,16,5.9
69.316,-6.9459,-4.2258,0.0,0.0,0.0,0.0,16,5.9
69.366,-6.9459,-4.2258,0.0,0.0,0.0,0.0,16,5.9
69.376,-6.9459,-4.2258,0.0,0.0,0.0,0.0,16,5.9
69.376,-6.9459,-4.2258,0.0,0.0,0.0,0.0,16,5.9
69.426,-6.9459,-4.2258,0.0,0.0,0.0,0.0,16,5.9
69.436,-6.9459,-4.2258,0.0,0.0,0.0,0.0,16,5.9
69.436,-6.9459,-4.2258,0.0,0.0,0.0,0.0,16,5.9
69.486,-6.9459,-4.2258,0.0,0.0,0.0,0.0,16,5.9
69.496,-6.9459,-4.2258,0.0,0.0,0.0,0.0,16,5.9
69.496,-6.9459,-4.2258,0.0,0.0,0.0,0.0,16,5.9
69.546,-6.9459,-4.2258,0.0,0.0,0.0,0.0,16,5.9
69.556,-6.9459,-4.2258,0.0,0.0,0.0,0.0,16,5.9
69.556,-6.9459,-4.2258,0.0,0.0,0.0,0.0,16,5.9
69.606,-6.9459,-4.2258,0.0,0.0,0.0,0.0,16,5.9
69.616,-6.9459,-4.2258,0.0,0.0,0.0,0.0,16,5.9
69.616,-6.9459,-4.2258,0.0,0.0,0.0,0.0,16,5.9
69.666,-6.9459,-4.2258,0.0,0.0,0.0,0.0,16,5.9
69.676,-6.9459,-4.2258,0.0,0.0,0.0,0.0,16,5.9
69.676,-6.9459,-4.2258,0.0,0.0,0.0,0.0,16,5.9
69.726,-6.9459,-4.2258,0.0,0.0,0.0,0.0,16,5.9
69.735,-6.9459,-4.2258,0.0,0.0,0.0,0.0,16,5.9
69.735,-6.9459,-4.2258,0.0,0.0,0.0,0.0,16,5.9
69.786,-6.9459,-4.2258,0.0,0.0,0.0,0.0,16,5.9
69.796,-6.9459,-4.2258,0.0,0.0,0.0,0.0,16,5.9
69.796,-6.9459,-4.2258,0.0,0.0,0.0,0.0,16,5.9
69.846,-6.9459,-4.2258,0.0,0.0,0.0,0.0,16,5.9
69.856,-6.9459,-4.2258,0.0,0.0,0.0,0.0,16,5.9
69.856,-6.9459,-4.2258,0.0,0.0,0.0,0.0,16,5.9
69.906,-6.9459,-4.2258,0.0,0.0,0.0,0.0,16,5.9
69.916,-6.9459,-4.2258,0.0,0.0,0.0,0.0,16,5.9
69.916,-6.9459,-4.2258,0.0,0.0,0.0,0.0,16,5.9
69.967,-6.9459,-4.2258,0.0,0.0,0.0,0.0,16,5.9
69.976,-6.9459,-4.2258,0.0,0.0,0.0,0.0,16,5.9
69.976,-6.9459,-4.2258,0.0,0.0,0.0,0.0,16,5.9
70.026,-6.9459,-4.2258,0.0,0.0,0.0,0.0,16,5.9
70.036,-6.9459,-4.2258,0.0,0.0,0.0,0.0,16,5.9
70.036,-6.9459,-4.2258,0.0,0.0,0.0,0.0,16,5.9
70.086,-6.9459,-4.2258,0.0,0.0,0.0,0.0,16,5.9
70.096,-6.9459,-4.2258,0.0,0.0,0.0,0.0,16,5.9
70.096,-6.9459,-4.2258,0.0,0.0,0.0,0.0,16,5.9
70.146,-6.9459,-4.2258,0.0,0.0,0.0,0.0,16,5.9
70.156,-6.9459,-4.2258,0.0,0.0,0.0,0.0,16,5.9
70.156,-6.9459,-4.2258,0.0,0.0,0.0,0.0,16,5.9
70.206,-6.9459,-4.2258,0.0,0.0,0.0,0.0,16,5.9
70.216,-6.9459,-4.2258,0.0,0.0,0.0,0.0,16,5.9
70.216,-6.9459,-4.2258,0.0,0.0,0.0,0.0,16,5.9
70.266,-6.9459,-4.2258,0.0,0.0,0.0,0.0,16,5.9
70.276,-6.9459,-4.2258,0.0,0.0,0.0,0.0,16,5.9
70.276,-6.9459,-4.2258,0.0,0.0,0.0,0.0,16,5.9
70.327,-6.9459,-4.2258,0.0,0.0,0.0,0.0,16,5.9
70.336,-6.9459,-4.2258,0.0,0.0,0.0,0.0,16,5.9
70.336,-6.9459,-4.2258,0.0,0.0,0.0,0.0,16,5.9
70.386,-6.9459,-4.2258,0.0,0.0,0.0,0.0,16,5.9
70.396,-6.9459,-4.2258,0.0,0.0,0.0,0.0,16,5.9
70.396,-6.9459,-4.2258,0.0,0.0,0.0,0.0,16,5.9
70.446,-6.9459,-4.2258,0.0,0.0,0.0,0.0,16,5.9
70.456,-6.9459,-4.2258,0.0,0.0,0.0,0.0,16,5.9
70.456,-6.9459,-4.2258,0.0,0.0,0.0,0.0,16,5.9
70.507,-6.9459,-4.2258,0.0,0.0,0.0,0.0,16,5.9
70.516,-6.9459,-4.2258,0.0,0.0,0.0,0.0,16,5.9
70.516,-6.9459,-4.2258,0.0,0.0,0.0,0.0,16,5.9
70.566,-6.9459,-4.2258,0.0,0.0,0.0,0.0,16,5.9
70.576,-6.9459,-4.2258,0.0,0.0,0.0,0.0,16,5.9
70.576,-6.9459,-4.2258,0.0,0.0,0.0,0.0,16,5.9
70.626,-6.9459,-4.2258,0.0,0.0,0.0,0.0,16,5.9
70.635,-6.9459,-4.2258,0.0,0.0,0.0,0.0,16,5.9
70.636,-6.9459,-4.2258,0.0,0.0,0.0,0.0,16,5.9
70.686,-6.9459,-4.2258,0.0,0.0,0.0,0.0,16,5.9
70.696,-6.9459,-4.2258,0.0,0.0,0.0,0.0,16,5.9
70.696,-6.9459,-4.2258,0.0,0.0,0.0,0.0,16,5.9
70.746,-6.9459,-4.2258,0.0,0.0,0.0,0.0,16,5.9
70.756,-6.9459,-4.2258,0.0,0.0,0.0,0.0,16,5.9
70.756,-6.9459,-4.2258,0.0,0.0,0.0,0.0,16,5.9
70.806,-6.9459,-4.2258,0.0,0.0,0.0,0.0,16,5.9
70.816,-6.9459,-4.2258,0.0,0.0,0.0,0.0,16,5.9
70.816,-6.9459,-4.2258,0.0,0.0,0.0,0.0,16,5.9
70.866,-6.9459,-4.2258,0.0,0.0,0.0,0.0,16,5.9
70.876,-6.9459,-4.2258,0.0,0.0,0.0,0.0,16,5.9
70.876,-6.9459,-4.2258,0.0,0.0,0.0,0.0,16,5.9
70.927,-6.9459,-4.2258,0.0,0.0,0.0,0.0,16,5.9
70.936,-6.9459,-4.2258,0.0,0.0,0.0,0.0,16,5.9
70.936,-6.9459,-4.2258,0.0,0.0,0.0,0.0,16,5.9
70.986,-6.9459,-4.2258,0.0,0.0,0.0,0.0,16,5.9
70.996,-6.9459,-4.2258,0.0,0.0,0.0,0.0,16,5.9
70.996,-6.9459,-4.2258,0.0,0.0,0.0,0.0,16,5.9
71.047,-6.9459,-4.2258,0.0,0.0,0.0,0.0,16,5.9
71.056,-6.9459,-4.2258,0.0,0.0,0.0,0.0,16,5.9
71.056,-6.9459,-4.2258,0.0,0.0,0.0,0.0,16,5.9
71.106,-6.9459,-4.2258,0.0,0.0,0.0,0.0,16,5.9
71.115,-6.9459,-4.2258,0.0,0.0,0.0,0.0,16,5.9
71.116,-6.9459,-4.2258,0.0,0.0,0.0,0.0,16,5.9
71.166,-6.9459,-4.2258,0.0,0.0,0.0,0.0,16,5.9
71.176,-6.9459,-4.2258,0.0,0.0,0.0,0.0,16,5.9
71.176,-6.9459,-4.2258,0.0,0.0,0.0,0.0,16,5.9
71.226,-6.9459,-4.2258,0.0,0.0,0.0,0.0,16,5.9
71.236,-6.9459,-4.2258,0.0,0.0,0.0,0.0,16,5.9
71.236,-6.9459,-4.2258,0.0,0.0,0.0,0.0,16,5.9
71.286,-6.9459,-4.2258,0.0,0.0,0.0,0.0,16,5.9
71.295,-6.9459,-4.2258,0.0,0.0,0.0,0.0,16,5.9
71.296,-6.9459,-4.2258,0.0,0.0,0.0,0.0,16,5.9
71.346,-6.9459,-4.2258,0.0,0.0,0.0,0.0,16,5.9
71.356,-6.9459,-4.2258,0.0,0.0,0.0,0.0,16,5.9
71.356,-6.9459,-4.2258,0.0,0.0,0.0,0.0,16,5.9
71.406,-6.9459,-4.2258,0.0,0.0,0.0,0.0,16,5.9
71.416,-6.9459,-4.2258,0.0,0.0,0.0,0.0,16,5.9
71.416,-6.9459,-4.2258,0.0,0.0,0.0,0.0,16,5.9
71.467,-6.9459,-4.2258,0.0,0.0,0.0,0.0,16,5.9
71.479,-6.9459,-4.2258,0.0,0.0,0.0,0.0,16,5.9
71.479,-6.9459,-4.2258,0.0,0.0,0.0,0.0,16,5.9
71.529,-6.9459,-4.2258,0.0,0.0,0.0,0.0,16,5.9
71.536,-6.9459,-4.2258,0.0,0.0,0.0,0.0,16,5.9
71.536,-6.9459,-4.2258,0.0,0.0,0.0,0.0,16,5.9
71.586,-6.9459,-4.2258,0.0,0.0,0.0,0.0,16,5.9
71.595,-6.9459,-4.2258,0.0,0.0,0.0,0.0,16,5.9
71.596,-6.9459,-4.2258,0.0,0.0,0.0,0.0,16,5.9
71.646,-6.9459,-4.2258,0.0,0.0,0.0,0.0,16,5.9
71.656,-6.9459,-4.2258,0.0,0.0,0.0,0.0,16,5.9
71.656,-6.9459,-4.2258,0.0,0.0,0.0,0.0,16,5.9
71.707,-6.9459,-4.2258,0.0,0.0,0.0,0.0,16,5.9
71.716,-6.9459,-4.2258,0.0,0.0,0.0,0.0,16,5.9
71.716,-6.9459,-4.2258,0.0,0.0,0.0,0.0,16,5.9
71.766,-6.9459,-4.2258,0.0,0.0,0.0,0.0,16,5.9
71.776,-6.9459,-4.2258,0.0,0.0,0.0,0.0,16,5.9
71.776,-6.9459,-4.2258,0.0,0.0,0.0,0.0,16,5.9
71.826,-6.9459,-4.2258,0.0,0.0,0.0,0.0,16,5.9
71.836,-6.9459,-4.2258,0.0,0.0,0.0,0.0,16,5.9
71.836,-6.9459,-4.2258,0.0,0.0,0.0,0.0,16,5.9
71.886,-6.9459,-4.2258,0.0,0.0,0.0,0.0,16,5.9
71.896,-6.9459,-4.2258,0.0,0.0,0.0,0.0,16,5.9
71.896,-6.9459,-4.2258,0.0,0.0,0.0,0.0,16,5.9
71.946,-6.9459,-4.2258,0.0,0.0,0.0,0.0,16,5.9
71.957,-6.9459,-4.2258,0.0,0.0,0.0,0.0,16,5.9
71.957,-6.9459,-4.2258,0.0,0.0,0.0,0.0,16,5.9
72.007,-6.9459,-4.2258,0.0,0.0,0.0,0.0,16,5.9
72.016,-6.9459,-4.2258,0.0,0.0,0.0,0.0,16,5.9
72.016,-6.9459,-4.2258,0.0,0.0,0.0,0.0,16,5.9
72.066,-6.9459,-4.2258,0.0,0.0,0.0,0.0,16,5.9
72.076,-6.9459,-4.2258,0.0,0.0,0.0,0.0,16,5.9
72.076,-6.9459,-4.2258,0.0,0.0,0.0,0.0,16,5.9
72.126,-6.9459,-4.2258,0.0,0.0,0.0,0.0,16,5.9
72.136,-6.9459,-4.2258,0.0,0.0,0.0,0.0,16,5.9
72.136,-6.9459,-4.2258,0.0,0.0,0.0,0.0,16,5.9
72.186,-6.9459,-4.2258,0.0,0.0,0.0,0.0,16,5.9
72.196,-6.9459,-4.2258,0.0,0.0,0.0,0.0,16,5.9
72.196,-6.9459,-4.2258,0.0,0.0,0.0,0.0,16,5.8
72.246,-6.9459,-4.2258,0.0,0.0,0.0,0.0,16,5.8
72.256,-6.946,-4.2266,-0.0029,-0.0144,0.0,0.0,16,5.8
72.256,-6.946,-4.2266,-0.0029,-0.0144,0.0,0.0,16,5.9
72.307,-6.946,-4.2266,-0.0029,-0.0144,0.0,0.0,16,5.9
72.316,-6.946,-4.2266,-0.0029,-0.0144,0.0,0.0,16,5.9
72.316,-6.946,-4.2266,-0.0029,-0.0144,61.0,0.0,16,5.9
72.366,-6.946,-4.2266,-0.0029,-0.0144,61.0,0.0,16,5.9
72.376,-6.9462,-4.2284,-0.0087,-0.0724,61.0,0.0,16,5.9
72.376,-6.9462,-4.2284,-0.0087,-0.0724,143.0,-24.0,16,5.9
72.426,-6.9462,-4.2284,-0.0087,-0.0724,143.0,-24.0,16,5.9
72.436,-6.9465,-4.2301,-0.0145,-0.1303,143.0,-24.0,16,5.9
72.436,-6.9465,-4.2301,-0.0145,-0.1303,246.0,-79.0,16,5.9
72.486,-6.9465,-4.2301,-0.0145,-0.1303,246.0,-79.0,16,5.9
72.496,-6.9472,-4.2344,-0.0289,-0.2316,246.0,-79.0,16,5.9
72.496,-6.9472,-4.2344,-0.0289,-0.2316,309.0,-79.0,16,5.9
72.546,-6.9472,-4.2344,-0.0289,-0.2316,309.0,-79.0,16,5.9
72.556,-6.9477,-4.2369,-0.0347,-0.2894,309.0,-79.0,16,5.9
72.556,-6.9477,-4.2369,-0.0347,-0.2894,396.0,-79.0,16,5.9
72.606,-6.9477,-4.2369,-0.0347,-0.2894,396.0,-79.0,16,5.9
72.616,-6.9493,-4.2437,-0.0579,-0.4635,396.0,-79.0,16,5.9
72.616,-6.9493,-4.2437,-0.0579,-0.4635,454.0,-80.0,16,5.9
72.666,-6.9493,-4.2437,-0.0579,-0.4635,454.0,-80.0,16,5.9
72.677,-6.9504,-4.2479,-0.0666,-0.5067,454.0,-80.0,16,5.9
72.677,-6.9504,-4.2479,-0.0666,-0.5067,585.0,-111.0,16,5.9
72.727,-6.9504,-4.2479,-0.0666,-0.5067,585.0,-111.0,16,5.9
72.735,-6.9532,-4.2561,-0.0898,-0.7098,585.0,-111.0,16,5.9
72.736,-6.9532,-4.2561,-0.0898,-0.7098,625.0,-141.0,16,5.9
72.786,-6.9532,-4.2561,-0.0898,-0.7098,625.0,-141.0,16,5.9
72.796,-6.9578,-4.2664,-0.1128,-0.9976,625.0,-141.0,16,5.9
72.796,-6.9578,-4.2664,-0.1128,-0.9976,647.0,-279.0,16,5.9
72.847,-6.9578,-4.2664,-0.1128,-0.9976,647.0,-279.0,16,5.9
72.856,-6.9595,-4.2694,-0.1158,-1.0706,647.0,-279.0,16,5.9
72.857,-6.9595,-4.2694,-0.1158,-1.0706,620.0,-322.0,16,5.9
72.907,-6.9595,-4.2694,-0.1158,-1.0706,620.0,-322.0,16,5.9
72.916,-6.9618,-4.2731,-0.107,-1.1713,620.0,-322.0,16,5.9
72.916,-6.9618,-4.2731,-0.107,-1.1713,558.0,-355.0,16,5.9
72.967,-6.9618,-4.2731,-0.107,-1.1713,558.0,-355.0,16,5.9
72.976,-6.9629,-4.2745,-0.0983,-1.3312,558.0,-355.0,16,5.9
72.976,-6.9629,-4.2745,-0.0983,-1.3312,487.0,-382.0,16,5.9
73.026,-6.9629,-4.2745,-0.0983,-1.3312,487.0,-382.0,16,5.9
73.036,-6.9623,-4.2738,-0.0665,-1.1716,487.0,-382.0,16,5.9
73.036,-6.9623,-4.2738,-0.0665,-1.1716,338.0,-417.0,16,5.9
73.086,-6.9623,-4.2738,-0.0665,-1.1716,338.0,-417.0,16,5.9
73.096,-6.9593,-4.2706,-0.0145,-0.9704,338.0,-417.0,16,5.9
73.096,-6.9593,-4.2706,-0.0145,-0.9704,279.0,-420.0,16,5.9
73.146,-6.9593,-4.2706,-0.0145,-0.9704,279.0,-420.0,16,5.9
73.156,-6.9563,-4.2676,0.0115,-0.8976,279.0,-420.0,16,5.9
73.156,-6.9563,-4.2676,0.0115,-0.8976,238.0,-427.0,16,5.9
73.207,-6.9563,-4.2676,0.0115,-0.8976,238.0,-427.0,16,5.9
73.215,-6.9506,-4.2622,0.0521,-0.7241,238.0,-427.0,16,5.9
73.216,-6.9506,-4.2622,0.0521,-0.7241,238.0,-404.0,16,5.9
73.266,-6.9506,-4.2622,0.0521,-0.7241,238.0,-404.0,16,5.9
73.276,-6.9468,-4.2587,0.0753,-0.492,238.0,-404.0,16,5.9
73.276,-6.9468,-4.2587,0.0753,-0.492,-227.0,-386.0,16,5.9
73.326,-6.9468,-4.2587,0.0753,-0.492,-227.0,-386.0,16,5.9
73.336,-6.9345,-4.2476,0.1274,-0.4341,-227.0,-386.0,16,5.9
73.336,-6.9345,-4.2476,0.1274,-0.4341,-307.0,-351.0,16,5.9
73.386,-6.9345,-4.2476,0.1274,-0.4341,-307.0,-351.0,16,5.9
73.396,-6.9247,-4.239,0.1563,-0.2606,-307.0,-351.0,16,5.9
73.396,-6.9247,-4.239,0.1563,-0.2606,-317.0,-362.0,16,5.9
73.446,-6.9247,-4.239,0.1563,-0.2606,-317.0,-362.0,16,5.9
73.457,-6.9195,-4.2344,0.1647,-0.1883,-317.0,-362.0,16,5.9
73.457,-6.9195,-4.2344,0.1647,-0.1883,-333.0,-378.0,16,5.9
73.507,-6.9195,-4.2344,0.1647,-0.1883,-333.0,-378.0,16,5.9
73.516,-6.9097,-4.2259,0.1827,-0.1016,-333.0,-378.0,16,5.9
73.516,-6.9097,-4.2259,0.1827,-0.1016,-384.0,-403.0,16,5.9
73.566,-6.9097,-4.2259,0.1827,-0.1016,-384.0,-403.0,16,5.9
73.576,-6.8979,-4.2156,0.2175,-0.0726,-384.0,-403.0,16,5.9
73.576,-6.8979,-4.2156,0.2175,-0.0726,-396.0,-410.0,16,5.9
73.627,-6.8979,-4.2156,0.2175,-0.0726,-396.0,-410.0,16,5.9
73.636,-6.892,-4.2105,0.1885,-0.0147,-396.0,-410.0,16,5.9
73.636,-6.892,-4.2105,0.1885,-0.0147,-470.0,-414.0,16,5.9
73.686,-6.892,-4.2105,0.1885,-0.0147,-470.0,-414.0,16,5.9
73.696,-6.8796,-4.1996,0.2,0.0142,-470.0,-414.0,16,5.9
73.696,-6.8796,-4.1996,0.2,0.0142,-496.0,-409.0,16,5.9
73.746,-6.8796,-4.1996,0.2,0.0142,-496.0,-409.0,16,5.9
73.756,-6.8732,-4.1938,0.2061,0.0431,-496.0,-409.0,16,5.9
73.756,-6.8732,-4.1938,0.2061,0.0431,-567.0,-389.0,16,5.9
73.806,-6.8732,-4.1938,0.2061,0.0431,-567.0,-389.0,16,5.9
73.816,-6.8604,-4.182,0.22,0.1159,-567.0,-389.0,16,5.9
73.816,-6.8604,-4.182,0.22,0.1159,-580.0,-374.0,16,5.9
73.866,-6.8604,-4.182,0.22,0.1159,-580.0,-374.0,16,5.9
73.876,-6.8411,-4.1632,0.2576,0.275,-580.0,-374.0,16,5.9
73.876,-6.8411,-4.1632,0.2576,0.275,-656.0,-336.0,16,5.9
73.927,-6.8411,-4.1632,0.2576,0.275,-656.0,-336.0,16,5.9
73.936,-6.8351,-4.1569,0.2605,0.3184,-656.0,-336.0,16,5.9
73.936,-6.8351,-4.1569,0.2605,0.3184,-728.0,-314.0,16,5.9
73.986,-6.8351,-4.1569,0.2605,0.3184,-728.0,-314.0,16,5.9
73.996,-6.8217,-4.1421,0.2722,0.4343,-728.0,-314.0,16,5.9
73.996,-6.8217,-4.1421,0.2722,0.4343,-761.0,-316.0,16,5.9
74.046,-6.8217,-4.1421,0.2722,0.4343,-761.0,-316.0,16,5.9
74.056,-6.8144,-4.1335,0.2807,0.4774,-761.0,-316.0,16,5.9
74.056,-6.8144,-4.1335,0.2807,0.4774,-828.0,-330.0,16,6.0
74.106,-6.8144,-4.1335,0.2807,0.4774,-828.0,-330.0,16,6.0
74.116,-6.8009,-4.1165,0.2953,0.5791,-828.0,-330.0,16,6.0
74.116,-6.8009,-4.1165,0.2953,0.5791,-877.0,-366.0,16,6.0
74.166,-6.8009,-4.1165,0.2953,0.5791,-877.0,-366.0,16,6.0
74.176,-6.7873,-4.0974,0.2839,0.5795,-877.0,-366.0,16,6.0
74.176,-6.7873,-4.0974,0.2839,0.5795,-908.0,-390.0,16,5.9
74.226,-6.7873,-4.0974,0.2839,0.5795,-908.0,-390.0,16,5.9
74.236,-6.7805,-4.0873,0.2955,0.5794,-908.0,-390.0,16,5.9
74.236,-6.7805,-4.0873,0.2955,0.5794,-927.0,-410.0,16,5.9
74.286,-6.7805,-4.0873,0.2955,0.5794,-927.0,-410.0,16,5.9
74.296,-6.7672,-4.0659,0.3128,0.6082,-927.0,-410.0,16,5.9
74.296,-6.7672,-4.0659,0.3128,0.6082,-960.0,-438.0,16,5.9
74.346,-6.7672,-4.0659,0.3128,0.6082,-960.0,-438.0,16,5.9
74.356,-6.7603,-4.0539,0.3214,0.6227,-960.0,-438.0,16,5.9
74.356,-6.7603,-4.0539,0.3214,0.6227,-1031.0,-518.0,16,5.9
74.407,-6.7603,-4.0539,0.3214,0.6227,-1031.0,-518.0,16,5.9
74.415,-6.7397,-4.0137,0.3998,0.6663,-1031.0,-518.0,16,5.9
74.416,-6.7397,-4.0137,0.3998,0.6663,-1124.0,-670.0,16,6.0
74.466,-6.7397,-4.0137,0.3998,0.6663,-1124.0,-670.0,16,6.0
74.476,-6.7257,-3.9829,0.4346,0.6372,-1124.0,-670.0,16,6.0
74.476,-6.7257,-3.9829,0.4346,0.6372,-1147.0,-719.0,16,6.0
74.526,-6.7257,-3.9829,0.4346,0.6372,-1147.0,-719.0,16,6.0
74.536,-6.7187,-3.966,0.4548,0.6517,-1147.0,-719.0,16,6.0
74.536,-6.7187,-3.966,0.4548,0.6517,-1190.0,-831.0,16,5.9
74.586,-6.7187,-3.966,0.4548,0.6517,-1190.0,-831.0,16,5.9
74.596,-6.7048,-3.9304,0.4983,0.5794,-1190.0,-831.0,16,5.9
74.596,-6.7048,-3.9304,0.4983,0.5794,-1207.0,-908.0,16,6.0
74.646,-6.7048,-3.9304,0.4983,0.5794,-1207.0,-908.0,16,6.0
74.657,-6.6979,-3.9117,0.5185,0.5361,-1207.0,-908.0,16,6.0
74.657,-6.6979,-3.9117,0.5185,0.5361,-1246.0,-987.0,16,6.0
74.707,-6.6979,-3.9117,0.5185,0.5361,-1246.0,-987.0,16,6.0
74.716,-6.6841,-3.8724,0.5067,0.3909,-1246.0,-987.0,16,6.0
74.716,-6.6841,-3.8724,0.5067,0.3909,-1287.0,-1053.0,16,6.0
74.766,-6.6841,-3.8724,0.5067,0.3909,-1287.0,-1053.0,16,6.0
74.776,-6.6772,-3.8518,0.4662,0.304,-1287.0,-1053.0,16,6.0
74.776,-6.6772,-3.8518,0.4662,0.304,-1272.0,-1043.0,16,6.0
74.827,-6.6772,-3.8518,0.4662,0.304,-1272.0,-1043.0,16,6.0
74.836,-6.6646,-3.812,0.5443,0.2895,-1272.0,-1043.0,16,6.0
74.836,-6.6646,-3.812,0.5443,0.2895,-1291.0,-1066.0,16,6.0
74.886,-6.6646,-3.812,0.5443,0.2895,-1291.0,-1066.0,16,6.0
74.896,-6.6524,-3.7704,0.5617,0.2895,-1291.0,-1066.0,16,6.0
74.896,-6.6524,-3.7704,0.5617,0.2895,-1322.0,-1094.0,16,6.1
74.946,-6.6524,-3.7704,0.5617,0.2895,-1322.0,-1094.0,16,6.1
74.957,-6.6361,-3.7091,0.7061,0.3184,-1322.0,-1094.0,16,6.1
74.957,-6.6361,-3.7091,0.7061,0.3184,-1255.0,-1087.0,16,6.1
75.008,-6.6361,-3.7091,0.7061,0.3184,-1255.0,-1087.0,16,6.1
75.016,-6.631,-3.6889,0.6366,0.2895,-1255.0,-1087.0,16,6.1
75.016,-6.631,-3.6889,0.6366,0.2895,-1199.0,-1087.0,16,6.1
75.066,-6.631,-3.6889,0.6366,0.2895,-1199.0,-1087.0,16,6.1
75.076,-6.6212,-3.6484,0.7031,0.2749,-1199.0,-1087.0,16,6.1
75.076,-6.6212,-3.6484,0.7031,0.2749,-1207.0,-1091.0,16,6.1
75.127,-6.6212,-3.6484,0.7031,0.2749,-1207.0,-1091.0,16,6.1
75.136,-6.6162,-3.6273,0.6365,0.2315,-1207.0,-1091.0,16,6.1
75.136,-6.6162,-3.6273,0.6365,0.2315,-1214.0,-1096.0,16,6.1
75.186,-6.6162,-3.6273,0.6365,0.2315,-1214.0,-1096.0,16,6.1
75.196,-6.6068,-3.5857,0.6334,0.188,-1214.0,-1096.0,16,6.1
75.196,-6.6068,-3.5857,0.6334,0.188,-1218.0,-1084.0,16,6.1
75.246,-6.6068,-3.5857,0.6334,0.188,-1218.0,-1084.0,16,6.1
75.256,-6.6022,-3.5645,0.4949,0.1303,-1218.0,-1084.0,16,6.1
75.256,-6.6022,-3.5645,0.4949,0.1303,-1265.0,-1133.0,16,6.1
75.306,-6.6022,-3.5645,0.4949,0.1303,-1265.0,-1133.0,16,6.1
75.315,-6.5936,-3.522,0.5702,0.1592,-1265.0,-1133.0,16,6.1
75.316,-6.5936,-3.522,0.5702,0.1592,-1267.0,-1107.0,16,6.1
75.366,-6.5936,-3.522,0.5702,0.1592,-1267.0,-1107.0,16,6.1
75.376,-6.5894,-3.5007,0.5036,0.1447,-1267.0,-1107.0,16,6.1
75.376,-6.5894,-3.5007,0.5036,0.1447,-1282.0,-1145.0,16,6.1
75.426,-6.5894,-3.5007,0.5036,0.1447,-1282.0,-1145.0,16,6.1
75.435,-6.5814,-3.4571,0.5789,0.1737,-1282.0,-1145.0,16,6.1
75.436,-6.5814,-3.4571,0.5789,0.1737,-1302.0,-1139.0,16,6.1
75.486,-6.5814,-3.4571,0.5789,0.1737,-1302.0,-1139.0,16,6.1
75.496,-6.5738,-3.4126,0.5879,0.1882,-1302.0,-1139.0,16,6.1
75.496,-6.5738,-3.4126,0.5879,0.1882,-1336.0,-1159.0,16,6.1
75.546,-6.5738,-3.4126,0.5879,0.1882,-1336.0,-1159.0,16,6.1
75.556,-6.5638,-3.3447,0.7441,0.275,-1336.0,-1159.0,16,6.1
75.556,-6.5638,-3.3447,0.7441,0.275,-1363.0,-1155.0,16,6.1
75.606,-6.5609,-3.3215,0.6928,0.2344,-1363.0,-1155.0,16,6.1
75.606,-6.5609,-3.3215,0.6928,0.2344,-1360.0,-1147.0,16,6.2
75.657,-6.5609,-3.3215,0.6928,0.2344,-1360.0,-1147.0,16,6.2
75.666,-6.5557,-3.2757,0.7744,0.2926,-1360.0,-1147.0,16,6.2
75.666,-6.5557,-3.2757,0.7744,0.2926,-1360.0,-1155.0,16,6.2
75.716,-6.5535,-3.2533,0.7168,0.2838,-1360.0,-1155.0,16,6.2
75.716,-6.5535,-3.2533,0.7168,0.2838,-1388.0,-1159.0,16,6.2
75.766,-6.5535,-3.2533,0.7168,0.2838,-1388.0,-1159.0,16,6.2
75.776,-6.5497,-3.2065,0.7224,0.3126,-1388.0,-1159.0,16,6.2
75.777,-6.5497,-3.2065,0.7224,0.3126,-1383.0,-1155.0,16,6.2
75.827,-6.5497,-3.2065,0.7224,0.3126,-1383.0,-1155.0,16,6.2
75.836,-6.5481,-3.1823,0.575,0.2404,-1383.0,-1155.0,16,6.2
75.836,-6.5481,-3.1823,0.575,0.2404,-1433.0,-1227.0,16,6.2
75.886,-6.5481,-3.1823,0.575,0.2404,-1433.0,-1227.0,16,6.2
75.896,-6.5456,-3.1346,0.6399,0.2663,-1433.0,-1227.0,16,6.2
75.896,-6.5456,-3.1346,0.6399,0.2663,-1400.0,-1225.0,16,6.2
75.946,-6.5456,-3.1346,0.6399,0.2663,-1400.0,-1225.0,16,6.2
75.956,-6.5446,-3.1103,0.5667,0.2225,-1400.0,-1225.0,16,6.2
75.956,-6.5446,-3.1103,0.5667,0.2225,-1418.0,-1269.0,16,6.2
76.007,-6.5446,-3.1103,0.5667,0.2225,-1418.0,-1269.0,16,6.2
76.016,-6.5431,-3.0608,0.6428,0.2315,-1418.0,-1269.0,16,6.2
76.016,-6.5431,-3.0608,0.6428,0.2315,-1452.0,-1344.0,16,6.2
76.066,-6.5431,-3.0608,0.6428,0.2315,-1452.0,-1344.0,16,6.2
76.076,-6.542,-3.0087,0.6604,0.1738,-1452.0,-1344.0,16,6.2
76.076,-6.542,-3.0087,0.6604,0.1738,-1498.0,-1380.0,16,6.3
76.126,-6.542,-3.0087,0.6604,0.1738,-1498.0,-1380.0,16,6.3
76.136,-6.5417,-2.9826,0.6661,0.1737,-1498.0,-1380.0,16,6.3
76.136,-6.5417,-2.9826,0.6661,0.1737,-1468.0,-1374.0,16,6.3
76.186,-6.5417,-2.9826,0.6661,0.1737,-1468.0,-1374.0,16,6.3
76.196,-6.5413,-2.9297,0.6841,0.145,-1468.0,-1374.0,16,6.3
76.196,-6.5413,-2.9297,0.6841,0.145,-1474.0,-1391.0,16,6.3
76.246,-6.5413,-2.9297,0.6841,0.145,-1474.0,-1391.0,16,6.3
76.256,-6.5419,-2.8515,0.8638,0.174,-1474.0,-1391.0,16,6.3
76.256,-6.5419,-2.8515,0.8638,0.174,-1494.0,-1338.0,16,6.3
76.307,-6.5419,-2.8515,0.8638,0.174,-1494.0,-1338.0,16,6.3
76.316,-6.5424,-2.8255,0.7845,0.1592,-1494.0,-1338.0,16,6.3
76.316,-6.5424,-2.8255,0.7845,0.1592,-1515.0,-1368.0,16,6.3
76.367,-6.5424,-2.8255,0.7845,0.1592,-1515.0,-1368.0,16,6.3
76.376,-6.544,-2.7725,0.7875,0.1737,-1515.0,-1368.0,16,6.3
76.376,-6.544,-2.7725,0.7875,0.1737,-1525.0,-1388.0,16,6.3
76.427,-6.544,-2.7725,0.7875,0.1737,-1525.0,-1388.0,16,6.3
76.436,-6.545,-2.7465,0.7874,0.1737,-1525.0,-1388.0,16,6.3
76.436,-6.545,-2.7465,0.7874,0.1737,-1511.0,-1355.0,16,6.3
76.486,-6.545,-2.7465,0.7874,0.1737,-1511.0,-1355.0,16,6.3
76.496,-6.5477,-2.6936,0.7874,0.2026,-1511.0,-1355.0,16,6.3
76.496,-6.5477,-2.6936,0.7874,0.2026,-1498.0,-1368.0,16,6.3
76.546,-6.5477,-2.6936,0.7874,0.2026,-1498.0,-1368.0,16,6.3
76.556,-6.5491,-2.6676,0.6138,0.1447,-1498.0,-1368.0,16,6.3
76.556,-6.5491,-2.6676,0.6138,0.1447,-1511.0,-1436.0,16,6.3
76.606,-6.5491,-2.6676,0.6138,0.1447,-1511.0,-1436.0,16,6.3
76.616,-6.5525,-2.6138,0.7068,0.1448,-1511.0,-1436.0,16,6.3
76.616,-6.5525,-2.6138,0.7068,0.1448,-1481.0,-1403.0,16,6.3
76.666,-6.5525,-2.6138,0.7068,0.1448,-1481.0,-1403.0,16,6.3
76.676,-6.5542,-2.5878,0.6167,0.1014,-1481.0,-1403.0,16,6.3
76.676,-6.5542,-2.5878,0.6167,0.1014,-1508.0,-1433.0,16,6.4
76.727,-6.5542,-2.5878,0.6167,0.1014,-1508.0,-1433.0,16,6.4
76.736,-6.558,-2.5341,0.7094,0.1014,-1508.0,-1433.0,16,6.4
76.736,-6.558,-2.5341,0.7094,0.1014,-1518.0,-1465.0,16,6.4
76.786,-6.558,-2.5341,0.7094,0.1014,-1518.0,-1465.0,16,6.4
76.796,-6.5646,-2.4536,0.802,0.1014,-1518.0,-1465.0,16,6.4
76.796,-6.5646,-2.4536,0.802,0.1014,-1576.0,-1418.0,16,6.4
76.822,-6.5646,-2.4536,0.802,0.1014,-1576.0,-1418.0,16,6.4
76.823,-6.5646,-2.4536,0.802,0.1014,-1576.0,-1418.0,16,6.4
76.856,-6.5697,-2.4,0.8946,0.1593,-1576.0,-1418.0,16,6.4
76.856,-6.5697,-2.4,0.8946,0.1593,-1576.0,-1394.0,16,6.4
76.907,-6.5697,-2.4,0.8946,0.1593,-1576.0,-1394.0,16,6.4
76.916,-6.5726,-2.3741,0.8016,0.1592,-1576.0,-1394.0,16,6.4
76.916,-6.5726,-2.3741,0.8016,0.1592,-1536.0,-1371.0,16,6.4
76.966,-6.5726,-2.3741,0.8016,0.1592,-1536.0,-1371.0,16,6.4
76.976,-6.5792,-2.3198,0.8975,0.2026,-1536.0,-1371.0,16,6.4
76.976,-6.5792,-2.3198,0.8975,0.2026,-1602.0,-1409.0,16,6.4
77.027,-6.5792,-2.3198,0.8975,0.2026,-1602.0,-1409.0,16,6.4
77.036,-6.5826,-2.294,0.8048,0.2026,-1602.0,-1409.0,16,6.4
77.036,-6.5826,-2.294,0.8048,0.2026,-1498.0,-1322.0,16,6.4
77.086,-6.5826,-2.294,0.8048,0.2026,-1498.0,-1322.0,16,6.4
77.096,-6.5902,-2.2416,0.7122,0.2026,-1498.0,-1322.0,16,6.4
77.096,-6.5902,-2.2416,0.7122,0.2026,-1532.0,-1394.0,16,6.4
77.146,-6.5902,-2.2416,0.7122,0.2026,-1532.0,-1394.0,16,6.4
77.156,-6.5944,-2.2141,0.6253,0.1737,-1532.0,-1394.0,16,6.4
77.156,-6.5944,-2.2141,0.6253,0.1737,-1550.0,-1468.0,16,6.5
77.206,-6.5944,-2.2141,0.6253,0.1737,-1550.0,-1468.0,16,6.5
77.216,-6.6029,-2.1618,0.7156,0.1593,-1550.0,-1468.0,16,6.5
77.216,-6.6029,-2.1618,0.7156,0.1593,-1461.0,-1412.0,16,6.4
77.266,-6.6029,-2.1618,0.7156,0.1593,-1461.0,-1412.0,16,6.4
77.276,-6.6071,-2.1361,0.6196,0.1158,-1461.0,-1412.0,16,6.4
77.276,-6.6071,-2.1361,0.6196,0.1158,-1494.0,-1484.0,16,6.5
77.327,-6.6071,-2.1361,0.6196,0.1158,-1494.0,-1484.0,16,6.5
77.336,-6.6247,-2.029,0.8946,0.1013,-1494.0,-1484.0,16,6.5
77.336,-6.6247,-2.029,0.8946,0.1013,-1415.0,-1397.0,16,6.4
77.386,-6.6247,-2.029,0.8946,0.1013,-1415.0,-1397.0,16,6.4
77.396,-6.629,-2.0033,0.805,0.0579,-1415.0,-1397.0,16,6.4
77.396,-6.629,-2.0033,0.805,0.0579,-1543.0,-1484.0,16,6.5
77.446,-6.629,-2.0033,0.805,0.0579,-1543.0,-1484.0,16,6.5
77.456,-6.6381,-1.9494,0.894,0.0434,-1543.0,-1484.0,16,6.5
77.456,-6.6381,-1.9494,0.894,0.0434,-1508.0,-1449.0,16,6.5
77.507,-6.6381,-1.9494,0.894,0.0434,-1508.0,-1449.0,16,6.5
77.515,-6.6426,-1.9237,0.8042,0.0289,-1508.0,-1449.0,16,6.5
77.516,-6.6426,-1.9237,0.8042,0.0289,-1498.0,-1403.0,16,6.5
77.566,-6.6426,-1.9237,0.8042,0.0289,-1498.0,-1403.0,16,6.5
77.576,-6.6519,-1.8716,0.8941,0.0723,-1498.0,-1403.0,16,6.5
77.577,-6.6519,-1.8716,0.8941,0.0723,-1498.0,-1409.0,16,6.6
77.627,-6.6519,-1.8716,0.8941,0.0723,-1498.0,-1409.0,16,6.6
77.636,-6.6566,-1.8468,0.6162,0.0723,-1498.0,-1409.0,16,6.6
77.636,-6.6566,-1.8468,0.6162,0.0723,-1474.0,-1344.0,16,6.5
77.686,-6.6566,-1.8468,0.6162,0.0723,-1474.0,-1344.0,16,6.5
77.696,-6.6669,-1.7948,0.7059,0.1157,-1474.0,-1344.0,16,6.5
77.696,-6.6669,-1.7948,0.7059,0.1157,-1501.0,-1368.0,16,6.6
77.746,-6.6669,-1.7948,0.7059,0.1157,-1501.0,-1368.0,16,6.6
77.756,-6.672,-1.7702,0.608,0.1157,-1501.0,-1368.0,16,6.6
77.756,-6.672,-1.7702,0.608,0.1157,-1449.0,-1320.0,16,6.6
77.806,-6.672,-1.7702,0.608,0.1157,-1449.0,-1320.0,16,6.6
77.816,-6.6825,-1.7209,0.6891,0.1738,-1449.0,-1320.0,16,6.6
77.816,-6.6825,-1.7209,0.6891,0.1738,-1468.0,-1320.0,16,6.6
77.867,-6.6825,-1.7209,0.6891,0.1738,-1468.0,-1320.0,16,6.6
77.876,-6.6995,-1.6482,0.7614,0.1882,-1468.0,-1320.0,16,6.6
77.876,-6.6995,-1.6482,0.7614,0.1882,-1458.0,-1284.0,16,6.6
77.926,-6.6995,-1.6482,0.7614,0.1882,-1458.0,-1284.0,16,6.6
77.936,-6.7119,-1.5994,0.8454,0.2317,-1458.0,-1284.0,16,6.6
77.936,-6.7119,-1.5994,0.8454,0.2317,-1452.0,-1277.0,16,6.6
77.986,-6.7119,-1.5994,0.8454,0.2317,-1452.0,-1277.0,16,6.6
77.996,-6.7182,-1.5759,0.7498,0.2172,-1452.0,-1277.0,16,6.6
77.996,-6.7182,-1.5759,0.7498,0.2172,-1371.0,-1236.0,16,6.6
78.046,-6.7182,-1.5759,0.7498,0.2172,-1371.0,-1236.0,16,6.6
78.055,-6.7307,-1.5307,0.8228,0.2318,-1371.0,-1236.0,16,6.6
78.056,-6.7307,-1.5307,0.8228,0.2318,-1352.0,-1227.0,16,6.6
78.106,-6.7307,-1.5307,0.8228,0.2318,-1352.0,-1227.0,16,6.6
78.116,-6.7371,-1.5081,0.7325,0.1882,-1352.0,-1227.0,16,6.6
78.116,-6.7371,-1.5081,0.7325,0.1882,-1320.0,-1246.0,16,6.6
78.166,-6.7371,-1.5081,0.7325,0.1882,-1320.0,-1246.0,16,6.6
78.177,-6.7499,-1.4639,0.6351,0.1446,-1320.0,-1246.0,16,6.6
78.177,-6.7499,-1.4639,0.6351,0.1446,-1289.0,-1246.0,16,6.6
78.227,-6.7499,-1.4639,0.6351,0.1446,-1289.0,-1246.0,16,6.6
78.236,-6.7565,-1.4414,0.5463,0.072,-1289.0,-1246.0,16,6.6
78.236,-6.7565,-1.4414,0.5463,0.072,-1177.0,-1239.0,16,6.7
78.286,-6.7565,-1.4414,0.5463,0.072,-1177.0,-1239.0,16,6.7
78.296,-6.7682,-1.3996,0.61,0.0142,-1177.0,-1239.0,16,6.7
78.296,-6.7682,-1.3996,0.61,0.0142,-1122.0,-1282.0,16,6.6
78.347,-6.7682,-1.3996,0.61,0.0142,-1122.0,-1282.0,16,6.6
78.356,-6.7739,-1.3787,0.5257,-0.0583,-1122.0,-1282.0,16,6.6
78.356,-6.7739,-1.3787,0.5257,-0.0583,-1075.0,-1307.0,16,6.6
78.406,-6.7739,-1.3787,0.5257,-0.0583,-1075.0,-1307.0,16,6.6
78.416,-6.7892,-1.3162,0.6618,-0.1885,-1075.0,-1307.0,16,6.6
78.416,-6.7892,-1.3162,0.6618,-0.1885,-998.0,-1341.0,16,6.6
78.466,-6.7892,-1.3162,0.6618,-0.1885,-998.0,-1341.0,16,6.6
78.476,-6.7977,-1.2754,0.6497,-0.3189,-998.0,-1341.0,16,6.6
78.476,-6.7977,-1.2754,0.6497,-0.3189,-953.0,-1320.0,16,6.7
78.526,-6.7977,-1.2754,0.6497,-0.3189,-953.0,-1320.0,16,6.7
78.536,-6.8014,-1.2549,0.6398,-0.3619,-953.0,-1320.0,16,6.7
78.536,-6.8014,-1.2549,0.6398,-0.3619,-919.0,-1346.0,16,6.7
78.586,-6.8014,-1.2549,0.6398,-0.3619,-919.0,-1346.0,16,6.7
78.596,-6.8076,-1.2137,0.6341,-0.4778,-919.0,-1346.0,16,6.7
78.596,-6.8076,-1.2137,0.6341,-0.4778,-876.0,-1368.0,16,6.7
78.646,-6.8076,-1.2137,0.6341,-0.4778,-876.0,-1368.0,16,6.7
78.656,-6.8119,-1.1722,0.7007,-0.5791,-876.0,-1368.0,16,6.7
78.656,-6.8119,-1.1722,0.7007,-0.5791,-873.0,-1357.0,16,6.7
78.707,-6.8119,-1.1722,0.7007,-0.5791,-873.0,-1357.0,16,6.7
78.716,-6.8134,-1.1523,0.5531,-0.5357,-873.0,-1357.0,16,6.7
78.716,-6.8134,-1.1523,0.5531,-0.5357,-854.0,-1336.0,16,6.7
78.766,-6.8134,-1.1523,0.5531,-0.5357,-854.0,-1336.0,16,6.7
78.777,-6.8148,-1.1141,0.5396,-0.5626,-854.0,-1336.0,16,6.7
78.777,-6.8148,-1.1141,0.5396,-0.5626,-815.0,-1282.0,16,6.7
78.827,-6.8148,-1.1141,0.5396,-0.5626,-815.0,-1282.0,16,6.7
78.836,-6.815,-1.0959,0.5319,-0.5782,-815.0,-1282.0,16,6.7
78.836,-6.815,-1.0959,0.5319,-0.5782,-821.0,-1239.0,16,6.7
78.886,-6.815,-1.0959,0.5319,-0.5782,-821.0,-1239.0,16,6.7
78.896,-6.8142,-1.0594,0.5143,-0.549,-821.0,-1239.0,16,6.7
78.896,-6.8142,-1.0594,0.5143,-0.549,-828.0,-1227.0,16,6.7
78.946,-6.8142,-1.0594,0.5143,-0.549,-828.0,-1227.0,16,6.7
78.956,-6.8112,-1.0074,0.5496,-0.5494,-828.0,-1227.0,16,6.7
78.956,-6.8112,-1.0074,0.5496,-0.5494,-811.0,-1107.0,16,6.7
79.006,-6.8112,-1.0074,0.5496,-0.5494,-811.0,-1107.0,16,6.7
79.016,-6.8099,-0.9919,0.5351,-0.506,-811.0,-1107.0,16,6.7
79.016,-6.8099,-0.9919,0.5351,-0.506,-733.0,-953.0,16,6.7
79.066,-6.8099,-0.9919,0.5351,-0.506,-733.0,-953.0,16,6.7
79.076,-6.8069,-0.9616,0.5105,-0.4064,-733.0,-953.0,16,6.7
79.076,-6.8069,-0.9616,0.5105,-0.4064,-720.0,-902.0,16,6.8
79.127,-6.8069,-0.9616,0.5105,-0.4064,-720.0,-902.0,16,6.8
79.136,-6.8054,-0.9478,0.4953,-0.3621,-720.0,-902.0,16,6.8
79.136,-6.8054,-0.9478,0.4953,-0.3621,-709.0,-801.0,16,6.7
79.186,-6.8054,-0.9478,0.4953,-0.3621,-709.0,-801.0,16,6.7
79.196,-6.8025,-0.9228,0.4577,-0.2609,-709.0,-801.0,16,6.7
79.196,-6.8025,-0.9228,0.4577,-0.2609,-611.0,-670.0,16,6.7
79.246,-6.8025,-0.9228,0.4577,-0.2609,-611.0,-670.0,16,6.7
79.256,-6.7999,-0.9012,0.3559,-0.1302,-611.0,-670.0,16,6.7
79.256,-6.7999,-0.9012,0.3559,-0.1302,-562.0,-631.0,16,6.7
79.306,-6.7999,-0.9012,0.3559,-0.1302,-562.0,-631.0,16,6.7
79.316,-6.7989,-0.8926,0.3328,-0.1302,-562.0,-631.0,16,6.7
79.316,-6.7989,-0.8926,0.3328,-0.1302,-408.0,-526.0,16,6.7
79.366,-6.7989,-0.8926,0.3328,-0.1302,-408.0,-526.0,16,6.7
79.376,-6.797,-0.8788,0.2777,-0.1446,-408.0,-526.0,16,6.7
79.376,-6.797,-0.8788,0.2777,-0.1446,-348.0,-484.0,16,6.7
79.426,-6.797,-0.8788,0.2777,-0.1446,-348.0,-484.0,16,6.7
79.435,-6.7961,-0.8728,0.2517,-0.1301,-348.0,-484.0,16,6.7
79.435,-6.7961,-0.8728,0.2517,-0.1301,-250.0,-387.0,16,6.7
79.486,-6.7961,-0.8728,0.2517,-0.1301,-250.0,-387.0,16,6.7
79.496,-6.7945,-0.8634,0.1997,-0.1881,-250.0,-387.0,16,6.7
79.496,-6.7945,-0.8634,0.1997,-0.1881,-87.0,-249.0,16,6.7
79.546,-6.7945,-0.8634,0.1997,-0.1881,-87.0,-249.0,16,6.7
79.556,-6.7938,-0.8591,0.1418,-0.1881,-87.0,-249.0,16,6.7
79.556,-6.7938,-0.8591,0.1418,-0.1881,-88.0,-150.0,16,6.7
79.607,-6.7938,-0.8591,0.1418,-0.1881,-88.0,-150.0,16,6.7
79.616,-6.7935,-0.8574,0.1185,-0.1591,-88.0,-150.0,16,6.7
79.616,-6.7935,-0.8574,0.1185,-0.1591,-105.0,-107.0,16,6.7
79.667,-6.7935,-0.8574,0.1185,-0.1591,-105.0,-107.0,16,6.7
79.676,-6.7929,-0.854,0.0841,-0.0721,-105.0,-107.0,16,6.7
79.676,-6.7929,-0.854,0.0841,-0.0721,-115.0,-73.0,16,6.7
79.727,-6.7929,-0.854,0.0841,-0.0721,-115.0,-73.0,16,6.7
79.736,-6.7926,-0.8523,0.0695,-0.0575,-115.0,-73.0,16,6.7
79.736,-6.7926,-0.8523,0.0695,-0.0575,-121.0,-53.0,16,6.7
79.786,-6.7926,-0.8523,0.0695,-0.0575,-121.0,-53.0,16,6.7
79.796,-6.7921,-0.8497,0.0464,0.0293,-121.0,-53.0,16,6.7
79.796,-6.7921,-0.8497,0.0464,0.0293,-107.0,-49.0,16,6.7
79.846,-6.7921,-0.8497,0.0464,0.0293,-107.0,-49.0,16,6.7
79.856,-6.7914,-0.8454,0.0464,0.0582,-107.0,-49.0,16,6.7
79.856,-6.7914,-0.8454,0.0464,0.0582,-120.0,-71.0,16,6.7
79.907,-6.7914,-0.8454,0.0464,0.0582,-120.0,-71.0,16,6.7
79.916,-6.7912,-0.8437,0.0464,0.0582,-120.0,-71.0,16,6.7
79.916,-6.7912,-0.8437,0.0464,0.0582,-149.0,-134.0,16,6.7
79.966,-6.7912,-0.8437,0.0464,0.0582,-149.0,-134.0,16,6.7
79.976,-6.7902,-0.8377,0.055,0.0434,-149.0,-134.0,16,6.7
79.976,-6.7902,-0.8377,0.055,0.0434,-165.0,-143.0,16,6.6
80.027,-6.7902,-0.8377,0.055,0.0434,-165.0,-143.0,16,6.6
80.035,-6.7885,-0.8266,0.0869,0.0579,-165.0,-143.0,16,6.6
80.036,-6.7885,-0.8266,0.0869,0.0579,-229.0,-194.0,16,6.6
80.086,-6.7885,-0.8266,0.0869,0.0579,-229.0,-194.0,16,6.6
80.096,-6.7878,-0.8223,0.0927,0.029,-229.0,-194.0,16,6.6
80.096,-6.7878,-0.8223,0.0927,0.029,-249.0,-208.0,16,6.7
80.146,-6.7878,-0.8223,0.0927,0.029,-249.0,-208.0,16,6.7
80.156,-6.7865,-0.8137,0.1071,0.0434,-249.0,-208.0,16,6.7
80.156,-6.7865,-0.8137,0.1071,0.0434,-258.0,-218.0,16,6.7
80.206,-6.7865,-0.8137,0.1071,0.0434,-258.0,-218.0,16,6.7
80.216,-6.7859,-0.8094,0.1158,0.0289,-258.0,-218.0,16,6.7
80.216,-6.7859,-0.8094,0.1158,0.0289,-265.0,-221.0,16,6.6
80.266,-6.7859,-0.8094,0.1158,0.0289,-265.0,-221.0,16,6.6
80.276,-6.7846,-0.8008,0.1246,0.0435,-265.0,-221.0,16,6.6
80.276,-6.7846,-0.8008,0.1246,0.0435,-260.0,-224.0,16,6.6
80.326,-6.7846,-0.8008,0.1246,0.0435,-260.0,-224.0,16,6.6
80.336,-6.784,-0.7965,0.1013,0.0145,-260.0,-224.0,16,6.6
80.336,-6.784,-0.7965,0.1013,0.0145,-237.0,-226.0,16,6.7
80.386,-6.784,-0.7965,0.1013,0.0145,-237.0,-226.0,16,6.7
80.396,-6.7828,-0.7888,0.1129,0.0434,-237.0,-226.0,16,6.7
80.396,-6.7828,-0.7888,0.1129,0.0434,-237.0,-216.0,16,6.6
80.446,-6.7828,-0.7888,0.1129,0.0434,-237.0,-216.0,16,6.6
80.456,-6.7821,-0.7836,0.1014,0.0145,-237.0,-216.0,16,6.6
80.456,-6.7821,-0.7836,0.1014,0.0145,-237.0,-217.0,16,6.6
80.506,-6.7821,-0.7836,0.1014,0.0145,-237.0,-217.0,16,6.6
80.515,-6.7811,-0.7767,0.1101,0.029,-237.0,-217.0,16,6.6
80.516,-6.7811,-0.7767,0.1101,0.029,-207.0,-212.0,16,6.7
80.566,-6.7811,-0.7767,0.1101,0.029,-207.0,-212.0,16,6.7
80.576,-6.7795,-0.7655,0.1187,-0.0145,-207.0,-212.0,16,6.7
80.576,-6.7795,-0.7655,0.1187,-0.0145,-156.0,-189.0,16,6.6
80.627,-6.7795,-0.7655,0.1187,-0.0145,-156.0,-189.0,16,6.6
80.636,-6.7788,-0.7604,0.1216,0.0,-156.0,-189.0,16,6.6
80.636,-6.7788,-0.7604,0.1216,0.0,-147.0,-180.0,16,6.6
80.686,-6.7788,-0.7604,0.1216,0.0,-147.0,-180.0,16,6.6
80.696,-6.7784,-0.7578,0.1042,-0.0289,-147.0,-180.0,16,6.6
80.696,-6.7784,-0.7578,0.1042,-0.0289,-104.0,-150.0,16,6.6
80.746,-6.7784,-0.7578,0.1042,-0.0289,-104.0,-150.0,16,6.6
80.756,-6.7777,-0.7535,0.1013,-0.0433,-104.0,-150.0,16,6.6
80.756,-6.7777,-0.7535,0.1013,-0.0433,-94.0,-140.0,16,6.6
80.807,-6.7777,-0.7535,0.1013,-0.0433,-94.0,-140.0,16,6.6
80.816,-6.7775,-0.7518,0.0839,-0.0433,-94.0,-140.0,16,6.6
80.816,-6.7775,-0.7518,0.0839,-0.0433,-87.0,-113.0,16,6.6
80.866,-6.7775,-0.7518,0.0839,-0.0433,-87.0,-113.0,16,6.6
80.876,-6.7769,-0.7484,0.0579,-0.0289,-87.0,-113.0,16,6.6
80.876,-6.7769,-0.7484,0.0579,-0.0289,-84.0,-108.0,16,6.6
80.926,-6.7769,-0.7484,0.0579,-0.0289,-84.0,-108.0,16,6.6
80.936,-6.7768,-0.7475,0.0434,-0.0433,-84.0,-108.0,16,6.6
80.936,-6.7768,-0.7475,0.0434,-0.0433,-64.0,-73.0,16,6.6
80.986,-6.7768,-0.7475,0.0434,-0.0433,-64.0,-73.0,16,6.6
80.996,-6.7764,-0.7449,0.0434,-0.0144,-64.0,-73.0,16,6.6
80.996,-6.7764,-0.7449,0.0434,-0.0144,-64.0,-73.0,16,6.6
81.046,-6.7764,-0.7449,0.0434,-0.0144,-64.0,-73.0,16,6.6
81.056,-6.7764,-0.7449,0.029,-0.0,-64.0,-73.0,16,6.6
81.056,-6.7764,-0.7449,0.029,-0.0,-56.0,-51.0,16,6.6
81.107,-6.7764,-0.7449,0.029,-0.0,-56.0,-51.0,16,6.6
81.116,-6.7761,-0.7432,0.029,-0.0,-56.0,-51.0,16,6.6
81.116,-6.7761,-0.7432,0.029,-0.0,-42.0,-28.0,16,6.6
81.166,-6.7761,-0.7432,0.029,-0.0,-42.0,-28.0,16,6.6
81.176,-6.7761,-0.7432,0.0174,-0.0,-42.0,-28.0,16,6.6
81.176,-6.7761,-0.7432,0.0174,-0.0,-42.0,-28.0,16,6.6
81.226,-6.7761,-0.7432,0.0174,-0.0,-42.0,-28.0,16,6.6
81.236,-6.7761,-0.7432,0.0145,0.0145,-42.0,-28.0,16,6.6
81.236,-6.7761,-0.7432,0.0145,0.0145,0.0,-28.0,16,6.6
81.286,-6.7761,-0.7432,0.0145,0.0145,0.0,-28.0,16,6.6
81.296,-6.7761,-0.7432,0.0058,0.0,0.0,-28.0,16,6.6
81.296,-6.7761,-0.7432,0.0058,0.0,0.0,0.0,16,6.6
81.346,-6.7761,-0.7432,0.0058,0.0,0.0,0.0,16,6.6
81.356,-6.7761,-0.7432,0.0058,0.0,0.0,0.0,16,6.6
81.356,-6.7761,-0.7432,0.0058,0.0,0.0,0.0,16,6.6
81.407,-6.7761,-0.7432,0.0058,0.0,0.0,0.0,16,6.6
81.415,-6.7761,-0.7432,0.0,0.0,0.0,0.0,16,6.6
81.416,-6.7761,-0.7432,0.0,0.0,0.0,0.0,16,6.6
81.466,-6.7761,-0.7432,0.0,0.0,0.0,0.0,16,6.6
81.476,-6.7761,-0.7432,0.0,0.0,0.0,0.0,16,6.6
81.476,-6.7761,-0.7432,0.0,0.0,0.0,0.0,16,6.6
81.526,-6.7761,-0.7432,0.0,0.0,0.0,0.0,16,6.6
81.536,-6.7761,-0.7432,0.0,0.0,0.0,0.0,16,6.6
81.536,-6.7761,-0.7432,0.0,0.0,0.0,0.0,16,6.6
81.586,-6.7761,-0.7432,0.0,0.0,0.0,0.0,16,6.6
81.596,-6.7761,-0.7432,0.0,0.0,0.0,0.0,16,6.6
81.596,-6.7761,-0.7432,0.0,0.0,0.0,0.0,16,6.6
81.646,-6.7761,-0.7432,0.0,0.0,0.0,0.0,16,6.6
81.657,-6.7761,-0.7432,0.0,0.0,0.0,0.0,16,6.6
81.657,-6.7761,-0.7432,0.0,0.0,0.0,0.0,16,6.6
81.708,-6.7761,-0.7432,0.0,0.0,0.0,0.0,16,6.6
81.716,-6.7761,-0.7432,0.0,0.0,0.0,0.0,16,6.6
81.716,-6.7761,-0.7432,0.0,0.0,0.0,0.0,16,6.6
81.766,-6.7761,-0.7432,0.0,0.0,0.0,0.0,16,6.6
81.776,-6.7761,-0.7432,0.0,0.0,0.0,0.0,16,6.6
81.776,-6.7761,-0.7432,0.0,0.0,0.0,0.0,16,6.6
81.827,-6.7761,-0.7432,0.0,0.0,0.0,0.0,16,6.6
81.836,-6.7761,-0.7432,0.0,0.0,0.0,0.0,16,6.6
81.836,-6.7761,-0.7432,0.0,0.0,0.0,0.0,16,6.6
81.886,-6.7761,-0.7432,0.0,0.0,0.0,0.0,16,6.6
81.895,-6.7761,-0.7432,0.0,0.0,0.0,0.0,16,6.6
81.896,-6.7761,-0.7432,0.0,0.0,0.0,0.0,16,6.6
81.946,-6.7761,-0.7432,0.0,0.0,0.0,0.0,16,6.6
81.956,-6.7761,-0.7432,0.0,0.0,0.0,0.0,16,6.6
81.956,-6.7761,-0.7432,0.0,0.0,0.0,0.0,16,6.6
82.006,-6.7761,-0.7432,0.0,0.0,0.0,0.0,16,6.6
82.016,-6.7761,-0.7432,0.0,0.0,0.0,0.0,16,6.6
82.016,-6.7761,-0.7432,0.0,0.0,0.0,0.0,16,6.6
82.066,-6.7761,-0.7432,0.0,0.0,0.0,0.0,16,6.6
82.076,-6.7761,-0.7432,0.0,0.0,0.0,0.0,16,6.6
82.077,-6.7761,-0.7432,0.0,0.0,0.0,0.0,16,6.6
82.127,-6.7761,-0.7432,0.0,0.0,0.0,0.0,16,6.6
82.136,-6.7761,-0.7432,0.0,0.0,0.0,0.0,16,6.6
82.136,-6.7761,-0.7432,0.0,0.0,0.0,0.0,16,6.6
82.186,-6.7761,-0.7432,0.0,0.0,0.0,0.0,16,6.6
82.196,-6.7761,-0.7432,0.0,0.0,0.0,0.0,16,6.6
82.196,-6.7761,-0.7432,0.0,0.0,0.0,0.0,16,6.6
82.246,-6.7761,-0.7432,0.0,0.0,0.0,0.0,16,6.6
82.256,-6.7761,-0.7432,0.0,0.0,0.0,0.0,16,6.6
82.256,-6.7761,-0.7432,0.0,0.0,0.0,0.0,16,6.6
82.306,-6.7761,-0.7432,0.0,0.0,0.0,0.0,16,6.6
82.316,-6.7761,-0.7432,0.0,0.0,0.0,0.0,16,6.6
82.316,-6.7761,-0.7432,0.0,0.0,0.0,0.0,16,6.6
82.366,-6.7761,-0.7432,0.0,0.0,0.0,0.0,16,6.6
82.376,-6.7761,-0.7432,0.0,0.0,0.0,0.0,16,6.6
82.376,-6.7761,-0.7432,0.0,0.0,0.0,0.0,16,6.6
82.426,-6.7761,-0.7432,0.0,0.0,0.0,0.0,16,6.6
82.436,-6.7761,-0.7432,0.0,0.0,0.0,0.0,16,6.6
82.436,-6.7761,-0.7432,0.0,0.0,0.0,0.0,16,6.5
82.486,-6.7761,-0.7432,0.0,0.0,0.0,0.0,16,6.5
82.495,-6.7761,-0.7432,0.0,0.0,0.0,0.0,16,6.5
82.496,-6.7761,-0.7432,0.0,0.0,0.0,0.0,16,6.6
82.546,-6.7761,-0.7432,0.0,0.0,0.0,0.0,16,6.6
82.556,-6.7761,-0.7432,0.0,0.0,0.0,0.0,16,6.6
82.556,-6.7761,-0.7432,0.0,0.0,0.0,0.0,16,6.5
82.607,-6.7761,-0.7432,0.0,0.0,0.0,0.0,16,6.5
82.616,-6.7761,-0.7432,0.0,0.0,0.0,0.0,16,6.5
82.616,-6.7761,-0.7432,0.0,0.0,0.0,0.0,16,6.6
82.666,-6.7761,-0.7432,0.0,0.0,0.0,0.0,16,6.6
82.676,-6.7761,-0.7432,0.0,0.0,0.0,0.0,16,6.6
82.676,-6.7761,-0.7432,0.0,0.0,0.0,0.0,16,6.6
82.726,-6.7761,-0.7432,0.0,0.0,0.0,0.0,16,6.6
82.736,-6.7761,-0.7432,0.0,0.0,0.0,0.0,16,6.6
82.736,-6.7761,-0.7432,0.0,0.0,0.0,0.0,16,6.6
82.786,-6.7761,-0.7432,0.0,0.0,0.0,0.0,16,6.6
82.796,-6.7761,-0.7432,0.0,0.0,0.0,0.0,16,6.6
82.796,-6.7761,-0.7432,0.0,0.0,0.0,0.0,16,6.5
82.846,-6.7761,-0.7432,0.0,0.0,0.0,0.0,16,6.5
82.855,-6.7761,-0.7432,0.0,0.0,0.0,0.0,16,6.5
82.856,-6.7761,-0.7432,0.0,0.0,0.0,0.0,16,6.5
82.906,-6.7761,-0.7432,0.0,0.0,0.0,0.0,16,6.5
82.916,-6.7761,-0.7432,0.0,0.0,0.0,0.0,16,6.5
82.916,-6.7761,-0.7432,0.0,0.0,0.0,0.0,16,6.5
82.966,-6.7761,-0.7432,0.0,0.0,0.0,0.0,16,6.5
82.976,-6.7761,-0.7432,0.0,0.0,0.0,0.0,16,6.5
82.976,-6.7761,-0.7432,0.0,0.0,0.0,0.0,16,6.5
83.026,-6.7761,-0.7432,0.0,0.0,0.0,0.0,16,6.5
83.035,-6.7761,-0.7432,0.0,0.0,0.0,0.0,16,6.5
83.036,-6.7761,-0.7432,0.0,0.0,0.0,0.0,16,6.5
83.086,-6.7761,-0.7432,0.0,0.0,0.0,0.0,16,6.5
83.096,-6.7761,-0.7432,0.0,0.0,0.0,0.0,16,6.5
83.096,-6.7761,-0.7432,0.0,0.0,0.0,0.0,16,6.5
83.146,-6.7761,-0.7432,0.0,0.0,0.0,0.0,16,6.5
83.156,-6.7761,-0.7432,0.0,0.0,0.0,0.0,16,6.5
83.156,-6.7761,-0.7432,0.0,0.0,0.0,0.0,16,6.5
83.206,-6.7761,-0.7432,0.0,0.0,0.0,0.0,16,6.5
83.216,-6.7761,-0.7432,0.0,0.0,0.0,0.0,16,6.5
83.216,-6.7761,-0.7432,0.0,0.0,0.0,0.0,16,6.5
83.266,-6.7761,-0.7432,0.0,0.0,0.0,0.0,16,6.5
83.276,-6.7761,-0.7432,0.0,0.0,0.0,0.0,16,6.5
83.276,-6.7761,-0.7432,0.0,0.0,0.0,0.0,16,6.5
83.326,-6.7761,-0.7432,0.0,0.0,0.0,0.0,16,6.5
83.336,-6.7761,-0.7432,0.0,0.0,0.0,0.0,16,6.5
83.336,-6.7761,-0.7432,0.0,0.0,0.0,0.0,16,6.5
83.386,-6.7761,-0.7432,0.0,0.0,0.0,0.0,16,6.5
83.396,-6.7761,-0.7432,0.0,0.0,0.0,0.0,16,6.5
83.396,-6.7761,-0.7432,0.0,0.0,0.0,0.0,16,6.5
83.446,-6.7761,-0.7432,0.0,0.0,0.0,0.0,16,6.5
83.456,-6.7761,-0.7432,0.0,0.0,0.0,0.0,16,6.5
83.456,-6.7761,-0.7432,0.0,0.0,0.0,0.0,16,6.5
83.506,-6.7761,-0.7432,0.0,0.0,0.0,0.0,16,6.5
83.516,-6.7761,-0.7432,0.0,0.0,0.0,0.0,16,6.5
83.516,-6.7761,-0.7432,0.0,0.0,0.0,0.0,16,6.5
83.566,-6.7761,-0.7432,0.0,0.0,0.0,0.0,16,6.5
83.576,-6.7761,-0.7432,0.0,0.0,0.0,0.0,16,6.5
83.576,-6.7761,-0.7432,0.0,0.0,0.0,0.0,16,6.4
83.626,-6.7761,-0.7432,0.0,0.0,0.0,0.0,16,6.4
83.636,-6.7761,-0.7432,0.0,0.0,0.0,0.0,16,6.4
83.636,-6.7761,-0.7432,0.0,0.0,0.0,0.0,16,6.5
83.686,-6.7761,-0.7432,0.0,0.0,0.0,0.0,16,6.5
83.696,-6.7761,-0.7432,0.0,0.0,0.0,0.0,16,6.5
83.696,-6.7761,-0.7432,0.0,0.0,0.0,0.0,16,6.4
83.746,-6.7761,-0.7432,0.0,0.0,0.0,0.0,16,6.4
83.756,-6.7761,-0.7432,0.0,0.0,0.0,0.0,16,6.4
83.757,-6.7761,-0.7432,0.0,0.0,0.0,0.0,16,6.4
83.807,-6.7761,-0.7432,0.0,0.0,0.0,0.0,16,6.4
83.815,-6.7761,-0.7432,0.0,0.0,0.0,0.0,16,6.4
83.816,-6.7761,-0.7432,0.0,0.0,0.0,0.0,16,6.5
83.866,-6.7761,-0.7432,0.0,0.0,0.0,0.0,16,6.5
83.876,-6.7761,-0.7432,0.0,0.0,0.0,0.0,16,6.5
83.876,-6.7761,-0.7432,0.0,0.0,0.0,0.0,16,6.5
83.926,-6.7761,-0.7432,0.0,0.0,0.0,0.0,16,6.5
83.936,-6.7761,-0.7432,0.0,0.0,0.0,0.0,16,6.5
83.936,-6.7761,-0.7432,0.0,0.0,0.0,0.0,16,6.4
83.986,-6.7761,-0.7432,0.0,0.0,0.0,0.0,16,6.4
83.996,-6.7761,-0.7432,0.0,0.0,0.0,0.0,16,6.4
83.996,-6.7761,-0.7432,0.0,0.0,0.0,0.0,16,6.5
84.046,-6.7761,-0.7432,0.0,0.0,0.0,0.0,16,6.5
84.056,-6.7761,-0.7432,0.0,0.0,0.0,0.0,16,6.5
84.057,-6.7761,-0.7432,0.0,0.0,0.0,0.0,16,6.4
84.107,-6.7761,-0.7432,0.0,0.0,0.0,0.0,16,6.4
84.115,-6.7761,-0.7432,0.0,0.0,0.0,0.0,16,6.4
84.116,-6.7761,-0.7432,0.0,0.0,0.0,0.0,16,6.4
84.166,-6.7761,-0.7432,0.0,0.0,0.0,0.0,16,6.4
84.178,-6.7761,-0.7432,0.0,0.0,0.0,0.0,16,6.4
84.178,-6.7761,-0.7432,0.0,0.0,0.0,0.0,16,6.4
84.228,-6.7761,-0.7432,0.0,0.0,0.0,0.0,16,6.4
84.236,-6.7761,-0.7432,0.0,0.0,0.0,0.0,16,6.4
84.236,-6.7761,-0.7432,0.0,0.0,0.0,0.0,16,6.4
84.286,-6.7761,-0.7432,0.0,0.0,0.0,0.0,16,6.4
84.296,-6.7761,-0.7432,0.0,0.0,0.0,0.0,16,6.4
84.296,-6.7761,-0.7432,0.0,0.0,0.0,0.0,16,6.4
84.346,-6.7761,-0.7432,0.0,0.0,0.0,0.0,16,6.4
84.356,-6.7761,-0.7432,0.0,0.0,0.0,0.0,16,6.4
84.357,-6.7761,-0.7432,0.0,0.0,0.0,0.0,16,6.4
84.407,-6.7761,-0.7432,0.0,0.0,0.0,0.0,16,6.4
84.415,-6.7761,-0.7432,0.0,0.0,0.0,0.0,16,6.4
84.416,-6.7761,-0.7432,0.0,0.0,0.0,0.0,16,6.4
84.466,-6.7761,-0.7432,0.0,0.0,0.0,0.0,16,6.4
84.476,-6.7761,-0.7432,0.0,0.0,0.0,0.0,16,6.4
84.476,-6.7761,-0.7432,0.0,0.0,0.0,0.0,16,6.4
84.526,-6.7761,-0.7432,0.0,0.0,0.0,0.0,16,6.4
84.536,-6.7761,-0.7432,0.0,0.0,0.0,0.0,16,6.4
84.536,-6.7761,-0.7432,0.0,0.0,0.0,0.0,16,6.4
84.586,-6.7761,-0.7432,0.0,0.0,0.0,0.0,16,6.4
84.596,-6.7761,-0.7432,0.0,0.0,0.0,0.0,16,6.4
84.596,-6.7761,-0.7432,0.0,0.0,0.0,0.0,16,6.4
84.646,-6.7761,-0.7432,0.0,0.0,0.0,0.0,16,6.4
84.656,-6.7761,-0.7432,0.0,0.0,0.0,0.0,16,6.4
84.657,-6.7761,-0.7432,0.0,0.0,0.0,0.0,16,6.4
84.707,-6.7761,-0.7432,0.0,0.0,0.0,0.0,16,6.4
84.715,-6.7761,-0.7432,0.0,0.0,0.0,0.0,16,6.4
84.716,-6.7761,-0.7432,0.0,0.0,0.0,0.0,16,6.4
84.766,-6.7761,-0.7432,0.0,0.0,0.0,0.0,16,6.4
84.776,-6.7761,-0.7432,0.0,0.0,0.0,0.0,16,6.4
84.776,-6.7761,-0.7432,0.0,0.0,0.0,0.0,16,6.4
84.827,-6.7761,-0.7432,0.0,0.0,0.0,0.0,16,6.4
84.836,-6.7761,-0.7432,0.0,0.0,0.0,0.0,16,6.4
84.836,-6.7761,-0.7432,0.0,0.0,0.0,0.0,16,6.4
84.886,-6.7761,-0.7432,0.0,0.0,0.0,0.0,16,6.4
84.896,-6.7761,-0.7432,0.0,0.0,0.0,0.0,16,6.4
84.896,-6.7761,-0.7432,0.0,0.0,0.0,0.0,16,6.4
84.947,-6.7761,-0.7432,0.0,0.0,0.0,0.0,16,6.4
84.956,-6.7761,-0.7432,0.0,0.0,0.0,0.0,16,6.4
84.956,-6.7761,-0.7432,0.0,0.0,0.0,0.0,16,6.4
85.006,-6.7761,-0.7432,0.0,0.0,0.0,0.0,16,6.4
85.017,-6.7761,-0.7432,0.0,0.0,0.0,0.0,16,6.4
85.017,-6.7761,-0.7432,0.0,0.0,0.0,0.0,16,6.4
85.068,-6.7761,-0.7432,0.0,0.0,0.0,0.0,16,6.4
85.076,-6.7761,-0.7432,0.0,0.0,0.0,0.0,16,6.4
85.076,-6.7761,-0.7432,0.0,0.0,0.0,0.0,16,6.4
85.126,-6.7761,-0.7432,0.0,0.0,0.0,0.0,16,6.4
85.136,-6.7761,-0.7432,0.0,0.0,0.0,0.0,16,6.4
85.136,-6.7761,-0.7432,0.0,0.0,0.0,0.0,16,6.4
85.186,-6.7761,-0.7432,0.0,0.0,0.0,0.0,16,6.4
85.196,-6.7761,-0.7432,0.0,0.0,0.0,0.0,16,6.4
85.196,-6.7761,-0.7432,0.0,0.0,0.0,0.0,16,6.4
85.246,-6.7761,-0.7432,0.0,0.0,0.0,0.0,16,6.4
85.256,-6.7761,-0.7432,0.0,0.0,0.0,0.0,16,6.4
85.256,-6.7761,-0.7432,0.0,0.0,0.0,0.0,16,6.4
85.306,-6.7761,-0.7432,0.0,0.0,0.0,0.0,16,6.4
85.315,-6.7761,-0.7432,0.0,0.0,0.0,0.0,16,6.4
85.315,-6.7761,-0.7432,0.0,0.0,0.0,0.0,16,6.4
85.366,-6.7761,-0.7432,0.0,0.0,0.0,0.0,16,6.4
85.376,-6.7761,-0.7432,0.0,0.0,0.0,0.0,16,6.4
85.376,-6.7761,-0.7432,0.0,0.0,0.0,0.0,16,6.4
85.426,-6.7761,-0.7432,0.0,0.0,0.0,0.0,16,6.4
85.436,-6.7761,-0.7432,0.0,0.0,0.0,0.0,16,6.4
85.436,-6.7761,-0.7432,0.0,0.0,0.0,0.0,16,6.4
85.486,-6.7761,-0.7432,0.0,0.0,0.0,0.0,16,6.4
85.496,-6.7761,-0.7432,0.0,0.0,0.0,0.0,16,6.4
85.496,-6.7761,-0.7432,0.0,0.0,0.0,0.0,16,6.4
85.546,-6.7761,-0.7432,0.0,0.0,0.0,0.0,16,6.4
85.556,-6.7761,-0.7432,0.0,0.0,0.0,0.0,16,6.4
85.557,-6.7761,-0.7432,0.0,0.0,0.0,0.0,16,6.4
85.607,-6.7761,-0.7432,0.0,0.0,0.0,0.0,16,6.4
85.615,-6.7761,-0.7432,0.0,0.0,0.0,0.0,16,6.4
85.616,-6.7761,-0.7432,0.0,0.0,0.0,0.0,16,6.4
85.666,-6.7761,-0.7432,0.0,0.0,0.0,0.0,16,6.4
85.676,-6.7761,-0.7432,0.0,0.0,0.0,0.0,16,6.4
85.676,-6.7761,-0.7432,0.0,0.0,0.0,0.0,16,6.4
85.727,-6.7761,-0.7432,0.0,0.0,0.0,0.0,16,6.4
85.736,-6.7761,-0.7432,0.0,0.0,0.0,0.0,16,6.4
85.736,-6.7761,-0.7432,0.0,0.0,0.0,0.0,16,6.4
85.786,-6.7761,-0.7432,0.0,0.0,0.0,0.0,16,6.4
85.796,-6.7761,-0.7432,0.0,0.0,0.0,0.0,16,6.4
85.796,-6.7761,-0.7432,0.0,0.0,0.0,0.0,16,6.4
85.847,-6.7761,-0.7432,0.0,0.0,0.0,0.0,16,6.4
85.856,-6.7761,-0.7432,0.0,0.0,0.0,0.0,16,6.4
85.856,-6.7761,-0.7432,0.0,0.0,0.0,0.0,16,6.4
85.906,-6.7761,-0.7432,0.0,0.0,0.0,0.0,16,6.4
85.916,-6.7761,-0.7432,0.0,0.0,0.0,0.0,16,6.4
85.916,-6.7761,-0.7432,0.0,0.0,0.0,0.0,16,6.4
85.966,-6.7761,-0.7432,0.0,0.0,0.0,0.0,16,6.4
85.976,-6.7761,-0.7432,0.0,0.0,0.0,0.0,16,6.4
85.976,-6.7761,-0.7432,0.0,0.0,0.0,0.0,16,6.4
86.026,-6.7761,-0.7432,0.0,0.0,0.0,0.0,16,6.4
86.035,-6.7761,-0.7432,0.0,0.0,0.0,0.0,16,6.4
86.035,-6.7761,-0.7432,0.0,0.0,0.0,0.0,16,6.4
86.086,-6.7761,-0.7432,0.0,0.0,0.0,0.0,16,6.4
86.096,-6.7761,-0.7432,0.0,0.0,0.0,0.0,16,6.4
86.096,-6.7761,-0.7432,0.0,0.0,0.0,0.0,16,6.4
86.146,-6.7761,-0.7432,0.0,0.0,0.0,0.0,16,6.4
86.156,-6.7761,-0.7432,0.0,0.0,0.0,0.0,16,6.4
86.156,-6.7761,-0.7432,0.0,0.0,0.0,0.0,16,6.4
86.206,-6.7761,-0.7432,0.0,0.0,0.0,0.0,16,6.4
86.215,-6.7761,-0.7432,0.0,0.0,0.0,0.0,16,6.4
86.216,-6.7761,-0.7432,0.0,0.0,0.0,0.0,16,6.4
86.266,-6.7761,-0.7432,0.0,0.0,0.0,0.0,16,6.4
86.276,-6.7761,-0.7432,0.0,0.0,0.0,0.0,16,6.4
86.276,-6.7761,-0.7432,0.0,0.0,0.0,0.0,16,6.4
86.326,-6.7761,-0.7432,0.0,0.0,0.0,0.0,16,6.4
86.336,-6.7761,-0.7432,0.0,0.0,0.0,0.0,16,6.4
86.336,-6.7761,-0.7432,0.0,0.0,0.0,0.0,16,6.4
86.386,-6.7761,-0.7432,0.0,0.0,0.0,0.0,16,6.4
86.396,-6.7761,-0.7432,0.0,0.0,0.0,0.0,16,6.4
86.396,-6.7761,-0.7432,0.0,0.0,0.0,0.0,16,6.4
86.446,-6.7761,-0.7432,0.0,0.0,0.0,0.0,16,6.4
86.456,-6.7761,-0.7432,0.0,0.0,0.0,0.0,16,6.4
86.456,-6.7761,-0.7432,0.0,0.0,0.0,0.0,16,6.3
86.506,-6.7761,-0.7432,0.0,0.0,0.0,0.0,16,6.3
86.516,-6.7761,-0.7432,0.0,0.0,0.0,0.0,16,6.3
86.516,-6.7761,-0.7432,0.0,0.0,0.0,0.0,16,6.4
86.566,-6.7761,-0.7432,0.0,0.0,0.0,0.0,16,6.4
86.576,-6.7761,-0.7432,0.0,0.0,0.0,0.0,16,6.4
86.577,-6.7761,-0.7432,0.0,0.0,0.0,0.0,16,6.4
86.627,-6.7761,-0.7432,0.0,0.0,0.0,0.0,16,6.4
86.636,-6.7761,-0.7432,0.0,0.0,0.0,0.0,16,6.4
86.636,-6.7761,-0.7432,0.0,0.0,0.0,0.0,16,6.3
86.686,-6.7761,-0.7432,0.0,0.0,0.0,0.0,16,6.3
86.696,-6.7761,-0.7432,0.0,0.0,0.0,0.0,16,6.3
86.696,-6.7761,-0.7432,0.0,0.0,0.0,0.0,16,6.4
86.746,-6.7761,-0.7432,0.0,0.0,0.0,0.0,16,6.4
86.756,-6.7761,-0.7432,0.0,0.0,0.0,0.0,16,6.4
86.757,-6.7761,-0.7432,0.0,0.0,0.0,0.0,16,6.3
86.807,-6.7761,-0.7432,0.0,0.0,0.0,0.0,16,6.3
86.816,-6.7761,-0.7432,0.0,0.0,0.0,0.0,16,6.3
86.816,-6.7761,-0.7432,0.0,0.0,0.0,0.0,16,6.3
86.866,-6.7761,-0.7432,0.0,0.0,0.0,0.0,16,6.3
86.876,-6.7761,-0.7432,0.0,0.0,0.0,0.0,16,6.3
86.876,-6.7761,-0.7432,0.0,0.0,0.0,0.0,16,6.3
86.927,-6.7761,-0.7432,0.0,0.0,0.0,0.0,16,6.3
86.936,-6.7761,-0.7432,0.0,0.0,0.0,0.0,16,6.3
86.936,-6.7761,-0.7432,0.0,0.0,0.0,0.0,16,6.3
86.986,-6.7761,-0.7432,0.0,0.0,0.0,0.0,16,6.3
86.996,-6.7761,-0.7432,0.0,0.0,0.0,0.0,16,6.3
86.996,-6.7761,-0.7432,0.0,0.0,0.0,0.0,16,6.3
87.046,-6.7761,-0.7432,0.0,0.0,0.0,0.0,16,6.3
87.057,-6.7761,-0.7432,0.0,0.0,0.0,0.0,16,6.3
87.057,-6.7761,-0.7432,0.0,0.0,0.0,0.0,16,6.3
87.107,-6.7761,-0.7432,0.0,0.0,0.0,0.0,16,6.3
87.116,-6.7761,-0.7432,0.0,0.0,0.0,0.0,16,6.3
87.116,-6.7761,-0.7432,0.0,0.0,0.0,0.0,16,6.3
87.166,-6.7761,-0.7432,0.0,0.0,0.0,0.0,16,6.3
87.176,-6.7761,-0.7432,0.0,0.0,0.0,0.0,16,6.3
87.176,-6.7761,-0.7432,0.0,0.0,0.0,0.0,16,6.3
87.226,-6.7761,-0.7432,0.0,0.0,0.0,0.0,16,6.3
87.236,-6.7761,-0.7432,0.0,0.0,0.0,0.0,16,6.3
87.236,-6.7761,-0.7432,0.0,0.0,0.0,0.0,16,6.3
87.286,-6.7761,-0.7432,0.0,0.0,0.0,0.0,16,6.3
87.295,-6.7761,-0.7432,0.0,0.0,0.0,0.0,16,6.3
87.296,-6.7761,-0.7432,0.0,0.0,0.0,0.0,16,6.3
87.346,-6.7761,-0.7432,0.0,0.0,0.0,0.0,16,6.3
87.356,-6.7761,-0.7432,0.0,0.0,0.0,0.0,16,6.3
87.356,-6.7761,-0.7432,0.0,0.0,0.0,0.0,16,6.3
87.406,-6.7761,-0.7432,0.0,0.0,0.0,0.0,16,6.3
87.416,-6.7761,-0.7432,0.0,0.0,0.0,0.0,16,6.3
87.416,-6.7761,-0.7432,0.0,0.0,0.0,0.0,16,6.3
87.466,-6.7761,-0.7432,0.0,0.0,0.0,0.0,16,6.3
87.476,-6.7761,-0.7432,0.0,0.0,0.0,0.0,16,6.3
87.476,-6.7761,-0.7432,0.0,0.0,0.0,0.0,16,6.3
87.527,-6.7761,-0.7432,0.0,0.0,0.0,0.0,16,6.3
87.536,-6.7761,-0.7432,0.0,0.0,0.0,0.0,16,6.3
87.536,-6.7761,-0.7432,0.0,0.0,0.0,0.0,16,6.3
87.586,-6.7761,-0.7432,0.0,0.0,0.0,0.0,16,6.3
87.596,-6.7761,-0.7432,0.0,0.0,0.0,0.0,16,6.3
87.596,-6.7761,-0.7432,0.0,0.0,0.0,0.0,16,6.3
87.646,-6.7761,-0.7432,0.0,0.0,0.0,0.0,16,6.3
87.656,-6.7761,-0.7432,0.0,0.0,0.0,0.0,16,6.3
87.656,-6.7761,-0.7432,0.0,0.0,0.0,0.0,16,6.3
87.706,-6.7761,-0.7432,0.0,0.0,0.0,0.0,16,6.3
87.715,-6.7761,-0.7432,0.0,0.0,0.0,0.0,16,6.3
87.716,-6.7761,-0.7432,0.0,0.0,0.0,0.0,16,6.3
87.766,-6.7761,-0.7432,0.0,0.0,0.0,0.0,16,6.3
87.766,-6.7761,-0.7432,0.0,0.0,0.0,0.0,16,6.3
87.816,-6.7761,-0.7432,0.0,0.0,0.0,0.0,16,6.3
87.826,-6.7761,-0.7432,0.0,0.0,0.0,0.0,16,6.3
87.826,-6.7761,-0.7432,0.0,0.0,0.0,0.0,16,6.3
87.877,-6.7761,-0.7432,0.0,0.0,0.0,0.0,16,6.3
87.877,-6.7761,-0.7432,0.0,0.0,0.0,0.0,16,6.3
87.927,-6.7761,-0.7432,0.0,0.0,0.0,0.0,16,6.3
87.935,-6.7761,-0.7432,0.0,0.0,0.0,0.0,16,6.3
87.936,-6.7761,-0.7432,0.0,0.0,0.0,0.0,16,6.3
87.986,-6.7761,-0.7432,0.0,0.0,0.0,0.0,16,6.3
87.996,-6.7761,-0.7432,0.0,0.0,0.0,0.0,16,6.3
87.996,-6.7761,-0.7432,0.0,0.0,0.0,0.0,16,6.3
88.046,-6.7761,-0.7432,0.0,0.0,0.0,0.0,16,6.3
88.056,-6.7761,-0.7432,0.0,0.0,0.0,0.0,16,6.3
88.056,-6.7761,-0.7432,0.0,0.0,0.0,0.0,16,6.3
88.106,-6.7761,-0.7432,0.0,0.0,0.0,0.0,16,6.3
88.116,-6.7761,-0.7432,0.0,0.0,0.0,0.0,16,6.3
88.116,-6.7761,-0.7432,0.0,0.0,0.0,0.0,16,6.3
88.166,-6.7761,-0.7432,0.0,0.0,0.0,0.0,16,6.3
88.176,-6.7761,-0.7432,0.0,0.0,0.0,0.0,16,6.3
88.176,-6.7761,-0.7432,0.0,0.0,0.0,0.0,16,6.3
88.227,-6.7761,-0.7432,0.0,0.0,0.0,0.0,16,6.3
88.236,-6.7761,-0.7432,0.0,0.0,0.0,0.0,16,6.3
88.236,-6.7761,-0.7432,0.0,0.0,0.0,0.0,16,6.3
88.286,-6.7761,-0.7432,0.0,0.0,0.0,0.0,16,6.3
88.295,-6.7761,-0.7432,0.0,0.0,0.0,0.0,16,6.3
88.296,-6.7761,-0.7432,0.0,0.0,0.0,0.0,16,6.3
88.346,-6.7761,-0.7432,0.0,0.0,0.0,0.0,16,6.3
88.357,-6.7761,-0.7432,0.0,0.0,0.0,0.0,16,6.3
88.357,-6.7761,-0.7432,0.0,0.0,0.0,0.0,16,6.3
88.408,-6.7761,-0.7432,0.0,0.0,0.0,0.0,16,6.3
88.416,-6.7761,-0.7432,0.0,0.0,0.0,0.0,16,6.3
88.416,-6.7761,-0.7432,0.0,0.0,0.0,0.0,16,6.3
88.466,-6.7761,-0.7432,0.0,0.0,0.0,0.0,16,6.3
88.476,-6.7761,-0.7432,0.0,0.0,0.0,0.0,16,6.3
88.476,-6.7761,-0.7432,0.0,0.0,0.0,0.0,16,6.3
88.527,-6.7761,-0.7432,0.0,0.0,0.0,0.0,16,6.3
88.536,-6.7761,-0.7432,0.0,0.0,0.0,0.0,16,6.3
88.536,-6.7761,-0.7432,0.0,0.0,0.0,0.0,16,6.3
88.586,-6.7761,-0.7432,0.0,0.0,0.0,0.0,16,6.3
88.596,-6.7761,-0.7432,0.0,0.0,0.0,0.0,16,6.3
88.596,-6.7761,-0.7432,0.0,0.0,0.0,0.0,16,6.3
88.646,-6.7761,-0.7432,0.0,0.0,0.0,0.0,16,6.3
88.656,-6.7761,-0.7432,0.0,0.0,0.0,0.0,16,6.3
88.657,-6.7761,-0.7432,0.0,0.0,0.0,0.0,16,6.3
88.707,-6.7761,-0.7432,0.0,0.0,0.0,0.0,16,6.3
88.716,-6.7761,-0.7432,0.0,0.0,0.0,0.0,16,6.3
88.716,-6.7761,-0.7432,0.0,0.0,0.0,0.0,16,6.3
88.766,-6.7761,-0.7432,0.0,0.0,0.0,0.0,16,6.3
88.777,-6.7761,-0.7432,0.0,0.0,0.0,0.0,16,6.3
88.778,-6.7761,-0.7432,0.0,0.0,0.0,0.0,16,6.3
88.828,-6.7761,-0.7432,0.0,0.0,0.0,0.0,16,6.3
88.836,-6.7761,-0.7432,0.0,0.0,0.0,0.0,16,6.3
88.836,-6.7761,-0.7432,0.0,0.0,0.0,0.0,16,6.3
88.886,-6.7761,-0.7432,0.0,0.0,0.0,0.0,16,6.3
88.896,-6.7761,-0.7432,0.0,0.0,0.0,0.0,16,6.3
88.896,-6.7761,-0.7432,0.0,0.0,0.0,0.0,16,6.3
88.946,-6.7761,-0.7432,0.0,0.0,0.0,0.0,16,6.3
88.956,-6.7761,-0.7432,0.0,0.0,0.0,0.0,16,6.3
88.956,-6.7761,-0.7432,0.0,0.0,0.0,0.0,16,6.3
89.007,-6.7761,-0.7432,0.0,0.0,0.0,0.0,16,6.3
89.016,-6.7761,-0.7432,0.0,0.0,0.0,0.0,16,6.3
89.016,-6.7761,-0.7432,0.0,0.0,0.0,0.0,16,6.3
89.066,-6.7761,-0.7432,0.0,0.0,0.0,0.0,16,6.3
89.076,-6.7761,-0.7432,0.0,0.0,0.0,0.0,16,6.3
89.076,-6.7761,-0.7432,0.0,0.0,0.0,0.0,16,6.3
89.127,-6.7761,-0.7432,0.0,0.0,0.0,0.0,16,6.3
89.136,-6.7761,-0.7432,0.0,0.0,0.0,0.0,16,6.3
89.136,-6.7761,-0.7432,0.0,0.0,0.0,0.0,16,6.3
89.186,-6.7761,-0.7432,0.0,0.0,0.0,0.0,16,6.3
89.196,-6.7761,-0.7432,0.0,0.0,0.0,0.0,16,6.3
89.196,-6.7761,-0.7432,0.0,0.0,0.0,0.0,16,6.3
89.246,-6.7761,-0.7432,0.0,0.0,0.0,0.0,16,6.3
89.256,-6.7761,-0.7432,0.0,0.0,0.0,0.0,16,6.3
89.256,-6.7761,-0.7432,0.0,0.0,0.0,0.0,16,6.3
89.306,-6.7761,-0.7432,0.0,0.0,0.0,0.0,16,6.3
89.315,-6.7761,-0.7432,0.0,0.0,0.0,0.0,16,6.3
89.316,-6.7761,-0.7432,0.0,0.0,0.0,0.0,16,6.3
89.366,-6.7761,-0.7432,0.0,0.0,0.0,0.0,16,6.3
89.376,-6.7761,-0.7432,0.0,0.0,0.0,0.0,16,6.3
89.376,-6.7761,-0.7432,0.0,0.0,0.0,0.0,16,6.3
89.427,-6.7761,-0.7432,0.0,0.0,0.0,0.0,16,6.3
89.436,-6.7761,-0.7432,0.0,0.0,0.0,0.0,16,6.3
89.436,-6.7761,-0.7432,0.0,0.0,0.0,0.0,16,6.2
89.486,-6.7761,-0.7432,0.0,0.0,0.0,0.0,16,6.2
89.496,-6.7761,-0.7432,0.0,0.0,0.0,0.0,16,6.2
89.496,-6.7761,-0.7432,0.0,0.0,0.0,0.0,16,6.3
89.546,-6.7761,-0.7432,0.0,0.0,0.0,0.0,16,6.3
89.557,-6.7761,-0.7432,0.0,0.0,0.0,0.0,16,6.3
89.557,-6.7761,-0.7432,0.0,0.0,0.0,0.0,16,6.3
89.607,-6.7761,-0.7432,0.0,0.0,0.0,0.0,16,6.3
89.616,-6.7761,-0.7432,0.0,0.0,0.0,0.0,16,6.3
89.616,-6.7761,-0.7432,0.0,0.0,0.0,0.0,16,6.3
89.666,-6.7761,-0.7432,0.0,0.0,0.0,0.0,16,6.3
89.676,-6.7761,-0.7432,0.0,0.0,0.0,0.0,16,6.3
89.676,-6.7761,-0.7432,0.0,0.0,0.0,0.0,16,6.3
89.726,-6.7761,-0.7432,0.0,0.0,0.0,0.0,16,6.3
89.735,-6.7761,-0.7432,0.0,0.0,0.0,0.0,16,6.3
89.736,-6.7761,-0.7432,0.0,0.0,0.0,0.0,16,6.3
89.786,-6.7761,-0.7432,0.0,0.0,0.0,0.0,16,6.3
89.796,-6.7761,-0.7432,0.0,0.0,0.0,0.0,16,6.3
89.796,-6.7761,-0.7432,0.0,0.0,0.0,0.0,16,6.3
89.846,-6.7761,-0.7432,0.0,0.0,0.0,0.0,16,6.3
89.856,-6.7761,-0.7432,0.0,0.0,0.0,0.0,16,6.3
89.856,-6.7761,-0.7432,0.0,0.0,0.0,0.0,16,6.2
89.906,-6.7761,-0.7432,0.0,0.0,0.0,0.0,16,6.2
89.916,-6.7761,-0.7432,0.0,0.0,0.0,0.0,16,6.2
89.916,-6.7761,-0.7432,0.0,0.0,0.0,0.0,16,6.3
89.966,-6.7761,-0.7432,0.0,0.0,0.0,0.0,16,6.3
89.976,-6.7761,-0.7432,0.0,0.0,0.0,0.0,16,6.3
89.976,-6.7761,-0.7432,0.0,0.0,0.0,0.0,16,6.2
90.026,-6.7761,-0.7432,0.0,0.0,0.0,0.0,16,6.2
90.036,-6.7761,-0.7432,0.0,0.0,0.0,0.0,16,6.2
90.036,-6.7761,-0.7432,0.0,0.0,0.0,0.0,16,6.3
90.086,-6.7761,-0.7432,0.0,0.0,0.0,0.0,16,6.3
90.096,-6.7761,-0.7432,0.0,0.0,0.0,0.0,16,6.3
90.096,-6.7761,-0.7432,0.0,0.0,0.0,0.0,16,6.2
90.146,-6.7761,-0.7432,0.0,0.0,0.0,0.0,16,6.2
90.156,-6.7761,-0.7432,0.0,0.0,0.0,0.0,16,6.2
90.156,-6.7761,-0.7432,0.0,0.0,0.0,0.0,16,6.2
90.207,-6.7761,-0.7432,0.0,0.0,0.0,0.0,16,6.2
90.215,-6.7761,-0.7432,0.0,0.0,0.0,0.0,16,6.2
90.216,-6.7761,-0.7432,0.0,0.0,0.0,0.0,16,6.2
90.266,-6.7761,-0.7432,0.0,0.0,0.0,0.0,16,6.2
90.276,-6.7761,-0.7432,0.0,0.0,0.0,0.0,16,6.2
90.276,-6.7761,-0.7432,0.0,0.0,0.0,0.0,16,6.3
90.326,-6.7761,-0.7432,0.0,0.0,0.0,0.0,16,6.3
90.335,-6.7761,-0.7432,0.0,0.0,0.0,0.0,16,6.3
90.335,-6.7761,-0.7432,0.0,0.0,0.0,0.0,16,6.3
90.386,-6.7761,-0.7432,0.0,0.0,0.0,0.0,16,6.3
90.396,-6.7761,-0.7432,0.0,0.0,0.0,0.0,16,6.3
90.396,-6.7761,-0.7432,0.0,0.0,0.0,0.0,16,6.2
90.446,-6.7761,-0.7432,0.0,0.0,0.0,0.0,16,6.2
90.456,-6.7761,-0.7432,0.0,0.0,0.0,0.0,16,6.2
90.456,-6.7761,-0.7432,0.0,0.0,0.0,0.0,16,6.2
90.507,-6.7761,-0.7432,0.0,0.0,0.0,0.0,16,6.2
90.516,-6.7761,-0.7432,0.0,0.0,0.0,0.0,16,6.2
90.516,-6.7761,-0.7432,0.0,0.0,0.0,0.0,16,6.2
90.567,-6.7761,-0.7432,0.0,0.0,0.0,0.0,16,6.2
90.576,-6.7761,-0.7432,0.0,0.0,0.0,0.0,16,6.2
90.576,-6.7761,-0.7432,0.0,0.0,0.0,0.0,16,6.2
90.627,-6.7761,-0.7432,0.0,0.0,0.0,0.0,16,6.2
90.636,-6.7761,-0.7432,0.0,0.0,0.0,0.0,16,6.2
90.636,-6.7761,-0.7432,0.0,0.0,0.0,0.0,16,6.2
90.686,-6.7761,-0.7432,0.0,0.0,0.0,0.0,16,6.2
90.696,-6.7761,-0.7432,0.0,0.0,0.0,0.0,16,6.2
90.696,-6.7761,-0.7432,0.0,0.0,0.0,0.0,16,6.2
90.746,-6.7761,-0.7432,0.0,0.0,0.0,0.0,16,6.2
90.756,-6.7761,-0.7432,0.0,0.0,0.0,0.0,16,6.2
90.757,-6.7761,-0.7432,0.0,0.0,0.0,0.0,16,6.2
90.807,-6.7761,-0.7432,0.0,0.0,0.0,0.0,16,6.2
90.816,-6.7761,-0.7432,0.0,0.0,0.0,0.0,16,6.2
90.816,-6.7761,-0.7432,0.0,0.0,0.0,0.0,16,6.2
90.866,-6.7761,-0.7432,0.0,0.0,0.0,0.0,16,6.2
90.876,-6.7761,-0.7432,0.0,0.0,0.0,0.0,16,6.2
90.876,-6.7761,-0.7432,0.0,0.0,0.0,0.0,16,6.2
90.926,-6.7761,-0.7432,0.0,0.0,0.0,0.0,16,6.2
90.935,-6.7761,-0.7432,0.0,0.0,0.0,0.0,16,6.2
90.936,-6.7761,-0.7432,0.0,0.0,0.0,0.0,16,6.2
90.986,-6.7761,-0.7432,0.0,0.0,0.0,0.0,16,6.2
90.996,-6.7761,-0.7432,0.0,0.0,0.0,0.0,16,6.2
90.996,-6.7761,-0.7432,0.0,0.0,0.0,0.0,16,6.2
91.046,-6.7761,-0.7432,0.0,0.0,0.0,0.0,16,6.2
91.058,-6.7761,-0.7432,0.0,0.0,0.0,0.0,16,6.2
91.058,-6.7761,-0.7432,0.0,0.0,0.0,0.0,16,6.2
91.108,-6.7761,-0.7432,0.0,0.0,0.0,0.0,16,6.2
91.116,-6.7761,-0.7432,0.0,0.0,0.0,0.0,16,6.2
91.116,-6.7761,-0.7432,0.0,0.0,0.0,0.0,16,6.2
91.166,-6.7761,-0.7432,0.0,0.0,0.0,0.0,16,6.2
91.176,-6.7761,-0.7432,0.0,0.0,0.0,0.0,16,6.2
91.176,-6.7761,-0.7432,0.0,0.0,0.0,0.0,16,6.2
91.226,-6.7761,-0.7432,0.0,0.0,0.0,0.0,16,6.2
91.235,-6.7761,-0.7432,0.0,0.0,0.0,0.0,16,6.2
91.236,-6.7761,-0.7432,0.0,0.0,0.0,0.0,16,6.2
91.286,-6.7761,-0.7432,0.0,0.0,0.0,0.0,16,6.2
91.295,-6.7761,-0.7432,0.0,0.0,0.0,0.0,16,6.2
91.296,-6.7761,-0.7432,0.0,0.0,0.0,0.0,16,6.2
91.346,-6.7761,-0.7432,0.0,0.0,0.0,0.0,16,6.2
91.356,-6.7761,-0.7432,0.0,0.0,0.0,0.0,16,6.2
91.356,-6.7761,-0.7432,0.0,0.0,0.0,0.0,16,6.2
91.406,-6.7761,-0.7432,0.0,0.0,0.0,0.0,16,6.2
91.416,-6.7761,-0.7432,0.0,0.0,0.0,0.0,16,6.2
91.416,-6.7761,-0.7432,0.0,0.0,0.0,0.0,16,6.2
91.466,-6.7761,-0.7432,0.0,0.0,0.0,0.0,16,6.2
91.476,-6.7761,-0.7432,0.0,0.0,0.0,0.0,16,6.2
91.476,-6.7761,-0.7432,0.0,0.0,0.0,0.0,16,6.2
91.527,-6.7761,-0.7432,0.0,0.0,0.0,0.0,16,6.2
91.535,-6.7761,-0.7432,0.0,0.0,0.0,0.0,16,6.2
91.536,-6.7761,-0.7432,0.0,0.0,0.0,0.0,16,6.2
91.586,-6.7761,-0.7432,0.0,0.0,0.0,0.0,16,6.2
91.596,-6.7761,-0.7432,0.0,0.0,0.0,0.0,16,6.2
91.596,-6.7761,-0.7432,0.0,0.0,0.0,0.0,16,6.2
91.646,-6.7761,-0.7432,0.0,0.0,0.0,0.0,16,6.2
91.657,-6.7761,-0.7432,0.0,0.0,0.0,0.0,16,6.2
91.657,-6.7761,-0.7432,0.0,0.0,0.0,0.0,16,6.2
91.707,-6.7761,-0.7432,0.0,0.0,0.0,0.0,16,6.2
91.716,-6.7761,-0.7432,0.0,0.0,0.0,0.0,16,6.2
91.716,-6.7761,-0.7432,0.0,0.0,0.0,0.0,16,6.2
91.766,-6.7761,-0.7432,0.0,0.0,0.0,0.0,16,6.2
91.766,-6.7761,-0.7432,0.0,0.0,0.0,0.0,16,6.2
91.816,-6.7761,-0.7432,0.0,0.0,0.0,0.0,16,6.2
91.826,-6.7761,-0.7432,0.0,0.0,0.0,0.0,16,6.2
91.826,-6.7761,-0.7432,0.0,0.0,0.0,0.0,16,6.2
91.876,-6.7761,-0.7432,0.0,0.0,0.0,0.0,16,6.2
91.876,-6.7761,-0.7432,0.0,0.0,0.0,0.0,16,6.1
91.927,-6.7761,-0.7432,0.0,0.0,0.0,0.0,16,6.1
91.936,-6.7761,-0.7432,0.0,0.0,0.0,0.0,16,6.1
91.936,-6.7761,-0.7432,0.0,0.0,0.0,0.0,16,6.2
91.986,-6.7761,-0.7432,0.0,0.0,0.0,0.0,16,6.2
91.996,-6.7761,-0.7432,0.0,0.0,0.0,0.0,16,6.2
91.996,-6.7761,-0.7432,0.0,0.0,0.0,0.0,16,6.2
92.047,-6.7761,-0.7432,0.0,0.0,0.0,0.0,16,6.2
92.056,-6.7761,-0.7432,0.0,0.0,0.0,0.0,16,6.2
92.056,-6.7761,-0.7432,0.0,0.0,0.0,0.0,16,6.2
92.107,-6.7761,-0.7432,0.0,0.0,0.0,0.0,16,6.2
92.116,-6.7761,-0.7432,0.0,0.0,0.0,0.0,16,6.2
92.116,-6.7761,-0.7432,0.0,0.0,0.0,0.0,16,6.1
92.166,-6.7761,-0.7432,0.0,0.0,0.0,0.0,16,6.1
92.176,-6.7761,-0.7432,0.0,0.0,0.0,0.0,16,6.1
92.176,-6.7761,-0.7432,0.0,0.0,0.0,0.0,16,6.1
92.227,-6.7761,-0.7432,0.0,0.0,0.0,0.0,16,6.1
92.236,-6.7761,-0.7432,0.0,0.0,0.0,0.0,16,6.1
92.236,-6.7761,-0.7432,0.0,0.0,0.0,0.0,16,6.2
92.286,-6.7761,-0.7432,0.0,0.0,0.0,0.0,16,6.2
92.296,-6.7761,-0.7432,0.0,0.0,0.0,0.0,16,6.2
92.296,-6.7761,-0.7432,0.0,0.0,0.0,0.0,16,6.1
92.346,-6.7761,-0.7432,0.0,0.0,0.0,0.0,16,6.1
92.356,-6.7761,-0.7432,0.0,0.0,0.0,0.0,16,6.1
92.357,-6.7761,-0.7432,0.0,0.0,0.0,0.0,16,6.2
92.407,-6.7761,-0.7432,0.0,0.0,0.0,0.0,16,6.2
92.416,-6.7761,-0.7432,0.0,0.0,0.0,0.0,16,6.2
92.416,-6.7761,-0.7432,0.0,0.0,0.0,0.0,16,6.1
92.466,-6.7761,-0.7432,0.0,0.0,0.0,0.0,16,6.1
92.476,-6.7761,-0.7432,0.0,0.0,0.0,0.0,16,6.1
92.476,-6.7761,-0.7432,0.0,0.0,0.0,0.0,16,6.2
92.527,-6.7761,-0.7432,0.0,0.0,0.0,0.0,16,6.2
92.536,-6.7761,-0.7432,0.0,0.0,0.0,0.0,16,6.2
92.536,-6.7761,-0.7432,0.0,0.0,0.0,0.0,16,6.2
92.586,-6.7761,-0.7432,0.0,0.0,0.0,0.0,16,6.2
92.596,-6.7761,-0.7432,0.0,0.0,0.0,0.0,16,6.2
92.596,-6.7761,-0.7432,0.0,0.0,0.0,0.0,16,6.1
92.646,-6.7761,-0.7432,0.0,0.0,0.0,0.0,16,6.1
92.657,-6.7761,-0.7432,0.0,0.0,0.0,0.0,16,6.1
92.657,-6.7761,-0.7432,0.0,0.0,0.0,0.0,16,6.1
92.707,-6.7761,-0.7432,0.0,0.0,0.0,0.0,16,6.1
92.716,-6.7761,-0.7432,0.0,0.0,0.0,0.0,16,6.1
92.716,-6.7761,-0.7432,0.0,0.0,0.0,0.0,16,6.2
92.766,-6.7761,-0.7432,0.0,0.0,0.0,0.0,16,6.2
92.766,-6.7761,-0.7432,0.0,0.0,0.0,0.0,16,6.1
92.816,-6.7761,-0.7432,0.0,0.0,0.0,0.0,16,6.1
92.826,-6.7761,-0.7432,0.0,0.0,0.0,0.0,16,6.2
92.876,-6.7761,-0.7432,0.0,0.0,0.0,0.0,16,6.2
92.876,-6.7761,-0.7432,0.0,0.0,0.0,0.0,16,6.2
92.926,-6.7761,-0.7432,0.0,0.0,0.0,0.0,16,6.2
92.935,-6.7761,-0.7432,0.0,0.0,0.0,0.0,16,6.2
92.936,-6.7761,-0.7432,0.0,0.0,0.0,0.0,16,6.1
92.986,-6.7761,-0.7432,0.0,0.0,0.0,0.0,16,6.1
92.996,-6.7761,-0.7432,0.0,0.0,0.0,0.0,16,6.1
92.996,-6.7761,-0.7432,0.0,0.0,0.0,0.0,16,6.1
93.046,-6.7761,-0.7432,0.0,0.0,0.0,0.0,16,6.1
93.057,-6.7761,-0.7432,0.0,0.0,0.0,0.0,16,6.1
93.057,-6.7761,-0.7432,0.0,0.0,0.0,0.0,16,6.2
93.108,-6.7761,-0.7432,0.0,0.0,0.0,0.0,16,6.2
93.116,-6.7761,-0.7432,0.0,0.0,0.0,0.0,16,6.2
93.116,-6.7761,-0.7432,0.0,0.0,0.0,0.0,16,6.1
93.166,-6.7761,-0.7432,0.0,0.0,0.0,0.0,16,6.1
93.176,-6.7761,-0.7432,0.0,0.0,0.0,0.0,16,6.1
93.176,-6.7761,-0.7432,0.0,0.0,0.0,0.0,16,6.1
93.227,-6.7761,-0.7432,0.0,0.0,0.0,0.0,16,6.1
93.236,-6.7761,-0.7432,0.0,0.0,0.0,0.0,16,6.1
93.236,-6.7761,-0.7432,0.0,0.0,0.0,0.0,16,6.1
93.286,-6.7761,-0.7432,0.0,0.0,0.0,0.0,16,6.1
93.296,-6.7761,-0.7432,0.0,0.0,0.0,0.0,16,6.1
93.296,-6.7761,-0.7432,0.0,0.0,0.0,0.0,16,6.1
93.346,-6.7761,-0.7432,0.0,0.0,0.0,0.0,16,6.1
93.357,-6.7761,-0.7432,0.0,0.0,0.0,0.0,16,6.1
93.357,-6.7761,-0.7432,0.0,0.0,0.0,0.0,16,6.1
93.408,-6.7761,-0.7432,0.0,0.0,0.0,0.0,16,6.1
93.416,-6.7761,-0.7432,0.0,0.0,0.0,0.0,16,6.1
93.416,-6.7761,-0.7432,0.0,0.0,0.0,0.0,16,6.1
93.466,-6.7761,-0.7432,0.0,0.0,0.0,0.0,16,6.1
93.476,-6.7761,-0.7432,0.0,0.0,0.0,0.0,16,6.1
93.476,-6.7761,-0.7432,0.0,0.0,0.0,0.0,16,6.1
93.527,-6.7761,-0.7432,0.0,0.0,0.0,0.0,16,6.1
93.536,-6.7761,-0.7432,0.0,0.0,0.0,0.0,16,6.1
93.536,-6.7761,-0.7432,0.0,0.0,0.0,0.0,16,6.1
93.586,-6.7761,-0.7432,0.0,0.0,0.0,0.0,16,6.1
93.596,-6.7761,-0.7432,0.0,0.0,0.0,0.0,16,6.1
93.596,-6.7761,-0.7432,0.0,0.0,0.0,0.0,16,6.1
93.646,-6.7761,-0.7432,0.0,0.0,0.0,0.0,16,6.1
93.656,-6.7761,-0.7432,0.0,0.0,0.0,0.0,16,6.1
93.656,-6.7761,-0.7432,0.0,0.0,0.0,0.0,16,6.1
93.706,-6.7761,-0.7432,0.0,0.0,0.0,0.0,16,6.1
93.716,-6.7761,-0.7432,0.0,0.0,0.0,0.0,16,6.1
93.716,-6.7761,-0.7432,0.0,0.0,0.0,0.0,16,6.1
93.766,-6.7761,-0.7432,0.0,0.0,0.0,0.0,16,6.1
93.776,-6.7761,-0.7432,0.0,0.0,0.0,0.0,16,6.1
93.776,-6.7761,-0.7432,0.0,0.0,0.0,0.0,16,6.1
93.827,-6.7761,-0.7432,0.0,0.0,0.0,0.0,16,6.1
93.835,-6.7761,-0.7432,0.0,0.0,0.0,0.0,16,6.1
93.836,-6.7761,-0.7432,0.0,0.0,0.0,0.0,16,6.1
93.886,-6.7761,-0.7432,0.0,0.0,0.0,0.0,16,6.1
93.896,-6.7761,-0.7432,0.0,0.0,0.0,0.0,16,6.1
93.896,-6.7761,-0.7432,0.0,0.0,0.0,0.0,16,6.1
93.946,-6.7761,-0.7432,0.0,0.0,0.0,0.0,16,6.1
93.956,-6.7761,-0.7432,0.0,0.0,0.0,0.0,16,6.1
93.956,-6.7761,-0.7432,0.0,0.0,0.0,0.0,16,6.1
94.007,-6.7761,-0.7432,0.0,0.0,0.0,0.0,16,6.1
94.016,-6.7761,-0.7432,0.0,0.0,0.0,0.0,16,6.1
94.016,-6.7761,-0.7432,0.0,0.0,0.0,0.0,16,6.1
94.066,-6.7761,-0.7432,0.0,0.0,0.0,0.0,16,6.1
94.076,-6.7761,-0.7432,0.0,0.0,0.0,0.0,16,6.1
94.076,-6.7761,-0.7432,0.0,0.0,0.0,0.0,16,6.1
94.127,-6.7761,-0.7432,0.0,0.0,0.0,0.0,16,6.1
94.136,-6.7761,-0.7432,0.0,0.0,0.0,0.0,16,6.1
94.136,-6.7761,-0.7432,0.0,0.0,0.0,0.0,16,6.1
94.186,-6.7761,-0.7432,0.0,0.0,0.0,0.0,16,6.1
94.196,-6.7761,-0.7432,0.0,0.0,0.0,0.0,16,6.1
94.196,-6.7761,-0.7432,0.0,0.0,0.0,0.0,16,6.1
94.247,-6.7761,-0.7432,0.0,0.0,0.0,0.0,16,6.1
94.256,-6.7761,-0.7432,0.0,0.0,0.0,0.0,16,6.1
94.256,-6.7761,-0.7432,0.0,0.0,0.0,0.0,16,6.1
94.307,-6.7761,-0.7432,0.0,0.0,0.0,0.0,16,6.1
94.316,-6.7761,-0.7432,0.0,0.0,0.0,0.0,16,6.1
94.316,-6.7761,-0.7432,0.0,0.0,0.0,0.0,16,6.1
94.366,-6.7761,-0.7432,0.0,0.0,0.0,0.0,16,6.1
94.376,-6.7761,-0.7432,0.0,0.0,0.0,0.0,16,6.1
94.376,-6.7761,-0.7432,0.0,0.0,0.0,0.0,16,6.1
94.426,-6.7761,-0.7432,0.0,0.0,0.0,0.0,16,6.1
94.436,-6.7761,-0.7432,0.0,0.0,0.0,0.0,16,6.1
94.436,-6.7761,-0.7432,0.0,0.0,0.0,0.0,16,6.1
94.486,-6.7761,-0.7432,0.0,0.0,0.0,0.0,16,6.1
94.496,-6.7761,-0.7432,0.0,0.0,0.0,0.0,16,6.1
94.496,-6.7761,-0.7432,0.0,0.0,0.0,0.0,16,6.1
94.546,-6.7761,-0.7432,0.0,0.0,0.0,0.0,16,6.1
94.556,-6.7761,-0.7432,0.0,0.0,0.0,0.0,16,6.1
94.556,-6.7761,-0.7432,0.0,0.0,0.0,0.0,16,6.1
94.606,-6.7761,-0.7432,0.0,0.0,0.0,0.0,16,6.1
94.615,-6.7761,-0.7432,0.0,0.0,0.0,0.0,16,6.1
94.616,-6.7761,-0.7432,0.0,0.0,0.0,0.0,16,6.1
94.666,-6.7761,-0.7432,0.0,0.0,0.0,0.0,16,6.1
94.676,-6.7761,-0.7432,0.0,0.0,0.0,0.0,16,6.1
94.676,-6.7761,-0.7432,0.0,0.0,0.0,0.0,16,6.1
94.727,-6.7761,-0.7432,0.0,0.0,0.0,0.0,16,6.1
94.736,-6.7761,-0.7432,0.0,0.0,0.0,0.0,16,6.1
94.736,-6.7761,-0.7432,0.0,0.0,0.0,0.0,16,6.1
94.786,-6.7761,-0.7432,0.0,0.0,0.0,0.0,16,6.1
94.796,-6.7761,-0.7432,0.0,0.0,0.0,0.0,16,6.1
94.796,-6.7761,-0.7432,0.0,0.0,0.0,0.0,16,6.1
94.846,-6.7761,-0.7432,0.0,0.0,0.0,0.0,16,6.1
94.856,-6.7761,-0.7432,0.0,0.0,0.0,0.0,16,6.1
94.856,-6.7761,-0.7432,0.0,0.0,0.0,0.0,16,6.1
94.906,-6.7761,-0.7432,0.0,0.0,0.0,0.0,16,6.1
94.916,-6.7761,-0.7432,0.0,0.0,0.0,0.0,16,6.1
94.916,-6.7761,-0.7432,0.0,0.0,0.0,0.0,16,6.1
94.966,-6.7761,-0.7432,0.0,0.0,0.0,0.0,16,6.1
94.976,-6.7761,-0.7432,0.0,0.0,0.0,0.0,16,6.1
94.976,-6.7761,-0.7432,0.0,0.0,0.0,0.0,16,6.1
95.026,-6.7761,-0.7432,0.0,0.0,0.0,0.0,16,6.1
95.036,-6.7761,-0.7432,0.0,0.0,0.0,0.0,16,6.1
95.036,-6.7761,-0.7432,0.0,0.0,0.0,0.0,16,6.1
95.086,-6.7761,-0.7432,0.0,0.0,0.0,0.0,16,6.1
95.096,-6.7761,-0.7432,0.0,0.0,0.0,0.0,16,6.1
95.096,-6.7761,-0.7432,0.0,0.0,0.0,0.0,16,6.1
95.146,-6.7761,-0.7432,0.0,0.0,0.0,0.0,16,6.1
95.156,-6.7761,-0.7432,0.0,0.0,0.0,0.0,16,6.1
95.156,-6.7761,-0.7432,0.0,0.0,0.0,0.0,16,6.1
95.206,-6.7761,-0.7432,0.0,0.0,0.0,0.0,16,6.1
95.216,-6.7761,-0.7432,0.0,0.0,0.0,0.0,16,6.1
95.216,-6.7761,-0.7432,0.0,0.0,0.0,0.0,16,6.1
95.266,-6.7761,-0.7432,0.0,0.0,0.0,0.0,16,6.1
95.276,-6.7761,-0.7432,0.0,0.0,0.0,0.0,16,6.1
95.276,-6.7761,-0.7432,0.0,0.0,0.0,0.0,16,6.1
95.326,-6.7761,-0.7432,0.0,0.0,0.0,0.0,16,6.1
95.336,-6.7761,-0.7432,0.0,0.0,0.0,0.0,16,6.1
95.336,-6.7761,-0.7432,0.0,0.0,0.0,0.0,16,6.1
95.386,-6.7761,-0.7432,0.0,0.0,0.0,0.0,16,6.1
95.396,-6.7761,-0.7432,0.0,0.0,0.0,0.0,16,6.1
95.396,-6.7761,-0.7432,0.0,0.0,0.0,0.0,16,6.1
95.446,-6.7761,-0.7432,0.0,0.0,0.0,0.0,16,6.1
95.456,-6.7761,-0.7432,0.0,0.0,0.0,0.0,16,6.1
95.456,-6.7761,-0.7432,0.0,0.0,0.0,0.0,16,6.1
95.507,-6.7761,-0.7432,0.0,0.0,0.0,0.0,16,6.1
95.516,-6.7761,-0.7432,0.0,0.0,0.0,0.0,16,6.1
95.516,-6.7761,-0.7432,0.0,0.0,0.0,0.0,16,6.1
95.566,-6.7761,-0.7432,0.0,0.0,0.0,0.0,16,6.1
95.576,-6.7761,-0.7432,0.0,0.0,0.0,0.0,16,6.1
95.576,-6.7761,-0.7432,0.0,0.0,0.0,0.0,16,6.1
95.626,-6.7761,-0.7432,0.0,0.0,0.0,0.0,16,6.1
95.636,-6.7761,-0.7432,0.0,0.0,0.0,0.0,16,6.1
95.636,-6.7761,-0.7432,0.0,0.0,0.0,0.0,16,6.1
95.686,-6.7761,-0.7432,0.0,0.0,0.0,0.0,16,6.1
95.696,-6.7761,-0.7432,0.0,0.0,0.0,0.0,16,6.1
95.696,-6.7761,-0.7432,0.0,0.0,0.0,0.0,16,6.1
95.746,-6.7761,-0.7432,0.0,0.0,0.0,0.0,16,6.1
95.756,-6.7761,-0.7432,0.0,0.0,0.0,0.0,16,6.1
95.756,-6.7761,-0.7432,0.0,0.0,0.0,0.0,16,6.1
95.806,-6.7761,-0.7432,0.0,0.0,0.0,0.0,16,6.1
95.816,-6.7761,-0.7432,0.0,0.0,0.0,0.0,16,6.1
95.816,-6.7761,-0.7432,0.0,0.0,0.0,0.0,16,6.1
95.866,-6.7761,-0.7432,0.0,0.0,0.0,0.0,16,6.1
95.876,-6.7761,-0.7432,0.0,0.0,0.0,0.0,16,6.1
95.876,-6.7761,-0.7432,0.0,0.0,0.0,0.0,16,6.1
95.927,-6.7761,-0.7432,0.0,0.0,0.0,0.0,16,6.1
95.936,-6.7761,-0.7432,0.0,0.0,0.0,0.0,16,6.1
95.936,-6.7761,-0.7432,0.0,0.0,0.0,0.0,16,6.1
95.986,-6.7761,-0.7432,0.0,0.0,0.0,0.0,16,6.1
95.996,-6.7761,-0.7432,0.0,0.0,0.0,0.0,16,6.1
95.996,-6.7761,-0.7432,0.0,0.0,0.0,0.0,16,6.1
96.046,-6.7761,-0.7432,0.0,0.0,0.0,0.0,16,6.1
96.056,-6.7761,-0.7432,0.0,0.0,0.0,0.0,16,6.1
96.057,-6.7761,-0.7432,0.0,0.0,0.0,0.0,16,6.1
96.107,-6.7761,-0.7432,0.0,0.0,0.0,0.0,16,6.1
96.116,-6.7761,-0.7432,0.0,0.0,0.0,0.0,16,6.1
96.116,-6.7761,-0.7432,0.0,0.0,0.0,0.0,16,6.1
96.166,-6.7761,-0.7432,0.0,0.0,0.0,0.0,16,6.1
96.176,-6.7761,-0.7432,0.0,0.0,0.0,0.0,16,6.1
96.176,-6.7761,-0.7432,0.0,0.0,0.0,0.0,16,6.1
96.227,-6.7761,-0.7432,0.0,0.0,0.0,0.0,16,6.1
96.236,-6.7761,-0.7432,0.0,0.0,0.0,0.0,16,6.1
96.236,-6.7761,-0.7432,0.0,0.0,0.0,0.0,16,6.1
96.286,-6.7761,-0.7432,0.0,0.0,0.0,0.0,16,6.1
96.296,-6.7761,-0.7432,0.0,0.0,0.0,0.0,16,6.1
96.296,-6.7761,-0.7432,0.0,0.0,0.0,0.0,16,6.1
96.346,-6.7761,-0.7432,0.0,0.0,0.0,0.0,16,6.1
96.356,-6.7761,-0.7432,0.0,0.0,0.0,0.0,16,6.1
96.356,-6.7761,-0.7432,0.0,0.0,0.0,0.0,16,6.1
96.406,-6.7761,-0.7432,0.0,0.0,0.0,0.0,16,6.1
96.415,-6.7761,-0.7432,0.0,0.0,0.0,0.0,16,6.1
96.416,-6.7761,-0.7432,0.0,0.0,0.0,0.0,16,6.1
96.466,-6.7761,-0.7432,0.0,0.0,0.0,0.0,16,6.1
96.466,-6.7761,-0.7432,0.0,0.0,0.0,0.0,16,6.1
96.516,-6.7761,-0.7432,0.0,0.0,0.0,0.0,16,6.1
96.526,-6.7761,-0.7432,0.0,0.0,0.0,0.0,16,6.1
96.526,-6.7761,-0.7432,0.0,0.0,0.0,0.0,16,6.1
96.576,-6.7761,-0.7432,0.0,0.0,0.0,0.0,16,6.1
96.576,-6.7761,-0.7432,0.0,0.0,0.0,0.0,16,6.1
96.627,-6.7761,-0.7432,0.0,0.0,0.0,0.0,16,6.1
96.636,-6.7761,-0.7432,0.0,0.0,0.0,0.0,16,6.1
96.636,-6.7761,-0.7432,0.0,0.0,0.0,0.0,16,6.1
96.686,-6.7761,-0.7432,0.0,0.0,0.0,0.0,16,6.1
96.696,-6.7761,-0.7432,0.0,0.0,0.0,0.0,16,6.1
96.697,-6.7761,-0.7432,0.0,0.0,0.0,0.0,16,6.1
96.747,-6.7761,-0.7432,0.0,0.0,0.0,0.0,16,6.1
96.756,-6.7761,-0.7432,0.0,0.0,0.0,0.0,16,6.1
96.756,-6.7761,-0.7432,0.0,0.0,0.0,0.0,16,6.1
96.807,-6.7761,-0.7432,0.0,0.0,0.0,0.0,16,6.1
96.816,-6.7761,-0.7432,0.0,0.0,0.0,0.0,16,6.1
96.816,-6.7761,-0.7432,0.0,0.0,0.0,0.0,16,6.1
96.866,-6.7761,-0.7432,0.0,0.0,0.0,0.0,16,6.1
96.876,-6.7761,-0.7432,0.0,0.0,0.0,0.0,16,6.1
96.876,-6.7761,-0.7432,0.0,0.0,0.0,0.0,16,6.1
96.927,-6.7761,-0.7432,0.0,0.0,0.0,0.0,16,6.1
96.936,-6.7761,-0.7432,0.0,0.0,0.0,0.0,16,6.1
96.936,-6.7761,-0.7432,0.0,0.0,0.0,0.0,16,6.1
96.986,-6.7761,-0.7432,0.0,0.0,0.0,0.0,16,6.1
96.996,-6.7761,-0.7432,0.0,0.0,0.0,0.0,16,6.1
96.996,-6.7761,-0.7432,0.0,0.0,0.0,0.0,16,6.1
97.046,-6.7761,-0.7432,0.0,0.0,0.0,0.0,16,6.1
97.056,-6.7761,-0.7432,0.0,0.0,0.0,0.0,16,6.1
97.056,-6.7761,-0.7432,0.0,0.0,0.0,0.0,16,6.1
97.107,-6.7761,-0.7432,0.0,0.0,0.0,0.0,16,6.1
97.116,-6.7761,-0.7432,0.0,0.0,0.0,0.0,16,6.1
97.116,-6.7761,-0.7432,0.0,0.0,0.0,0.0,16,6.1
97.166,-6.7761,-0.7432,0.0,0.0,0.0,0.0,16,6.1
97.176,-6.7761,-0.7432,0.0,0.0,0.0,0.0,16,6.1
97.176,-6.7761,-0.7432,0.0,0.0,0.0,0.0,16,6.1
97.227,-6.7761,-0.7432,0.0,0.0,0.0,0.0,16,6.1
97.236,-6.7761,-0.7432,0.0,0.0,0.0,0.0,16,6.1
97.236,-6.7761,-0.7432,0.0,0.0,0.0,0.0,16,6.0
97.286,-6.7761,-0.7432,0.0,0.0,0.0,0.0,16,6.0
97.296,-6.7761,-0.7432,0.0,0.0,0.0,0.0,16,6.0
97.296,-6.7761,-0.7432,0.0,0.0,0.0,0.0,16,6.0
97.346,-6.7761,-0.7432,0.0,0.0,0.0,0.0,16,6.0
97.356,-6.7761,-0.7432,0.0,0.0,0.0,0.0,16,6.0
97.356,-6.7761,-0.7432,0.0,0.0,0.0,0.0,16,6.0
97.406,-6.7761,-0.7432,0.0,0.0,0.0,0.0,16,6.0
97.407,-6.7761,-0.7432,0.0,0.0,0.0,0.0,16,6.0
97.457,-6.7761,-0.7432,0.0,0.0,0.0,0.0,16,6.0
97.457,-6.7761,-0.7432,0.0,0.0,0.0,0.0,16,6.0
97.458,-6.7761,-0.7432,0.0,0.0,0.0,0.0,16,6.1
97.508,-6.7761,-0.7432,0.0,0.0,0.0,0.0,16,6.1
97.516,-6.7761,-0.7432,0.0,0.0,0.0,0.0,16,6.1
97.516,-6.7761,-0.7432,0.0,0.0,0.0,0.0,16,6.0
97.566,-6.7761,-0.7432,0.0,0.0,0.0,0.0,16,6.0
97.576,-6.7761,-0.7432,0.0,0.0,0.0,0.0,16,6.0
97.577,-6.7761,-0.7432,0.0,0.0,0.0,0.0,16,6.1
97.627,-6.7761,-0.7432,0.0,0.0,0.0,0.0,16,6.1
97.636,-6.7761,-0.7432,0.0,0.0,0.0,0.0,16,6.1
97.636,-6.7761,-0.7432,0.0,0.0,0.0,0.0,16,6.1
97.686,-6.7761,-0.7432,0.0,0.0,0.0,0.0,16,6.1
97.696,-6.7761,-0.7432,0.0,0.0,0.0,0.0,16,6.1
97.696,-6.7761,-0.7432,0.0,0.0,0.0,0.0,16,6.1
97.746,-6.7761,-0.7432,0.0,0.0,0.0,0.0,16,6.1
97.757,-6.7761,-0.7432,0.0,0.0,0.0,0.0,16,6.1
97.757,-6.7761,-0.7432,0.0,0.0,0.0,0.0,16,6.1
97.807,-6.7761,-0.7432,0.0,0.0,0.0,0.0,16,6.1
97.816,-6.7761,-0.7432,0.0,0.0,0.0,0.0,16,6.1
97.816,-6.7761,-0.7432,0.0,0.0,0.0,0.0,16,6.1
97.866,-6.7761,-0.7432,0.0,0.0,0.0,0.0,16,6.1
97.876,-6.7761,-0.7432,0.0,0.0,0.0,0.0,16,6.1
97.876,-6.7761,-0.7432,0.0,0.0,0.0,0.0,16,6.0
97.927,-6.7761,-0.7432,0.0,0.0,0.0,0.0,16,6.0
97.936,-6.7761,-0.7432,0.0,0.0,0.0,0.0,16,6.0
97.936,-6.7761,-0.7432,0.0,0.0,0.0,0.0,16,6.0
97.986,-6.7761,-0.7432,0.0,0.0,0.0,0.0,16,6.0
97.995,-6.7761,-0.7432,0.0,0.0,0.0,0.0,16,6.0
97.996,-6.7761,-0.7432,0.0,0.0,0.0,0.0,16,6.0
98.046,-6.7761,-0.7432,0.0,0.0,0.0,0.0,16,6.0
98.056,-6.7761,-0.7432,0.0,0.0,0.0,0.0,16,6.0
98.056,-6.7761,-0.7432,0.0,0.0,0.0,0.0,16,6.0
98.106,-6.7761,-0.7432,0.0,0.0,0.0,0.0,16,6.0
98.115,-6.7761,-0.7432,0.0,0.0,0.0,0.0,16,6.0
98.116,-6.7761,-0.7432,0.0,0.0,0.0,0.0,16,6.0
98.166,-6.7761,-0.7432,0.0,0.0,0.0,0.0,16,6.0
98.176,-6.7761,-0.7432,0.0,0.0,0.0,0.0,16,6.0
98.176,-6.7761,-0.7432,0.0,0.0,0.0,0.0,16,6.1
98.226,-6.7761,-0.7432,0.0,0.0,0.0,0.0,16,6.1
98.236,-6.7761,-0.7432,0.0,0.0,0.0,0.0,16,6.1
98.236,-6.7761,-0.7432,0.0,0.0,0.0,0.0,16,6.1
98.286,-6.7761,-0.7432,0.0,0.0,0.0,0.0,16,6.1
98.296,-6.7761,-0.7432,0.0,0.0,0.0,0.0,16,6.1
98.296,-6.7761,-0.7432,0.0,0.0,0.0,0.0,16,6.0
98.346,-6.7761,-0.7432,0.0,0.0,0.0,0.0,16,6.0
98.356,-6.7761,-0.7432,0.0,0.0,0.0,0.0,16,6.0
98.356,-6.7761,-0.7432,0.0,0.0,0.0,0.0,16,6.1
98.407,-6.7761,-0.7432,0.0,0.0,0.0,0.0,16,6.1
98.416,-6.7761,-0.7432,0.0,0.0,0.0,0.0,16,6.1
98.416,-6.7761,-0.7432,0.0,0.0,0.0,0.0,16,6.0
98.466,-6.7761,-0.7432,0.0,0.0,0.0,0.0,16,6.0
98.476,-6.7761,-0.7432,0.0,0.0,0.0,0.0,16,6.0
98.476,-6.7761,-0.7432,0.0,0.0,0.0,0.0,16,6.0
98.527,-6.7761,-0.7432,0.0,0.0,0.0,0.0,16,6.0
98.536,-6.7761,-0.7432,0.0,0.0,0.0,0.0,16,6.0
98.536,-6.7761,-0.7432,0.0,0.0,0.0,0.0,16,6.0
98.586,-6.7761,-0.7432,0.0,0.0,0.0,0.0,16,6.0
98.596,-6.7761,-0.7432,0.0,0.0,0.0,0.0,16,6.0
98.596,-6.7761,-0.7432,0.0,0.0,0.0,0.0,16,6.0
98.646,-6.7761,-0.7432,0.0,0.0,0.0,0.0,16,6.0
98.656,-6.7761,-0.7432,0.0,0.0,0.0,0.0,16,6.0
98.656,-6.7761,-0.7432,0.0,0.0,0.0,0.0,16,6.0
98.707,-6.7761,-0.7432,0.0,0.0,0.0,0.0,16,6.0
98.716,-6.7761,-0.7432,0.0,0.0,0.0,0.0,16,6.0
98.716,-6.7761,-0.7432,0.0,0.0,0.0,0.0,16,6.1
98.766,-6.7761,-0.7432,0.0,0.0,0.0,0.0,16,6.1
98.776,-6.7761,-0.7432,0.0,0.0,0.0,0.0,16,6.1
98.777,-6.7761,-0.7432,0.0,0.0,0.0,0.0,16,6.0
98.827,-6.7761,-0.7432,0.0,0.0,0.0,0.0,16,6.0
98.836,-6.7761,-0.7432,0.0,0.0,0.0,0.0,16,6.0
98.836,-6.7761,-0.7432,0.0,0.0,0.0,0.0,16,6.0
98.886,-6.7761,-0.7432,0.0,0.0,0.0,0.0,16,6.0
98.896,-6.7761,-0.7432,0.0,0.0,0.0,0.0,16,6.0
98.896,-6.7761,-0.7432,0.0,0.0,0.0,0.0,16,6.0
98.946,-6.7761,-0.7432,0.0,0.0,0.0,0.0,16,6.0
98.957,-6.7761,-0.7432,0.0,0.0,0.0,0.0,16,6.0
98.957,-6.7761,-0.7432,0.0,0.0,0.0,0.0,16,6.0
99.008,-6.7761,-0.7432,0.0,0.0,0.0,0.0,16,6.0
99.016,-6.7761,-0.7432,0.0,0.0,0.0,0.0,16,6.0
99.016,-6.7761,-0.7432,0.0,0.0,0.0,0.0,16,6.0
99.066,-6.7761,-0.7432,0.0,0.0,0.0,0.0,16,6.0
99.076,-6.7761,-0.7432,0.0,0.0,0.0,0.0,16,6.0
99.076,-6.7761,-0.7432,0.0,0.0,0.0,0.0,16,6.0
99.126,-6.7761,-0.7432,0.0,0.0,0.0,0.0,16,6.0
99.136,-6.7761,-0.7432,0.0,0.0,0.0,0.0,16,6.0
99.136,-6.7761,-0.7432,0.0,0.0,0.0,0.0,16,6.0
99.186,-6.7761,-0.7432,0.0,0.0,0.0,0.0,16,6.0
99.195,-6.7761,-0.7432,0.0,0.0,0.0,0.0,16,6.0
99.196,-6.7761,-0.7432,0.0,0.0,0.0,0.0,16,6.0
99.246,-6.7761,-0.7432,0.0,0.0,0.0,0.0,16,6.0
99.256,-6.7761,-0.7432,0.0,0.0,0.0,0.0,16,6.0
99.256,-6.7761,-0.7432,0.0,0.0,0.0,0.0,16,6.0
99.307,-6.7761,-0.7432,0.0,0.0,0.0,0.0,16,6.0
99.316,-6.7761,-0.7432,0.0,0.0,0.0,0.0,16,6.0
99.316,-6.7761,-0.7432,0.0,0.0,0.0,0.0,16,6.0
99.366,-6.7761,-0.7432,0.0,0.0,0.0,0.0,16,6.0
99.378,-6.7761,-0.7432,0.0,0.0,0.0,0.0,16,6.0
99.378,-6.7761,-0.7432,0.0,0.0,0.0,0.0,16,6.0
99.429,-6.7761,-0.7432,0.0,0.0,0.0,0.0,16,6.0
99.436,-6.7761,-0.7432,0.0,0.0,0.0,0.0,16,6.0
99.436,-6.7761,-0.7432,0.0,0.0,0.0,0.0,16,6.0
99.486,-6.7761,-0.7432,0.0,0.0,0.0,0.0,16,6.0
99.496,-6.7761,-0.7432,0.0,0.0,0.0,0.0,16,6.0
99.496,-6.7761,-0.7432,0.0,0.0,0.0,0.0,16,6.0
99.546,-6.7761,-0.7432,0.0,0.0,0.0,0.0,16,6.0
99.556,-6.7761,-0.7432,0.0,0.0,0.0,0.0,16,6.0
99.557,-6.7761,-0.7432,0.0,0.0,0.0,0.0,16,6.0
99.607,-6.7761,-0.7432,0.0,0.0,0.0,0.0,16,6.0
99.616,-6.7761,-0.7432,0.0,0.0,0.0,0.0,16,6.0
99.616,-6.7761,-0.7432,0.0,0.0,0.0,0.0,16,6.0
99.666,-6.7761,-0.7432,0.0,0.0,0.0,0.0,16,6.0
99.676,-6.7761,-0.7432,0.0,0.0,0.0,0.0,16,6.0
99.676,-6.7761,-0.7432,0.0,0.0,0.0,0.0,16,6.0
99.727,-6.7761,-0.7432,0.0,0.0,0.0,0.0,16,6.0
99.735,-6.7761,-0.7432,0.0,0.0,0.0,0.0,16,6.0
99.736,-6.7761,-0.7432,0.0,0.0,0.0,0.0,16,6.0
99.786,-6.7761,-0.7432,0.0,0.0,0.0,0.0,16,6.0
99.796,-6.7761,-0.7432,0.0,0.0,0.0,0.0,16,6.0
99.796,-6.7761,-0.7432,0.0,0.0,0.0,0.0,16,6.0
99.846,-6.7761,-0.7432,0.0,0.0,0.0,0.0,16,6.0
99.856,-6.7761,-0.7432,0.0,0.0,0.0,0.0,16,6.0
99.856,-6.7761,-0.7432,0.0,0.0,0.0,0.0,16,6.0
99.906,-6.7761,-0.7432,0.0,0.0,0.0,0.0,16,6.0
99.916,-6.7761,-0.7432,0.0,0.0,0.0,0.0,16,6.0
99.916,-6.7761,-0.7432,0.0,0.0,0.0,0.0,16,6.0
99.966,-6.7761,-0.7432,0.0,0.0,0.0,0.0,16,6.0
99.976,-6.7761,-0.7432,0.0,0.0,0.0,0.0,16,6.0
99.976,-6.7761,-0.7432,0.0,0.0,0.0,0.0,16,6.0
100.026,-6.7761,-0.7432,0.0,0.0,0.0,0.0,16,6.0
100.036,-6.7761,-0.7432,0.0,0.0,0.0,0.0,16,6.0
100.036,-6.7761,-0.7432,0.0,0.0,0.0,0.0,16,6.0
100.086,-6.7761,-0.7432,0.0,0.0,0.0,0.0,16,6.0
100.095,-6.7761,-0.7432,0.0,0.0,0.0,0.0,16,6.0
100.096,-6.7761,-0.7432,0.0,0.0,0.0,0.0,16,6.0
100.146,-6.7761,-0.7432,0.0,0.0,0.0,0.0,16,6.0
100.156,-6.7761,-0.7432,0.0,0.0,0.0,0.0,16,6.0
100.156,-6.7761,-0.7432,0.0,0.0,0.0,0.0,16,6.0
100.207,-6.7761,-0.7432,0.0,0.0,0.0,0.0,16,6.0
100.216,-6.7761,-0.7432,0.0,0.0,0.0,0.0,16,6.0
100.216,-6.7761,-0.7432,0.0,0.0,0.0,0.0,16,6.0
100.266,-6.7761,-0.7432,0.0,0.0,0.0,0.0,16,6.0
100.277,-6.7761,-0.7432,0.0,0.0,0.0,0.0,16,6.0
100.277,-6.7761,-0.7432,0.0,0.0,0.0,0.0,16,6.0
100.327,-6.7761,-0.7432,0.0,0.0,0.0,0.0,16,6.0
100.336,-6.7761,-0.7432,0.0,0.0,0.0,0.0,16,6.0
100.336,-6.7761,-0.7432,0.0,0.0,0.0,0.0,16,6.0
100.387,-6.7761,-0.7432,0.0,0.0,0.0,0.0,16,6.0
100.396,-6.7761,-0.7432,0.0,0.0,0.0,0.0,16,6.0
100.396,-6.7761,-0.7432,0.0,0.0,0.0,0.0,16,6.0
100.446,-6.7761,-0.7432,0.0,0.0,0.0,0.0,16,6.0
100.457,-6.7761,-0.7432,0.0,0.0,0.0,0.0,16,6.0
100.457,-6.7761,-0.7432,0.0,0.0,0.0,0.0,16,6.0
100.507,-6.7761,-0.7432,0.0,0.0,0.0,0.0,16,6.0
100.516,-6.7761,-0.7432,0.0,0.0,0.0,0.0,16,6.0
100.516,-6.7761,-0.7432,0.0,0.0,0.0,0.0,16,6.0
100.566,-6.7761,-0.7432,0.0,0.0,0.0,0.0,16,6.0
100.576,-6.7761,-0.7432,0.0,0.0,0.0,0.0,16,6.0
100.577,-6.7761,-0.7432,0.0,0.0,0.0,0.0,16,6.0
100.627,-6.7761,-0.7432,0.0,0.0,0.0,0.0,16,6.0
100.636,-6.7761,-0.7432,0.0,0.0,0.0,0.0,16,6.0
100.636,-6.7761,-0.7432,0.0,0.0,0.0,0.0,16,6.0
100.686,-6.7761,-0.7432,0.0,0.0,0.0,0.0,16,6.0
100.696,-6.7761,-0.7432,0.0,0.0,0.0,0.0,16,6.0
100.696,-6.7761,-0.7432,0.0,0.0,0.0,0.0,16,6.0
100.746,-6.7761,-0.7432,0.0,0.0,0.0,0.0,16,6.0
100.757,-6.7761,-0.7432,0.0,0.0,0.0,0.0,16,6.0
100.757,-6.7761,-0.7432,0.0,0.0,0.0,0.0,16,6.0
100.807,-6.7761,-0.7432,0.0,0.0,0.0,0.0,16,6.0
100.816,-6.7761,-0.7432,0.0,0.0,0.0,0.0,16,6.0
100.816,-6.7761,-0.7432,0.0,0.0,0.0,0.0,16,6.0
100.866,-6.7761,-0.7432,0.0,0.0,0.0,0.0,16,6.0
100.876,-6.7761,-0.7432,0.0,0.0,0.0,0.0,16,6.0
100.876,-6.7761,-0.7432,0.0,0.0,0.0,0.0,16,6.0
100.927,-6.7761,-0.7432,0.0,0.0,0.0,0.0,16,6.0
100.936,-6.7761,-0.7432,0.0,0.0,0.0,0.0,16,6.0
100.936,-6.7761,-0.7432,0.0,0.0,0.0,0.0,16,6.0
100.986,-6.7761,-0.7432,0.0,0.0,0.0,0.0,16,6.0
100.995,-6.7761,-0.7432,0.0,0.0,0.0,0.0,16,6.0
100.996,-6.7761,-0.7432,0.0,0.0,0.0,0.0,16,6.0
101.046,-6.7761,-0.7432,0.0,0.0,0.0,0.0,16,6.0
101.056,-6.7761,-0.7432,0.0,0.0,0.0,0.0,16,6.0
101.056,-6.7761,-0.7432,0.0,0.0,0.0,0.0,16,6.0
101.106,-6.7761,-0.7432,0.0,0.0,0.0,0.0,16,6.0
101.116,-6.7761,-0.7432,0.0,0.0,0.0,0.0,16,6.0
101.116,-6.7761,-0.7432,0.0,0.0,0.0,0.0,16,6.0
101.166,-6.7761,-0.7432,0.0,0.0,0.0,0.0,16,6.0
101.176,-6.7761,-0.7432,0.0,0.0,0.0,0.0,16,6.0
101.176,-6.7761,-0.7432,0.0,0.0,0.0,0.0,16,6.0
101.226,-6.7761,-0.7432,0.0,0.0,0.0,0.0,16,6.0
101.236,-6.7761,-0.7432,0.0,0.0,0.0,0.0,16,6.0
101.236,-6.7761,-0.7432,0.0,0.0,0.0,0.0,16,6.0
101.286,-6.7761,-0.7432,0.0,0.0,0.0,0.0,16,6.0
101.296,-6.7761,-0.7432,0.0,0.0,0.0,0.0,16,6.0
101.296,-6.7761,-0.7432,0.0,0.0,0.0,0.0,16,6.0
101.346,-6.7761,-0.7432,0.0,0.0,0.0,0.0,16,6.0
101.356,-6.7761,-0.7432,0.0,0.0,0.0,0.0,16,6.0
101.356,-6.7761,-0.7432,0.0,0.0,0.0,0.0,16,6.0
101.407,-6.7761,-0.7432,0.0,0.0,0.0,0.0,16,6.0
101.415,-6.7761,-0.7432,0.0,0.0,0.0,0.0,16,6.0
101.416,-6.7761,-0.7432,0.0,0.0,0.0,0.0,16,6.0
101.466,-6.7761,-0.7432,0.0,0.0,0.0,0.0,16,6.0
101.476,-6.7761,-0.7432,0.0,0.0,0.0,0.0,16,6.0
101.476,-6.7761,-0.7432,0.0,0.0,0.0,0.0,16,6.0
101.527,-6.7761,-0.7432,0.0,0.0,0.0,0.0,16,6.0
101.536,-6.7761,-0.7432,0.0,0.0,0.0,0.0,16,6.0
101.536,-6.7761,-0.7432,0.0,0.0,0.0,0.0,16,6.0
101.586,-6.7761,-0.7432,0.0,0.0,0.0,0.0,16,6.0
101.596,-6.7761,-0.7432,0.0,0.0,0.0,0.0,16,6.0
101.596,-6.7761,-0.7432,0.0,0.0,0.0,0.0,16,6.0
101.646,-6.7761,-0.7432,0.0,0.0,0.0,0.0,16,6.0
101.657,-6.7761,-0.7432,0.0,0.0,0.0,0.0,16,6.0
101.658,-6.7761,-0.7432,0.0,0.0,0.0,0.0,16,6.0
101.708,-6.7761,-0.7432,0.0,0.0,0.0,0.0,16,6.0
101.716,-6.7761,-0.7432,0.0,0.0,0.0,0.0,16,6.0
101.716,-6.7761,-0.7432,0.0,0.0,0.0,0.0,16,6.0
101.767,-6.7761,-0.7432,0.0,0.0,0.0,0.0,16,6.0
101.778,-6.7761,-0.7432,0.0,0.0,0.0,0.0,16,6.0
101.778,-6.7761,-0.7432,0.0,0.0,0.0,0.0,16,6.0
101.828,-6.7761,-0.7432,0.0,0.0,0.0,0.0,16,6.0
101.836,-6.7761,-0.7432,0.0,0.0,0.0,0.0,16,6.0
101.836,-6.7761,-0.7432,0.0,0.0,0.0,0.0,16,6.0
101.886,-6.7761,-0.7432,0.0,0.0,0.0,0.0,16,6.0
101.895,-6.7761,-0.7432,0.0,0.0,0.0,0.0,16,6.0
101.896,-6.7761,-0.7432,0.0,0.0,0.0,0.0,16,6.0
101.946,-6.7761,-0.7432,0.0,0.0,0.0,0.0,16,6.0
101.946,-6.7761,-0.7432,0.0,0.0,0.0,0.0,16,6.0
101.997,-6.7761,-0.7432,0.0,0.0,0.0,0.0,16,6.0
102.006,-6.7761,-0.7432,0.0,0.0,0.0,0.0,16,6.0
102.006,-6.7761,-0.7432,0.0,0.0,0.0,0.0,16,6.0
102.056,-6.7761,-0.7432,0.0,0.0,0.0,0.0,16,6.0
102.056,-6.7761,-0.7432,0.0,0.0,0.0,0.0,16,6.0
102.107,-6.7761,-0.7432,0.0,0.0,0.0,0.0,16,6.0
102.116,-6.7761,-0.7432,0.0,0.0,0.0,0.0,16,6.0
102.116,-6.7761,-0.7432,0.0,0.0,0.0,0.0,16,5.9
102.166,-6.7761,-0.7432,0.0,0.0,0.0,0.0,16,5.9
102.176,-6.7761,-0.7432,0.0,0.0,0.0,0.0,16,5.9
102.176,-6.7761,-0.7432,0.0,0.0,0.0,0.0,16,6.0
102.226,-6.7761,-0.7432,0.0,0.0,0.0,0.0,16,6.0
102.236,-6.7761,-0.7432,0.0,0.0,0.0,0.0,16,6.0
102.236,-6.7761,-0.7432,0.0,0.0,0.0,0.0,16,6.0
102.286,-6.7761,-0.7432,0.0,0.0,0.0,0.0,16,6.0
102.296,-6.7761,-0.7432,0.0,0.0,0.0,0.0,16,6.0
102.296,-6.7761,-0.7432,0.0,0.0,0.0,0.0,16,6.0
102.346,-6.7761,-0.7432,0.0,0.0,0.0,0.0,16,6.0
102.356,-6.7761,-0.7432,0.0,0.0,0.0,0.0,16,6.0
102.356,-6.7761,-0.7432,0.0,0.0,0.0,0.0,16,6.0
102.407,-6.7761,-0.7432,0.0,0.0,0.0,0.0,16,6.0
102.416,-6.7761,-0.7432,0.0,0.0,0.0,0.0,16,6.0
102.416,-6.7761,-0.7432,0.0,0.0,0.0,0.0,16,6.0
102.466,-6.7761,-0.7432,0.0,0.0,0.0,0.0,16,6.0
102.477,-6.7761,-0.7432,0.0,0.0,0.0,0.0,16,6.0
102.478,-6.7761,-0.7432,0.0,0.0,0.0,0.0,16,6.0
102.528,-6.7761,-0.7432,0.0,0.0,0.0,0.0,16,6.0
102.536,-6.7761,-0.7432,0.0,0.0,0.0,0.0,16,6.0
102.536,-6.7761,-0.7432,0.0,0.0,0.0,0.0,16,6.0
102.586,-6.7761,-0.7432,0.0,0.0,0.0,0.0,16,6.0
102.596,-6.7761,-0.7432,0.0,0.0,0.0,0.0,16,6.0
102.596,-6.7761,-0.7432,0.0,0.0,0.0,0.0,16,6.0
102.646,-6.7761,-0.7432,0.0,0.0,0.0,0.0,16,6.0
102.656,-6.7761,-0.7432,0.0,0.0,0.0,0.0,16,6.0
102.656,-6.7761,-0.7432,0.0,0.0,0.0,0.0,16,5.9
102.706,-6.7761,-0.7432,0.0,0.0,0.0,0.0,16,5.9
102.716,-6.7761,-0.7432,0.0,0.0,0.0,0.0,16,5.9
102.716,-6.7761,-0.7432,0.0,0.0,0.0,0.0,16,6.0
102.766,-6.7761,-0.7432,0.0,0.0,0.0,0.0,16,6.0
102.776,-6.7761,-0.7432,0.0,0.0,0.0,0.0,16,6.0
102.776,-6.7761,-0.7432,0.0,0.0,0.0,0.0,16,5.9
102.826,-6.7761,-0.7432,0.0,0.0,0.0,0.0,16,5.9
102.835,-6.7761,-0.7432,0.0,0.0,0.0,0.0,16,5.9
102.836,-6.7761,-0.7432,0.0,0.0,0.0,0.0,16,6.0
102.886,-6.7761,-0.7432,0.0,0.0,0.0,0.0,16,6.0
102.896,-6.7761,-0.7432,0.0,0.0,0.0,0.0,16,6.0
102.896,-6.7761,-0.7432,0.0,0.0,0.0,0.0,16,5.9
102.946,-6.7761,-0.7432,0.0,0.0,0.0,0.0,16,5.9
102.956,-6.7761,-0.7432,0.0,0.0,0.0,0.0,16,5.9
102.956,-6.7761,-0.7432,0.0,0.0,0.0,0.0,16,5.9
103.006,-6.7761,-0.7432,0.0,0.0,0.0,0.0,16,5.9
103.016,-6.7761,-0.7432,0.0,0.0,0.0,0.0,16,6.0
103.056,-6.7761,-0.7432,0.0,0.0,0.0,0.0,16,6.0
103.076,-6.7761,-0.7432,0.0,0.0,0.0,0.0,16,6.0
103.116,-6.7761,-0.7432,0.0,0.0,0.0,0.0,16,6.0
103.135,-6.7761,-0.7432,0.0,0.0,0.0,0.0,16,5.9
103.176,-6.7761,-0.7432,0.0,0.0,0.0,0.0,16,5.9
103.196,-6.7761,-0.7432,0.0,0.0,0.0,0.0,16,5.9
103.236,-6.7761,-0.7432,0.0,0.0,0.0,0.0,16,5.9
103.256,-6.7761,-0.7432,0.0,0.0,0.0,0.0,16,6.0
103.296,-6.7761,-0.7432,0.0,0.0,0.0,0.0,16,6.0
103.316,-6.7761,-0.7432,0.0,0.0,0.0,0.0,16,5.9
103.356,-6.7761,-0.7432,0.0,0.0,0.0,0.0,16,5.9
103.376,-6.7761,-0.7432,0.0,0.0,0.0,0.0,16,5.9
103.416,-6.7761,-0.7432,0.0,0.0,0.0,0.0,16,5.9
103.435,-6.7761,-0.7432,0.0,0.0,0.0,0.0,16,5.9
103.476,-6.7761,-0.7432,0.0,0.0,0.0,0.0,16,5.9
103.495,-6.7761,-0.7432,0.0,0.0,0.0,0.0,16,5.9
103.536,-6.7761,-0.7432,0.0,0.0,0.0,0.0,16,5.9
103.556,-6.7761,-0.7432,0.0,0.0,0.0,0.0,16,5.9
103.596,-6.7761,-0.7432,0.0,0.0,0.0,0.0,16,5.9
103.616,-6.7761,-0.7432,0.0,0.0,0.0,0.0,16,6.0
103.656,-6.7761,-0.7432,0.0,0.0,0.0,0.0,16,6.0
103.675,-6.7761,-0.7432,0.0,0.0,0.0,0.0,16,6.0
103.716,-6.7761,-0.7432,0.0,0.0,0.0,0.0,16,6.0
103.735,-6.7761,-0.7432,0.0,0.0,0.0,0.0,16,5.9
103.776,-6.7761,-0.7432,0.0,0.0,0.0,0.0,16,5.9
103.795,-6.7761,-0.7432,0.0,0.0,0.0,0.0,16,5.9
103.836,-6.7761,-0.7432,0.0,0.0,0.0,0.0,16,5.9
103.856,-6.7761,-0.7432,0.0,0.0,0.0,0.0,16,5.9
103.896,-6.7761,-0.7432,0.0,0.0,0.0,0.0,16,5.9
103.916,-6.7761,-0.7432,0.0,0.0,0.0,0.0,16,5.9
103.956,-6.7761,-0.7432,0.0,0.0,0.0,0.0,16,5.9
103.975,-6.7761,-0.7432,0.0,0.0,0.0,0.0,16,5.9
104.016,-6.7761,-0.7432,0.0,0.0,0.0,0.0,16,5.9
104.035,-6.7761,-0.7432,0.0,0.0,0.0,0.0,16,5.9
104.076,-6.7761,-0.7432,0.0,0.0,0.0,0.0,16,5.9
104.096,-6.7761,-0.7432,0.0,0.0,0.0,0.0,16,5.9
104.135,-6.7761,-0.7432,0.0,0.0,0.0,0.0,16,5.9
104.156,-6.7761,-0.7432,0.0,0.0,0.0,0.0,16,5.9
104.195,-6.7761,-0.7432,0.0,0.0,0.0,0.0,16,5.9
104.216,-6.7761,-0.7432,0.0,0.0,0.0,0.0,16,5.9
104.256,-6.7761,-0.7432,0.0,0.0,0.0,0.0,16,5.9
104.276,-6.7761,-0.7432,0.0,0.0,0.0,0.0,16,5.9
104.316,-6.7761,-0.7432,0.0,0.0,0.0,0.0,16,5.9
104.335,-6.7761,-0.7432,0.0,0.0,0.0,0.0,16,5.9
104.366,-6.7761,-0.7432,0.0,0.0,0.0,0.0,16,5.9
104.395,-6.7761,-0.7432,0.0,0.0,0.0,0.0,16,5.9
104.416,-6.7761,-0.7432,0.0,0.0,0.0,0.0,16,5.9
104.456,-6.7761,-0.7432,0.0,0.0,0.0,0.0,16,5.9
104.478,-6.7761,-0.7432,0.0,0.0,0.0,0.0,16,5.9
104.516,-6.7761,-0.7432,0.0,0.0,0.0,0.0,16,5.9
104.536,-6.7761,-0.7432,0.0,0.0,0.0,0.0,16,5.9
104.576,-6.7761,-0.7432,0.0,0.0,0.0,0.0,16,5.9
104.596,-6.7761,-0.7432,0.0,0.0,0.0,0.0,16,5.9
104.635,-6.7761,-0.7432,0.0,0.0,0.0,0.0,16,5.9
104.657,-6.7761,-0.7432,0.0,0.0,0.0,0.0,16,5.9
104.695,-6.7761,-0.7432,0.0,0.0,0.0,0.0,16,5.9
104.716,-6.7761,-0.7432,0.0,0.0,0.0,0.0,16,5.9
104.756,-6.7761,-0.7432,0.0,0.0,0.0,0.0,16,5.9
104.776,-6.7761,-0.7432,0.0,0.0,0.0,0.0,16,5.9
104.816,-6.7761,-0.7432,0.0,0.0,0.0,0.0,16,5.9
104.836,-6.7761,-0.7432,0.0,0.0,0.0,0.0,16,5.9
104.876,-6.7761,-0.7432,0.0,0.0,0.0,0.0,16,5.9
104.895,-6.7761,-0.7432,0.0,0.0,0.0,0.0,16,5.9
104.935,-6.7761,-0.7432,0.0,0.0,0.0,0.0,16,5.9
104.956,-6.7761,-0.7432,0.0,0.0,0.0,0.0,16,5.9
104.995,-6.7761,-0.7432,0.0,0.0,0.0,0.0,16,5.9
105.016,-6.7761,-0.7432,0.0,0.0,0.0,0.0,16,5.9
105.056,-6.7761,-0.7432,0.0,0.0,0.0,0.0,16,5.9
105.076,-6.7761,-0.7432,0.0,0.0,0.0,0.0,16,5.9
105.116,-6.7761,-0.7432,0.0,0.0,0.0,0.0,16,5.9
105.135,-6.7761,-0.7432,0.0,0.0,0.0,0.0,16,5.9
105.175,-6.7761,-0.7432,0.0,0.0,0.0,0.0,16,5.9
105.195,-6.7761,-0.7432,0.0,0.0,0.0,0.0,16,5.9
105.235,-6.7761,-0.7432,0.0,0.0,0.0,0.0,16,5.9
105.256,-6.7761,-0.7432,0.0,0.0,0.0,0.0,16,5.9
105.295,-6.7761,-0.7432,0.0,0.0,0.0,0.0,16,5.9
105.316,-6.7761,-0.7432,0.0,0.0,0.0,0.0,16,5.9
105.356,-6.7761,-0.7432,0.0,0.0,0.0,0.0,16,5.9
105.376,-6.7761,-0.7432,0.0,0.0,0.0,0.0,16,5.9
105.416,-6.7761,-0.7432,0.0,0.0,0.0,0.0,16,6.0
105.436,-6.7761,-0.7432,0.0,0.0,0.0,0.0,16,6.0
105.476,-6.7761,-0.7432,0.0,0.0,0.0,0.0,16,6.0
105.496,-6.7761,-0.7432,0.0,0.0,0.0,0.0,16,6.0
105.535,-6.7761,-0.7432,0.0,0.0,0.0,0.0,16,5.9
105.557,-6.7761,-0.7432,0.0,0.0,0.0,0.0,16,5.9
105.596,-6.7761,-0.7432,0.0,0.0,0.0,0.0,16,5.9
105.615,-6.7761,-0.7432,0.0,0.0,0.0,0.0,16,5.9
105.656,-6.7761,-0.7432,0.0,0.0,0.0,0.0,16,5.9
105.676,-6.7761,-0.7432,0.0,0.0,0.0,0.0,16,5.9
105.715,-6.7761,-0.7432,0.0,0.0,0.0,0.0,16,5.9
105.736,-6.7761,-0.7432,0.0,0.0,0.0,0.0,16,5.9
105.776,-6.7761,-0.7432,0.0,0.0,0.0,0.0,16,5.9
105.796,-6.7761,-0.7432,0.0,0.0,0.0,0.0,16,5.9
105.835,-6.7761,-0.7432,0.0,0.0,0.0,0.0,16,5.9
105.857,-6.7761,-0.7432,0.0,0.0,0.0,0.0,16,5.9
105.895,-6.7761,-0.7432,0.0,0.0,0.0,0.0,16,5.9
105.916,-6.7761,-0.7432,0.0,0.0,0.0,0.0,16,5.9
105.956,-6.7761,-0.7432,0.0,0.0,0.0,0.0,16,5.9
105.976,-6.7761,-0.7432,0.0,0.0,0.0,0.0,16,5.9
106.015,-6.7761,-0.7432,0.0,0.0,0.0,0.0,16,5.9
106.036,-6.7761,-0.7432,0.0,0.0,0.0,0.0,16,5.9
106.075,-6.7761,-0.7432,0.0,0.0,0.0,0.0,16,5.9
106.096,-6.7761,-0.7432,0.0,0.0,0.0,0.0,16,5.9
106.135,-6.7761,-0.7432,0.0,0.0,0.0,0.0,16,5.9
106.157,-6.7761,-0.7432,0.0,0.0,0.0,0.0,16,5.9
106.195,-6.7761,-0.7432,0.0,0.0,0.0,0.0,16,5.9
106.216,-6.7761,-0.7432,0.0,0.0,0.0,0.0,16,5.9
106.256,-6.7761,-0.7432,0.0,0.0,0.0,0.0,16,5.9
106.276,-6.7761,-0.7432,0.0,0.0,0.0,0.0,16,5.9
106.315,-6.7761,-0.7432,0.0,0.0,0.0,0.0,16,5.9
106.335,-6.7761,-0.7432,0.0,0.0,0.0,0.0,16,5.9
106.375,-6.7761,-0.7432,0.0,0.0,0.0,0.0,16,5.9
106.396,-6.7761,-0.7432,0.0,0.0,0.0,0.0,16,5.9
106.435,-6.7761,-0.7432,0.0,0.0,0.0,0.0,16,5.9
106.457,-6.7761,-0.7432,0.0,0.0,0.0,0.0,16,5.9
106.495,-6.7761,-0.7432,0.0,0.0,0.0,0.0,16,5.9
106.516,-6.7761,-0.7432,0.0,0.0,0.0,0.0,16,5.9
106.557,-6.7761,-0.7432,0.0,0.0,0.0,0.0,16,5.9
106.576,-6.7761,-0.7432,0.0,0.0,0.0,0.0,16,5.9
106.615,-6.7761,-0.7432,0.0,0.0,0.0,0.0,16,5.9
106.626,-6.7761,-0.7432,0.0,0.0,0.0,0.0,16,5.9
106.676,-6.7761,-0.7432,0.0,0.0,0.0,0.0,16,5.9
106.676,-6.7761,-0.7432,0.0,0.0,0.0,0.0,16,5.9
106.727,-6.7761,-0.7432,0.0,0.0,0.0,0.0,16,5.9
106.735,-6.7761,-0.7432,0.0,0.0,0.0,0.0,16,5.9
106.736,-6.7761,-0.7432,0.0,0.0,0.0,0.0,16,5.9
106.786,-6.7761,-0.7432,0.0,0.0,0.0,0.0,16,5.9
106.796,-6.7761,-0.7432,0.0,0.0,0.0,0.0,16,5.9
106.796,-6.7761,-0.7432,0.0,0.0,0.0,0.0,16,5.9
106.846,-6.7761,-0.7432,0.0,0.0,0.0,0.0,16,5.9
106.857,-6.7761,-0.7432,0.0,0.0,0.0,0.0,16,5.9
106.857,-6.7761,-0.7432,0.0,0.0,0.0,0.0,16,5.9
106.907,-6.7761,-0.7432,0.0,0.0,0.0,0.0,16,5.9
106.916,-6.7761,-0.7432,0.0,0.0,0.0,0.0,16,5.9
106.916,-6.7761,-0.7432,0.0,0.0,0.0,0.0,16,5.9
106.966,-6.7761,-0.7432,0.0,0.0,0.0,0.0,16,5.9
106.976,-6.7761,-0.7432,0.0,0.0,0.0,0.0,16,5.9
106.976,-6.7761,-0.7432,0.0,0.0,0.0,0.0,16,5.9
107.027,-6.7761,-0.7432,0.0,0.0,0.0,0.0,16,5.9
107.036,-6.7761,-0.7432,0.0,0.0,0.0,0.0,16,5.9
107.036,-6.7761,-0.7432,0.0,0.0,0.0,0.0,16,5.9
107.086,-6.7761,-0.7432,0.0,0.0,0.0,0.0,16,5.9
107.096,-6.7761,-0.7432,0.0,0.0,0.0,0.0,16,5.9
107.096,-6.7761,-0.7432,0.0,0.0,0.0,0.0,16,6.0
107.146,-6.7761,-0.7432,0.0,0.0,0.0,0.0,16,6.0
107.156,-6.7761,-0.7432,0.0,0.0,0.0,0.0,16,6.0
107.157,-6.7761,-0.7432,0.0,0.0,0.0,0.0,16,5.9
107.207,-6.7761,-0.7432,0.0,0.0,0.0,0.0,16,5.9
107.216,-6.7761,-0.7432,0.0,0.0,0.0,0.0,16,5.9
107.216,-6.7761,-0.7432,0.0,0.0,0.0,0.0,16,5.9
107.266,-6.7761,-0.7432,0.0,0.0,0.0,0.0,16,5.9
107.276,-6.7761,-0.7432,0.0,0.0,0.0,0.0,16,5.9
107.276,-6.7761,-0.7432,0.0,0.0,0.0,0.0,16,5.9
107.327,-6.7761,-0.7432,0.0,0.0,0.0,0.0,16,5.9
107.336,-6.7761,-0.7432,0.0,0.0,0.0,0.0,16,5.9
107.336,-6.7761,-0.7432,0.0,0.0,0.0,0.0,16,5.9
107.386,-6.7761,-0.7432,0.0,0.0,0.0,0.0,16,5.9
107.396,-6.7761,-0.7432,0.0,0.0,0.0,0.0,16,5.9
107.396,-6.7761,-0.7432,0.0,0.0,0.0,0.0,16,5.9
107.446,-6.7761,-0.7432,0.0,0.0,0.0,0.0,16,5.9
107.456,-6.7761,-0.7432,0.0,0.0,0.0,0.0,16,5.9
107.457,-6.7761,-0.7432,0.0,0.0,0.0,0.0,16,5.9
107.507,-6.7761,-0.7432,0.0,0.0,0.0,0.0,16,5.9
107.516,-6.7761,-0.7432,0.0,0.0,0.0,0.0,16,5.9
107.516,-6.7761,-0.7432,0.0,0.0,0.0,0.0,16,5.9
107.566,-6.7761,-0.7432,0.0,0.0,0.0,0.0,16,5.9
107.576,-6.7761,-0.7432,0.0,0.0,0.0,0.0,16,5.9
107.576,-6.7761,-0.7432,0.0,0.0,0.0,0.0,16,5.9
107.626,-6.7761,-0.7432,0.0,0.0,0.0,0.0,16,5.9
107.636,-6.7761,-0.7432,0.0,0.0,0.0,0.0,16,5.9
107.636,-6.7761,-0.7432,0.0,0.0,0.0,0.0,16,5.9
107.686,-6.7761,-0.7432,0.0,0.0,0.0,0.0,16,5.9
107.696,-6.7761,-0.7432,0.0,0.0,0.0,0.0,16,5.9
107.696,-6.7761,-0.7432,0.0,0.0,0.0,0.0,16,5.9
107.746,-6.7761,-0.7432,0.0,0.0,0.0,0.0,16,5.9
107.756,-6.7761,-0.7432,0.0,0.0,0.0,0.0,16,5.9
107.757,-6.7761,-0.7432,0.0,0.0,0.0,0.0,16,5.9
107.807,-6.7761,-0.7432,0.0,0.0,0.0,0.0,16,5.9
107.816,-6.7761,-0.7432,0.0,0.0,0.0,0.0,16,5.9
107.816,-6.7761,-0.7432,0.0,0.0,0.0,0.0,16,5.9
107.866,-6.7761,-0.7432,0.0,0.0,0.0,0.0,16,5.9
107.876,-6.7761,-0.7432,0.0,0.0,0.0,0.0,16,5.9
107.876,-6.7761,-0.7432,0.0,0.0,0.0,0.0,16,5.9
107.927,-6.7761,-0.7432,0.0,0.0,0.0,0.0,16,5.9
107.936,-6.7761,-0.7432,0.0,0.0,0.0,0.0,16,5.9
107.936,-6.7761,-0.7432,0.0,0.0,0.0,0.0,16,5.9
107.986,-6.7761,-0.7432,0.0,0.0,0.0,0.0,16,5.9
107.996,-6.7761,-0.7432,0.0,0.0,0.0,0.0,16,5.9
107.996,-6.7761,-0.7432,0.0,0.0,0.0,0.0,16,5.9
108.047,-6.7761,-0.7432,0.0,0.0,0.0,0.0,16,5.9
108.057,-6.7761,-0.7432,0.0,0.0,0.0,0.0,16,5.9
108.057,-6.7761,-0.7432,0.0,0.0,0.0,0.0,16,5.9
108.108,-6.7761,-0.7432,0.0,0.0,0.0,0.0,16,5.9
108.116,-6.7761,-0.7432,0.0,0.0,0.0,0.0,16,5.9
108.116,-6.7761,-0.7432,0.0,0.0,0.0,0.0,16,5.9
108.166,-6.7761,-0.7432,0.0,0.0,0.0,0.0,16,5.9
108.176,-6.7761,-0.7432,0.0,0.0,0.0,0.0,16,5.9
108.177,-6.7761,-0.7432,0.0,0.0,0.0,0.0,16,5.9
108.227,-6.7761,-0.7432,0.0,0.0,0.0,0.0,16,5.9
108.236,-6.7761,-0.7432,0.0,0.0,0.0,0.0,16,5.9
108.236,-6.7761,-0.7432,0.0,0.0,0.0,0.0,16,5.9
108.286,-6.7761,-0.7432,0.0,0.0,0.0,0.0,16,5.9
108.296,-6.7761,-0.7432,0.0,0.0,0.0,0.0,16,5.9
108.296,-6.7761,-0.7432,0.0,0.0,0.0,0.0,16,5.9
108.346,-6.7761,-0.7432,0.0,0.0,0.0,0.0,16,5.9
108.357,-6.7761,-0.7432,0.0,0.0,0.0,0.0,16,5.9
108.357,-6.7761,-0.7432,0.0,0.0,0.0,0.0,16,5.9
108.408,-6.7761,-0.7432,0.0,0.0,0.0,0.0,16,5.9
108.415,-6.7761,-0.7432,0.0,0.0,0.0,0.0,16,5.9
108.415,-6.7761,-0.7432,0.0,0.0,0.0,0.0,16,5.9
108.466,-6.7761,-0.7432,0.0,0.0,0.0,0.0,16,5.9
108.476,-6.7761,-0.7432,0.0,0.0,0.0,0.0,16,5.9
108.476,-6.7761,-0.7432,0.0,0.0,0.0,0.0,16,5.9
108.526,-6.7761,-0.7432,0.0,0.0,0.0,0.0,16,5.9
108.536,-6.7761,-0.7432,0.0,0.0,0.0,0.0,16,5.9
108.536,-6.7761,-0.7432,0.0,0.0,0.0,0.0,16,5.9
108.586,-6.7761,-0.7432,0.0,0.0,0.0,0.0,16,5.9
108.596,-6.7761,-0.7432,0.0,0.0,0.0,0.0,16,5.9
108.596,-6.7761,-0.7432,0.0,0.0,0.0,0.0,16,5.9
108.646,-6.7761,-0.7432,0.0,0.0,0.0,0.0,16,5.9
108.656,-6.7761,-0.7432,0.0,0.0,0.0,0.0,16,5.9
108.656,-6.7761,-0.7432,0.0,0.0,0.0,0.0,16,5.9
108.707,-6.7761,-0.7432,0.0,0.0,0.0,0.0,16,5.9
108.715,-6.7761,-0.7432,0.0,0.0,0.0,0.0,16,5.9
108.716,-6.7761,-0.7432,0.0,0.0,0.0,0.0,16,5.9
108.766,-6.7761,-0.7432,0.0,0.0,0.0,0.0,16,5.9
108.777,-6.7761,-0.7432,0.0,0.0,0.0,0.0,16,5.9
108.777,-6.7761,-0.7432,0.0,0.0,0.0,0.0,16,5.9
108.828,-6.7761,-0.7432,0.0,0.0,0.0,0.0,16,5.9
108.836,-6.7761,-0.7432,0.0,0.0,0.0,0.0,16,5.9
108.836,-6.7761,-0.7432,0.0,0.0,0.0,0.0,16,5.9
108.886,-6.7761,-0.7432,0.0,0.0,0.0,0.0,16,5.9
108.896,-6.7761,-0.7432,0.0,0.0,0.0,0.0,16,5.9
108.896,-6.7761,-0.7432,0.0,0.0,0.0,0.0,16,5.9
108.946,-6.7761,-0.7432,0.0,0.0,0.0,0.0,16,5.9
108.956,-6.7761,-0.7432,0.0,0.0,0.0,0.0,16,5.9
108.956,-6.7761,-0.7432,0.0,0.0,0.0,0.0,16,5.9
109.007,-6.7761,-0.7432,0.0,0.0,0.0,0.0,16,5.9
109.016,-6.7761,-0.7432,0.0,0.0,0.0,0.0,16,5.9
109.016,-6.7761,-0.7432,0.0,0.0,0.0,0.0,16,5.9
109.066,-6.7761,-0.7432,0.0,0.0,0.0,0.0,16,5.9
109.076,-6.7761,-0.7432,0.0,0.0,0.0,0.0,16,5.9
109.076,-6.7761,-0.7432,0.0,0.0,0.0,0.0,16,5.9
109.127,-6.7761,-0.7432,0.0,0.0,0.0,0.0,16,5.9
109.136,-6.7761,-0.7432,0.0,0.0,0.0,0.0,16,5.9
109.136,-6.7761,-0.7432,0.0,0.0,0.0,0.0,16,5.9
109.186,-6.7761,-0.7432,0.0,0.0,0.0,0.0,16,5.9
109.196,-6.7761,-0.7432,0.0,0.0,0.0,0.0,16,5.9
109.196,-6.7761,-0.7432,0.0,0.0,0.0,0.0,16,5.9
109.246,-6.7761,-0.7432,0.0,0.0,0.0,0.0,16,5.9
109.256,-6.7761,-0.7432,0.0,0.0,0.0,0.0,16,5.9
109.256,-6.7761,-0.7432,0.0,0.0,0.0,0.0,16,5.9
109.307,-6.7761,-0.7432,0.0,0.0,0.0,0.0,16,5.9
109.316,-6.7761,-0.7432,0.0,0.0,0.0,0.0,16,5.9
109.316,-6.7761,-0.7432,0.0,0.0,0.0,0.0,16,5.9
109.366,-6.7761,-0.7432,0.0,0.0,0.0,0.0,16,5.9
109.376,-6.7761,-0.7432,0.0,0.0,0.0,0.0,16,5.9
109.377,-6.7761,-0.7432,0.0,0.0,0.0,0.0,16,5.9
109.427,-6.7761,-0.7432,0.0,0.0,0.0,0.0,16,5.9
109.436,-6.7761,-0.7432,0.0,0.0,0.0,0.0,16,5.9
109.436,-6.7761,-0.7432,0.0,0.0,0.0,0.0,16,5.9
109.486,-6.7761,-0.7432,0.0,0.0,0.0,0.0,16,5.9
109.496,-6.7761,-0.7432,0.0,0.0,0.0,0.0,16,5.9
109.497,-6.7761,-0.7432,0.0,0.0,0.0,0.0,16,5.9
109.547,-6.7761,-0.7432,0.0,0.0,0.0,0.0,16,5.9
109.556,-6.7761,-0.7432,0.0,0.0,0.0,0.0,16,5.9
109.557,-6.7761,-0.7432,0.0,0.0,0.0,0.0,16,5.9
109.607,-6.7761,-0.7432,0.0,0.0,0.0,0.0,16,5.9
109.616,-6.7761,-0.7432,0.0,0.0,0.0,0.0,16,5.9
109.616,-6.7761,-0.7432,0.0,0.0,0.0,0.0,16,5.9
109.666,-6.7761,-0.7432,0.0,0.0,0.0,0.0,16,5.9
109.676,-6.7761,-0.7432,0.0,0.0,0.0,0.0,16,5.9
109.676,-6.7761,-0.7432,0.0,0.0,0.0,0.0,16,5.9
109.726,-6.7761,-0.7432,0.0,0.0,0.0,0.0,16,5.9
109.736,-6.7761,-0.7432,0.0,0.0,0.0,0.0,16,5.9
109.736,-6.7761,-0.7432,0.0,0.0,0.0,0.0,16,5.9
109.786,-6.7761,-0.7432,0.0,0.0,0.0,0.0,16,5.9
109.796,-6.7761,-0.7432,0.0,0.0,0.0,0.0,16,5.9
109.796,-6.7761,-0.7432,0.0,0.0,0.0,0.0,16,5.9
109.847,-6.7761,-0.7432,0.0,0.0,0.0,0.0,16,5.9
109.856,-6.7761,-0.7432,0.0,0.0,0.0,0.0,16,5.9
109.856,-6.7761,-0.7432,0.0,0.0,0.0,0.0,16,5.9
109.907,-6.7761,-0.7432,0.0,0.0,0.0,0.0,16,5.9
109.916,-6.7761,-0.7432,0.0,0.0,0.0,0.0,16,5.9
109.916,-6.7761,-0.7432,0.0,0.0,0.0,0.0,16,5.9
109.966,-6.7761,-0.7432,0.0,0.0,0.0,0.0,16,5.9
109.977,-6.7761,-0.7432,0.0,0.0,0.0,0.0,16,5.9
109.977,-6.7761,-0.7432,0.0,0.0,0.0,0.0,16,5.9
110.027,-6.7761,-0.7432,0.0,0.0,0.0,0.0,16,5.9
110.036,-6.7761,-0.7432,0.0,0.0,0.0,0.0,16,5.9
110.036,-6.7761,-0.7432,0.0,0.0,0.0,0.0,16,5.9
110.086,-6.7761,-0.7432,0.0,0.0,0.0,0.0,16,5.9
110.096,-6.7761,-0.7432,0.0,0.0,0.0,0.0,16,5.9
110.096,-6.7761,-0.7432,0.0,0.0,0.0,0.0,16,5.9
110.146,-6.7761,-0.7432,0.0,0.0,0.0,0.0,16,5.9
110.156,-6.7761,-0.7432,0.0,0.0,0.0,0.0,16,5.9
110.156,-6.7761,-0.7432,0.0,0.0,0.0,0.0,16,5.9
110.207,-6.7761,-0.7432,0.0,0.0,0.0,0.0,16,5.9
110.216,-6.7761,-0.7432,0.0,0.0,0.0,0.0,16,5.9
110.216,-6.7761,-0.7432,0.0,0.0,0.0,0.0,16,5.9
110.266,-6.7761,-0.7432,0.0,0.0,0.0,0.0,16,5.9
110.276,-6.7761,-0.7432,0.0,0.0,0.0,0.0,16,5.9
110.276,-6.7761,-0.7432,0.0,0.0,0.0,0.0,16,5.9
110.327,-6.7761,-0.7432,0.0,0.0,0.0,0.0,16,5.9
110.336,-6.7761,-0.7432,0.0,0.0,0.0,0.0,16,5.9
110.336,-6.7761,-0.7432,0.0,0.0,0.0,0.0,16,5.9
110.386,-6.7761,-0.7432,0.0,0.0,0.0,0.0,16,5.9
110.396,-6.7761,-0.7432,0.0,0.0,0.0,0.0,16,5.9
110.396,-6.7761,-0.7432,0.0,0.0,0.0,0.0,16,5.9
110.446,-6.7761,-0.7432,0.0,0.0,0.0,0.0,16,5.9
110.456,-6.7761,-0.7432,0.0,0.0,0.0,0.0,16,5.9
110.456,-6.7761,-0.7432,0.0,0.0,0.0,0.0,16,5.9
110.507,-6.7761,-0.7432,0.0,0.0,0.0,0.0,16,5.9
110.516,-6.7761,-0.7432,0.0,0.0,0.0,0.0,16,5.9
110.516,-6.7761,-0.7432,0.0,0.0,0.0,0.0,16,5.9
110.566,-6.7761,-0.7432,0.0,0.0,0.0,0.0,16,5.9
110.576,-6.7761,-0.7432,0.0,0.0,0.0,0.0,16,5.9
110.576,-6.7761,-0.7432,0.0,0.0,0.0,0.0,16,5.9
110.626,-6.7761,-0.7432,0.0,0.0,0.0,0.0,16,5.9
110.636,-6.7761,-0.7432,0.0,0.0,0.0,0.0,16,5.9
110.636,-6.7761,-0.7432,0.0,0.0,0.0,0.0,16,5.9
110.686,-6.7761,-0.7432,0.0,0.0,0.0,0.0,16,5.9
110.696,-6.7761,-0.7432,0.0,0.0,0.0,0.0,16,5.9
110.696,-6.7761,-0.7432,0.0,0.0,0.0,0.0,16,5.9
110.746,-6.7761,-0.7432,0.0,0.0,0.0,0.0,16,5.9
110.757,-6.7761,-0.7432,0.0,0.0,0.0,0.0,16,5.9
110.757,-6.7761,-0.7432,0.0,0.0,0.0,0.0,16,5.9
110.808,-6.7761,-0.7432,0.0,0.0,0.0,0.0,16,5.9
110.816,-6.7761,-0.7432,0.0,0.0,0.0,0.0,16,5.9
110.816,-6.7761,-0.7432,0.0,0.0,0.0,0.0,16,5.9
110.866,-6.7761,-0.7432,0.0,0.0,0.0,0.0,16,5.9
110.877,-6.7761,-0.7432,0.0,0.0,0.0,0.0,16,5.9
110.877,-6.7761,-0.7432,0.0,0.0,0.0,0.0,16,5.9
110.928,-6.7761,-0.7432,0.0,0.0,0.0,0.0,16,5.9
110.936,-6.7761,-0.7432,0.0,0.0,0.0,0.0,16,5.9
110.936,-6.7761,-0.7432,0.0,0.0,0.0,0.0,16,5.9
110.986,-6.7761,-0.7432,0.0,0.0,0.0,0.0,16,5.9
110.996,-6.7761,-0.7432,0.0,0.0,0.0,0.0,16,5.9
110.996,-6.7761,-0.7432,0.0,0.0,0.0,0.0,16,5.9
111.047,-6.7761,-0.7432,0.0,0.0,0.0,0.0,16,5.9
111.056,-6.7761,-0.7432,0.0,0.0,0.0,0.0,16,5.9
111.056,-6.7761,-0.7432,0.0,0.0,0.0,0.0,16,5.9
111.107,-6.7761,-0.7432,0.0,0.0,0.0,0.0,16,5.9
111.116,-6.7761,-0.7432,0.0,0.0,0.0,0.0,16,5.9
111.116,-6.7761,-0.7432,0.0,0.0,0.0,0.0,16,5.9
111.166,-6.7761,-0.7432,0.0,0.0,0.0,0.0,16,5.9
111.177,-6.7761,-0.7432,0.0,0.0,0.0,0.0,16,5.9
111.177,-6.7761,-0.7432,0.0,0.0,0.0,0.0,16,5.9
111.228,-6.7761,-0.7432,0.0,0.0,0.0,0.0,16,5.9
111.235,-6.7761,-0.7432,0.0,0.0,0.0,0.0,16,5.9
111.236,-6.7761,-0.7432,0.0,0.0,0.0,0.0,16,5.9
111.286,-6.7761,-0.7432,0.0,0.0,0.0,0.0,16,5.9
111.296,-6.7761,-0.7432,0.0,0.0,0.0,0.0,16,5.9
111.296,-6.7761,-0.7432,0.0,0.0,0.0,0.0,16,5.9
111.346,-6.7761,-0.7432,0.0,0.0,0.0,0.0,16,5.9
111.356,-6.7761,-0.7432,0.0,0.0,0.0,0.0,16,5.9
111.356,-6.7761,-0.7432,0.0,0.0,0.0,0.0,16,5.9
111.407,-6.7761,-0.7432,0.0,0.0,0.0,0.0,16,5.9
111.416,-6.7761,-0.7432,0.0,0.0,0.0,0.0,16,5.9
111.416,-6.7761,-0.7432,0.0,0.0,0.0,0.0,16,5.9
111.466,-6.7761,-0.7432,0.0,0.0,0.0,0.0,16,5.9
111.476,-6.7761,-0.7432,0.0,0.0,0.0,0.0,16,5.9
111.476,-6.7761,-0.7432,0.0,0.0,0.0,0.0,16,5.9
111.527,-6.7761,-0.7432,0.0,0.0,0.0,0.0,16,5.9
111.536,-6.7761,-0.7432,0.0,0.0,0.0,0.0,16,5.9
111.536,-6.7761,-0.7432,0.0,0.0,0.0,0.0,16,5.9
111.586,-6.7761,-0.7432,0.0,0.0,0.0,0.0,16,5.9
111.596,-6.7761,-0.7432,0.0,0.0,0.0,0.0,16,5.9
111.596,-6.7761,-0.7432,0.0,0.0,0.0,0.0,16,5.9
111.646,-6.7761,-0.7432,0.0,0.0,0.0,0.0,16,5.9
111.656,-6.7761,-0.7432,0.0,0.0,0.0,0.0,16,5.9
111.657,-6.7761,-0.7432,0.0,0.0,0.0,0.0,16,5.9
111.707,-6.7761,-0.7432,0.0,0.0,0.0,0.0,16,5.9
111.716,-6.7761,-0.7432,0.0,0.0,0.0,0.0,16,5.9
111.716,-6.7761,-0.7432,0.0,0.0,0.0,0.0,16,5.9
111.766,-6.7761,-0.7432,0.0,0.0,0.0,0.0,16,5.9
111.776,-6.7761,-0.7432,0.0,0.0,0.0,0.0,16,5.9
111.776,-6.7761,-0.7432,0.0,0.0,0.0,0.0,16,5.9
111.827,-6.7761,-0.7432,0.0,0.0,0.0,0.0,16,5.9
111.836,-6.7761,-0.7432,0.0,0.0,0.0,0.0,16,5.9
111.836,-6.7761,-0.7432,0.0,0.0,0.0,0.0,16,5.9
111.886,-6.7761,-0.7432,0.0,0.0,0.0,0.0,16,5.9
111.896,-6.7761,-0.7432,0.0,0.0,0.0,0.0,16,5.9
111.896,-6.7761,-0.7432,0.0,0.0,0.0,0.0,16,5.9
111.946,-6.7761,-0.7432,0.0,0.0,0.0,0.0,16,5.9
111.956,-6.7761,-0.7432,0.0,0.0,0.0,0.0,16,5.9
111.957,-6.7761,-0.7432,0.0,0.0,0.0,0.0,16,5.9
112.007,-6.7761,-0.7432,0.0,0.0,0.0,0.0,16,5.9
112.016,-6.7761,-0.7432,0.0,0.0,0.0,0.0,16,5.9
112.016,-6.7761,-0.7432,0.0,0.0,0.0,0.0,16,5.9
112.066,-6.7761,-0.7432,0.0,0.0,0.0,0.0,16,5.9
112.076,-6.7761,-0.7432,0.0,0.0,0.0,0.0,16,5.9
112.076,-6.7761,-0.7432,0.0,0.0,0.0,0.0,16,5.9
112.126,-6.7761,-0.7432,0.0,0.0,0.0,0.0,16,5.9
112.136,-6.7761,-0.7432,0.0,0.0,0.0,0.0,16,5.9
112.136,-6.7761,-0.7432,0.0,0.0,0.0,0.0,16,5.9
112.186,-6.7761,-0.7432,0.0,0.0,0.0,0.0,16,5.9
112.196,-6.7761,-0.7432,0.0,0.0,0.0,0.0,16,5.9
112.196,-6.7761,-0.7432,0.0,0.0,0.0,0.0,16,5.9
112.246,-6.7761,-0.7432,0.0,0.0,0.0,0.0,16,5.9
112.256,-6.7761,-0.7432,0.0,0.0,0.0,0.0,16,5.9
112.257,-6.7761,-0.7432,0.0,0.0,0.0,0.0,16,5.9
112.307,-6.7761,-0.7432,0.0,0.0,0.0,0.0,16,5.9
112.316,-6.7761,-0.7432,0.0,0.0,0.0,0.0,16,5.9
112.316,-6.7761,-0.7432,0.0,0.0,0.0,0.0,16,5.9
112.366,-6.7761,-0.7432,0.0,0.0,0.0,0.0,16,5.9
112.376,-6.7761,-0.7432,0.0,0.0,0.0,0.0,16,5.9
112.376,-6.7761,-0.7432,0.0,0.0,0.0,0.0,16,5.9
112.426,-6.7761,-0.7432,0.0,0.0,0.0,0.0,16,5.9
112.436,-6.7761,-0.7432,0.0,0.0,0.0,0.0,16,5.9
112.436,-6.7761,-0.7432,0.0,0.0,0.0,0.0,16,5.9
112.486,-6.7761,-0.7432,0.0,0.0,0.0,0.0,16,5.9
112.496,-6.7761,-0.7432,0.0,0.0,0.0,0.0,16,5.9
112.496,-6.7761,-0.7432,0.0,0.0,0.0,0.0,16,5.9
112.547,-6.7761,-0.7432,0.0,0.0,0.0,0.0,16,5.9
112.556,-6.7761,-0.7432,0.0,0.0,0.0,0.0,16,5.9
112.556,-6.7761,-0.7432,0.0,0.0,0.0,0.0,16,5.9
112.607,-6.7761,-0.7432,0.0,0.0,0.0,0.0,16,5.9
112.616,-6.7761,-0.7432,0.0,0.0,0.0,0.0,16,5.9
112.616,-6.7761,-0.7432,0.0,0.0,0.0,0.0,16,5.9
112.666,-6.7761,-0.7432,0.0,0.0,0.0,0.0,16,5.9
112.676,-6.7761,-0.7432,0.0,0.0,0.0,0.0,16,5.9
112.676,-6.7761,-0.7432,0.0,0.0,0.0,0.0,16,5.9
112.727,-6.7761,-0.7432,0.0,0.0,0.0,0.0,16,5.9
112.736,-6.7761,-0.7432,0.0,0.0,0.0,0.0,16,5.9
112.736,-6.7761,-0.7432,0.0,0.0,0.0,0.0,16,5.9
112.786,-6.7761,-0.7432,0.0,0.0,0.0,0.0,16,5.9
112.796,-6.7761,-0.7432,0.0,0.0,0.0,0.0,16,5.9
112.796,-6.7761,-0.7432,0.0,0.0,0.0,0.0,16,5.9
112.847,-6.7761,-0.7432,0.0,0.0,0.0,0.0,16,5.9
112.856,-6.7761,-0.7432,0.0,0.0,0.0,0.0,16,5.9
112.856,-6.7761,-0.7432,0.0,0.0,0.0,0.0,16,5.9
112.907,-6.7761,-0.7432,0.0,0.0,0.0,0.0,16,5.9
112.916,-6.7761,-0.7432,0.0,0.0,0.0,0.0,16,5.9
112.916,-6.7761,-0.7432,0.0,0.0,0.0,0.0,16,5.9
112.966,-6.7761,-0.7432,0.0,0.0,0.0,0.0,16,5.9
112.977,-6.7761,-0.7432,0.0,0.0,0.0,0.0,16,5.9
112.978,-6.7761,-0.7432,0.0,0.0,0.0,0.0,16,5.9
113.028,-6.7761,-0.7432,0.0,0.0,0.0,0.0,16,5.9
113.036,-6.7761,-0.7432,0.0,0.0,0.0,0.0,16,5.9
113.036,-6.7761,-0.7432,0.0,0.0,0.0,0.0,16,5.9
113.086,-6.7761,-0.7432,0.0,0.0,0.0,0.0,16,5.9
113.096,-6.7761,-0.7432,0.0,0.0,0.0,0.0,16,5.9
113.096,-6.7761,-0.7432,0.0,0.0,0.0,0.0,16,5.9
113.146,-6.7761,-0.7432,0.0,0.0,0.0,0.0,16,5.9
113.156,-6.7761,-0.7432,0.0,0.0,0.0,0.0,16,5.9
113.156,-6.7761,-0.7432,0.0,0.0,0.0,0.0,16,5.9
113.207,-6.7761,-0.7432,0.0,0.0,0.0,0.0,16,5.9
113.216,-6.7761,-0.7432,0.0,0.0,0.0,0.0,16,5.9
113.216,-6.7761,-0.7432,0.0,0.0,0.0,0.0,16,5.9
113.266,-6.7761,-0.7432,0.0,0.0,0.0,0.0,16,5.9
113.276,-6.7761,-0.7432,0.0,0.0,0.0,0.0,16,5.9
113.277,-6.7761,-0.7432,0.0,0.0,0.0,0.0,16,5.9
113.327,-6.7761,-0.7432,0.0,0.0,0.0,0.0,16,5.9
113.336,-6.7761,-0.7432,0.0,0.0,0.0,0.0,16,5.9
113.336,-6.7761,-0.7432,0.0,0.0,0.0,0.0,16,5.9
113.386,-6.7761,-0.7432,0.0,0.0,0.0,0.0,16,5.9
113.396,-6.7761,-0.7432,0.0,0.0,0.0,0.0,16,5.9
113.396,-6.7761,-0.7432,0.0,0.0,0.0,0.0,16,5.9
113.446,-6.7761,-0.7432,0.0,0.0,0.0,0.0,16,5.9
113.456,-6.7761,-0.7432,0.0,0.0,0.0,0.0,16,5.9
113.456,-6.7761,-0.7432,0.0,0.0,0.0,0.0,16,5.9
113.507,-6.7761,-0.7432,0.0,0.0,0.0,0.0,16,5.9
113.515,-6.7761,-0.7432,0.0,0.0,0.0,0.0,16,5.9
113.516,-6.7761,-0.7432,0.0,0.0,0.0,0.0,16,5.9
113.566,-6.7761,-0.7432,0.0,0.0,0.0,0.0,16,5.9
113.575,-6.7761,-0.7432,0.0,0.0,0.0,0.0,16,5.9
113.576,-6.7761,-0.7432,0.0,0.0,0.0,0.0,16,5.9
113.626,-6.7761,-0.7432,0.0,0.0,0.0,0.0,16,5.9
113.636,-6.7761,-0.7432,0.0,0.0,0.0,0.0,16,5.9
113.636,-6.7761,-0.7432,0.0,0.0,0.0,0.0,16,5.9
113.686,-6.7761,-0.7432,0.0,0.0,0.0,0.0,16,5.9
113.696,-6.7761,-0.7432,0.0,0.0,0.0,0.0,16,5.9
113.696,-6.7761,-0.7432,0.0,0.0,0.0,0.0,16,5.9
113.746,-6.7761,-0.7432,0.0,0.0,0.0,0.0,16,5.9
113.756,-6.7761,-0.7432,0.0,0.0,0.0,0.0,16,5.9
113.757,-6.7761,-0.7432,0.0,0.0,0.0,0.0,16,5.9
113.807,-6.7761,-0.7432,0.0,0.0,0.0,0.0,16,5.9
113.816,-6.7761,-0.7432,0.0,0.0,0.0,0.0,16,5.9
113.816,-6.7761,-0.7432,0.0,0.0,0.0,0.0,16,5.9
113.866,-6.7761,-0.7432,0.0,0.0,0.0,0.0,16,5.9
113.876,-6.7761,-0.7432,0.0,0.0,0.0,0.0,16,5.9
113.876,-6.7761,-0.7432,0.0,0.0,0.0,0.0,16,5.9
113.927,-6.7761,-0.7432,0.0,0.0,0.0,0.0,16,5.9
113.936,-6.7761,-0.7432,0.0,0.0,0.0,0.0,16,5.9
113.936,-6.7761,-0.7432,0.0,0.0,0.0,0.0,16,5.9
113.986,-6.7761,-0.7432,0.0,0.0,0.0,0.0,16,5.9
113.996,-6.7761,-0.7432,0.0,0.0,0.0,0.0,16,5.9
113.996,-6.7761,-0.7432,0.0,0.0,0.0,0.0,16,5.9
114.046,-6.7761,-0.7432,0.0,0.0,0.0,0.0,16,5.9
114.056,-6.7761,-0.7432,0.0,0.0,0.0,0.0,16,5.9
114.057,-6.7761,-0.7432,0.0,0.0,0.0,0.0,16,5.9
114.108,-6.7761,-0.7432,0.0,0.0,0.0,0.0,16,5.9
114.116,-6.7761,-0.7432,0.0,0.0,0.0,0.0,16,5.9
114.116,-6.7761,-0.7432,0.0,0.0,0.0,0.0,16,5.9
114.166,-6.7761,-0.7432,0.0,0.0,0.0,0.0,16,5.9
114.176,-6.7761,-0.7432,0.0,0.0,0.0,0.0,16,5.9
114.176,-6.7761,-0.7432,0.0,0.0,0.0,0.0,16,5.9
114.226,-6.7761,-0.7432,0.0,0.0,0.0,0.0,16,5.9
114.238,-6.7761,-0.7432,0.0,0.0,0.0,0.0,16,5.9
114.238,-6.7761,-0.7432,0.0,0.0,0.0,0.0,16,5.9
114.289,-6.7761,-0.7432,0.0,0.0,0.0,0.0,16,5.9
114.296,-6.7761,-0.7432,0.0,0.0,0.0,0.0,16,5.9
114.296,-6.7761,-0.7432,0.0,0.0,0.0,0.0,16,5.9
114.346,-6.7761,-0.7432,0.0,0.0,0.0,0.0,16,5.9
114.356,-6.7761,-0.7432,0.0,0.0,0.0,0.0,16,5.9
114.356,-6.7761,-0.7432,0.0,0.0,0.0,0.0,16,5.9
114.407,-6.7761,-0.7432,0.0,0.0,0.0,0.0,16,5.9
114.415,-6.7761,-0.7432,0.0,0.0,0.0,0.0,16,5.9
114.416,-6.7761,-0.7432,0.0,0.0,0.0,0.0,16,5.9
114.466,-6.7761,-0.7432,0.0,0.0,0.0,0.0,16,5.9
114.476,-6.7761,-0.7432,0.0,0.0,0.0,0.0,16,5.9
114.476,-6.7761,-0.7432,0.0,0.0,0.0,0.0,16,5.9
114.527,-6.7761,-0.7432,0.0,0.0,0.0,0.0,16,5.9
114.536,-6.7761,-0.7432,0.0,0.0,0.0,0.0,16,5.9
114.536,-6.7761,-0.7432,0.0,0.0,0.0,0.0,16,5.9
114.586,-6.7761,-0.7432,0.0,0.0,0.0,0.0,16,5.9
114.596,-6.7761,-0.7432,0.0,0.0,0.0,0.0,16,5.9
114.596,-6.7761,-0.7432,0.0,0.0,0.0,0.0,16,5.9
114.646,-6.7761,-0.7432,0.0,0.0,0.0,0.0,16,5.9
114.656,-6.7761,-0.7432,0.0,0.0,0.0,0.0,16,5.9
114.656,-6.7761,-0.7432,0.0,0.0,0.0,0.0,16,5.9
114.706,-6.7761,-0.7432,0.0,0.0,0.0,0.0,16,5.9
114.707,-6.7761,-0.7432,0.0,0.0,0.0,0.0,16,5.9
114.756,-6.7761,-0.7432,0.0,0.0,0.0,0.0,16,5.9
114.765,-6.7761,-0.7432,0.0,0.0,0.0,0.0,16,5.9
114.816,-6.7761,-0.7432,0.0,0.0,0.0,0.0,16,5.9
114.816,-6.7761,-0.7432,0.0,0.0,0.0,0.0,16,5.9
114.817,-6.7761,-0.7432,0.0,0.0,0.0,0.0,16,5.9
114.867,-6.7761,-0.7432,0.0,0.0,0.0,0.0,16,5.9
114.876,-6.7761,-0.7432,0.0,0.0,0.0,0.0,16,5.9
114.876,-6.7761,-0.7432,0.0,0.0,0.0,0.0,16,5.9
114.927,-6.7761,-0.7432,0.0,0.0,0.0,0.0,16,5.9
114.937,-6.7761,-0.7432,0.0,0.0,0.0,0.0,16,5.9
114.938,-6.7761,-0.7432,0.0,0.0,0.0,0.0,16,5.9
114.988,-6.7761,-0.7432,0.0,0.0,0.0,0.0,16,5.9
114.995,-6.7761,-0.7432,0.0,0.0,0.0,0.0,16,5.9
114.996,-6.7761,-0.7432,0.0,0.0,0.0,0.0,16,5.9
115.046,-6.7761,-0.7432,0.0,0.0,0.0,0.0,16,5.9
115.056,-6.7761,-0.7432,0.0,0.0,0.0,0.0,16,5.9
115.056,-6.7761,-0.7432,0.0,0.0,0.0,0.0,16,5.9
115.107,-6.7761,-0.7432,0.0,0.0,0.0,0.0,16,5.9
115.116,-6.7761,-0.7432,0.0,0.0,0.0,0.0,16,5.9
115.116,-6.7761,-0.7432,0.0,0.0,0.0,0.0,16,5.9
115.166,-6.7761,-0.7432,0.0,0.0,0.0,0.0,16,5.9
115.176,-6.7761,-0.7432,0.0,0.0,0.0,0.0,16,5.9
115.176,-6.7761,-0.7432,0.0,0.0,0.0,0.0,16,5.9
115.226,-6.7761,-0.7432,0.0,0.0,0.0,0.0,16,5.9
115.236,-6.7761,-0.7432,0.0,0.0,0.0,0.0,16,5.9
115.236,-6.7761,-0.7432,0.0,0.0,0.0,0.0,16,5.9
115.286,-6.7761,-0.7432,0.0,0.0,0.0,0.0,16,5.9
115.295,-6.7761,-0.7432,0.0,0.0,0.0,0.0,16,5.9
115.296,-6.7761,-0.7432,0.0,0.0,0.0,0.0,16,5.9
115.346,-6.7761,-0.7432,0.0,0.0,0.0,0.0,16,5.9
115.356,-6.7761,-0.7432,0.0,0.0,0.0,0.0,16,5.9
115.357,-6.7761,-0.7432,0.0,0.0,0.0,0.0,16,5.9
115.407,-6.7761,-0.7432,0.0,0.0,0.0,0.0,16,5.9
115.416,-6.7761,-0.7432,0.0,0.0,0.0,0.0,16,5.9
115.416,-6.7761,-0.7432,0.0,0.0,0.0,0.0,16,5.9
115.466,-6.7761,-0.7432,0.0,0.0,0.0,0.0,16,5.9
115.476,-6.7761,-0.7432,0.0,0.0,0.0,0.0,16,5.9
115.476,-6.7761,-0.7432,0.0,0.0,0.0,0.0,16,5.9
115.526,-6.7761,-0.7432,0.0,0.0,0.0,0.0,16,5.9
115.536,-6.7761,-0.7432,0.0,0.0,0.0,0.0,16,5.9
115.536,-6.7761,-0.7432,0.0,0.0,0.0,0.0,16,5.9
115.587,-6.7761,-0.7432,0.0,0.0,0.0,0.0,16,5.9
115.596,-6.7761,-0.7432,0.0,0.0,0.0,0.0,16,5.9
115.596,-6.7761,-0.7432,0.0,0.0,0.0,0.0,16,5.9
115.646,-6.7761,-0.7432,0.0,0.0,0.0,0.0,16,5.9
115.657,-6.7761,-0.7432,0.0,0.0,0.0,0.0,16,5.9
115.657,-6.7761,-0.7432,0.0,0.0,0.0,0.0,16,5.9
115.708,-6.7761,-0.7432,0.0,0.0,0.0,0.0,16,5.9
115.716,-6.7761,-0.7432,0.0,0.0,0.0,0.0,16,5.9
115.716,-6.7761,-0.7432,0.0,0.0,0.0,0.0,16,5.9
115.766,-6.7761,-0.7432,0.0,0.0,0.0,0.0,16,5.9
115.777,-6.7761,-0.7432,0.0,0.0,0.0,0.0,16,5.9
115.777,-6.7761,-0.7432,0.0,0.0,0.0,0.0,16,5.9
115.828,-6.7761,-0.7432,0.0,0.0,0.0,0.0,16,5.9
115.836,-6.7761,-0.7432,0.0,0.0,0.0,0.0,16,5.9
115.836,-6.7761,-0.7432,0.0,0.0,0.0,0.0,16,5.9
115.886,-6.7761,-0.7432,0.0,0.0,0.0,0.0,16,5.9
115.896,-6.7761,-0.7432,0.0,0.0,0.0,0.0,16,5.9
115.896,-6.7761,-0.7432,0.0,0.0,0.0,0.0,16,5.9
115.946,-6.7761,-0.7432,0.0,0.0,0.0,0.0,16,5.9
115.956,-6.7761,-0.7432,0.0,0.0,0.0,0.0,16,5.9
115.957,-6.7761,-0.7432,0.0,0.0,0.0,0.0,16,5.9
116.007,-6.7761,-0.7432,0.0,0.0,0.0,0.0,16,5.9
116.016,-6.7761,-0.7432,0.0,0.0,0.0,0.0,16,5.9
116.016,-6.7761,-0.7432,0.0,0.0,0.0,0.0,16,5.9
116.066,-6.7761,-0.7432,0.0,0.0,0.0,0.0,16,5.9
116.076,-6.7761,-0.7432,0.0,0.0,0.0,0.0,16,5.9
116.076,-6.7761,-0.7432,0.0,0.0,0.0,0.0,16,5.9
116.127,-6.7761,-0.7432,0.0,0.0,0.0,0.0,16,5.9
116.136,-6.7761,-0.7432,0.0,0.0,0.0,0.0,16,5.9
116.136,-6.7761,-0.7432,0.0,0.0,0.0,0.0,16,5.9
116.186,-6.7761,-0.7432,0.0,0.0,0.0,0.0,16,5.9
116.196,-6.7761,-0.7432,0.0,0.0,0.0,0.0,16,5.9
116.196,-6.7761,-0.7432,0.0,0.0,0.0,0.0,16,5.9
116.246,-6.7761,-0.7432,0.0,0.0,0.0,0.0,16,5.9
116.256,-6.7761,-0.7432,0.0,0.0,0.0,0.0,16,5.9
116.256,-6.7761,-0.7432,0.0,0.0,0.0,0.0,16,5.9
116.307,-6.7761,-0.7432,0.0,0.0,0.0,0.0,16,5.9
116.317,-6.7761,-0.7432,0.0,0.0,0.0,0.0,16,5.9
116.317,-6.7761,-0.7432,0.0,0.0,0.0,0.0,16,5.9
116.367,-6.7761,-0.7432,0.0,0.0,0.0,0.0,16,5.9
116.376,-6.7761,-0.7432,0.0,0.0,0.0,0.0,16,5.9
116.377,-6.7761,-0.7432,0.0,0.0,0.0,0.0,16,5.9
116.427,-6.7761,-0.7432,0.0,0.0,0.0,0.0,16,5.9
116.436,-6.7761,-0.7432,0.0,0.0,0.0,0.0,16,5.9
116.436,-6.7761,-0.7432,0.0,0.0,0.0,0.0,16,5.9
116.486,-6.7761,-0.7432,0.0,0.0,0.0,0.0,16,5.9
116.496,-6.7761,-0.7432,0.0,0.0,0.0,0.0,16,5.9
116.496,-6.7761,-0.7432,0.0,0.0,0.0,0.0,16,5.9
116.546,-6.7761,-0.7432,0.0,0.0,0.0,0.0,16,5.9
116.556,-6.7761,-0.7432,0.0,0.0,0.0,0.0,16,5.9
116.557,-6.7761,-0.7432,0.0,0.0,0.0,0.0,16,5.9
116.607,-6.7761,-0.7432,0.0,0.0,0.0,0.0,16,5.9
116.616,-6.7761,-0.7432,0.0,0.0,0.0,0.0,16,5.9
116.616,-6.7761,-0.7432,0.0,0.0,0.0,0.0,16,5.9
116.666,-6.7761,-0.7432,0.0,0.0,0.0,0.0,16,5.9
116.677,-6.7761,-0.7432,0.0,0.0,0.0,0.0,16,5.9
116.677,-6.7761,-0.7432,0.0,0.0,0.0,0.0,16,5.9
116.727,-6.7761,-0.7432,0.0,0.0,0.0,0.0,16,5.9
116.736,-6.7761,-0.7432,0.0,0.0,0.0,0.0,16,5.9
116.736,-6.7761,-0.7432,0.0,0.0,0.0,0.0,16,5.9
116.786,-6.7761,-0.7432,0.0,0.0,0.0,0.0,16,5.9
116.796,-6.7761,-0.7432,0.0,0.0,0.0,0.0,16,5.9
116.796,-6.7761,-0.7432,0.0,0.0,0.0,0.0,16,5.9
116.846,-6.7761,-0.7432,0.0,0.0,0.0,0.0,16,5.9
116.856,-6.7761,-0.7432,0.0,0.0,0.0,0.0,16,5.9
116.857,-6.7761,-0.7432,0.0,0.0,0.0,0.0,16,5.9
116.907,-6.7761,-0.7432,0.0,0.0,0.0,0.0,16,5.9
116.916,-6.7761,-0.7432,0.0,0.0,0.0,0.0,16,5.9
116.917,-6.7761,-0.7432,0.0,0.0,0.0,0.0,16,5.9
116.967,-6.7761,-0.7432,0.0,0.0,0.0,0.0,16,5.9
116.976,-6.7761,-0.7432,0.0,0.0,0.0,0.0,16,5.9
116.976,-6.7761,-0.7432,0.0,0.0,0.0,0.0,16,5.9
117.027,-6.7761,-0.7432,0.0,0.0,0.0,0.0,16,5.9
117.036,-6.7761,-0.7432,0.0,0.0,0.0,0.0,16,5.9
117.036,-6.7761,-0.7432,0.0,0.0,0.0,0.0,16,5.9
117.086,-6.7761,-0.7432,0.0,0.0,0.0,0.0,16,5.9
117.096,-6.7761,-0.7432,0.0,0.0,0.0,0.0,16,5.9
117.096,-6.7761,-0.7432,0.0,0.0,0.0,0.0,16,5.9
117.146,-6.7761,-0.7432,0.0,0.0,0.0,0.0,16,5.9
117.156,-6.7761,-0.7432,0.0,0.0,0.0,0.0,16,5.9
117.157,-6.7761,-0.7432,0.0,0.0,0.0,0.0,16,5.9
117.207,-6.7761,-0.7432,0.0,0.0,0.0,0.0,16,5.9
117.216,-6.7761,-0.7432,0.0,0.0,0.0,0.0,16,5.9
117.216,-6.7761,-0.7432,0.0,0.0,0.0,0.0,16,5.9
117.267,-6.7761,-0.7432,0.0,0.0,0.0,0.0,16,5.9
117.276,-6.7761,-0.7432,0.0,0.0,0.0,0.0,16,5.9
117.276,-6.7761,-0.7432,0.0,0.0,0.0,0.0,16,5.9
117.326,-6.7761,-0.7432,0.0,0.0,0.0,0.0,16,5.9
117.336,-6.7761,-0.7432,0.0,0.0,0.0,0.0,16,5.9
117.336,-6.7761,-0.7432,0.0,0.0,0.0,0.0,16,5.9
117.386,-6.7761,-0.7432,0.0,0.0,0.0,0.0,16,5.9
117.396,-6.7761,-0.7432,0.0,0.0,0.0,0.0,16,5.9
117.396,-6.7761,-0.7432,0.0,0.0,0.0,0.0,16,5.9
117.446,-6.7761,-0.7432,0.0,0.0,0.0,0.0,16,5.9
117.456,-6.7761,-0.7432,0.0,0.0,0.0,0.0,16,5.9
117.456,-6.7761,-0.7432,0.0,0.0,0.0,0.0,16,5.9
117.507,-6.7761,-0.7432,0.0,0.0,0.0,0.0,16,5.9
117.516,-6.7761,-0.7432,0.0,0.0,0.0,0.0,16,5.9
117.516,-6.7761,-0.7432,0.0,0.0,0.0,0.0,16,5.9
117.566,-6.7761,-0.7432,0.0,0.0,0.0,0.0,16,5.9
117.576,-6.7761,-0.7432,0.0,0.0,0.0,0.0,16,5.9
117.577,-6.7761,-0.7432,0.0,0.0,0.0,0.0,16,5.9
117.627,-6.7761,-0.7432,0.0,0.0,0.0,0.0,16,5.9
117.636,-6.7761,-0.7432,0.0,0.0,0.0,0.0,16,5.9
117.636,-6.7761,-0.7432,0.0,0.0,0.0,0.0,16,5.9
117.686,-6.7761,-0.7432,0.0,0.0,0.0,0.0,16,5.9
117.696,-6.7761,-0.7432,0.0,0.0,0.0,0.0,16,5.9
117.696,-6.7761,-0.7432,0.0,0.0,0.0,0.0,16,5.9
117.746,-6.7761,-0.7432,0.0,0.0,0.0,0.0,16,5.9
117.756,-6.7761,-0.7432,0.0,0.0,0.0,0.0,16,5.9
117.757,-6.7761,-0.7432,0.0,0.0,0.0,0.0,16,5.8
117.807,-6.7761,-0.7432,0.0,0.0,0.0,0.0,16,5.8
117.816,-6.7761,-0.7432,0.0,0.0,0.0,0.0,16,5.8
117.816,-6.7761,-0.7432,0.0,0.0,0.0,0.0,16,5.9
117.866,-6.7761,-0.7432,0.0,0.0,0.0,0.0,16,5.9
117.877,-6.7761,-0.7432,0.0,0.0,0.0,0.0,16,5.9
117.877,-6.7761,-0.7432,0.0,0.0,0.0,0.0,16,5.9
117.927,-6.7761,-0.7432,0.0,0.0,0.0,0.0,16,5.9
117.936,-6.7761,-0.7432,0.0,0.0,0.0,0.0,16,5.9
117.936,-6.7761,-0.7432,0.0,0.0,0.0,0.0,16,5.9
117.986,-6.7761,-0.7432,0.0,0.0,0.0,0.0,16,5.9
117.996,-6.7761,-0.7432,0.0,0.0,0.0,0.0,16,5.9
117.996,-6.7761,-0.7432,0.0,0.0,0.0,0.0,16,5.9
118.046,-6.7761,-0.7432,0.0,0.0,0.0,0.0,16,5.9
118.056,-6.7761,-0.7432,0.0,0.0,0.0,0.0,16,5.9
118.057,-6.7761,-0.7432,0.0,0.0,0.0,0.0,16,5.9
118.107,-6.7761,-0.7432,0.0,0.0,0.0,0.0,16,5.9
118.116,-6.7761,-0.7432,0.0,0.0,0.0,0.0,16,5.9
118.116,-6.7761,-0.7432,0.0,0.0,0.0,0.0,16,5.9
118.166,-6.7761,-0.7432,0.0,0.0,0.0,0.0,16,5.9
118.176,-6.7761,-0.7432,0.0,0.0,0.0,0.0,16,5.9
118.176,-6.7761,-0.7432,0.0,0.0,0.0,0.0,16,5.8
118.227,-6.7761,-0.7432,0.0,0.0,0.0,0.0,16,5.8
118.236,-6.7761,-0.7432,0.0,0.0,0.0,0.0,16,5.8
118.236,-6.7761,-0.7432,0.0,0.0,0.0,0.0,16,5.9
118.286,-6.7761,-0.7432,0.0,0.0,0.0,0.0,16,5.9
118.296,-6.7761,-0.7432,0.0,0.0,0.0,0.0,16,5.9
118.296,-6.7761,-0.7432,0.0,0.0,0.0,0.0,16,5.9
118.346,-6.7761,-0.7432,0.0,0.0,0.0,0.0,16,5.9
118.356,-6.7761,-0.7432,0.0,0.0,0.0,0.0,16,5.9
118.357,-6.7761,-0.7432,0.0,0.0,0.0,0.0,16,5.9
118.407,-6.7761,-0.7432,0.0,0.0,0.0,0.0,16,5.9
118.416,-6.7761,-0.7432,0.0,0.0,0.0,0.0,16,5.9
118.416,-6.7761,-0.7432,0.0,0.0,0.0,0.0,16,5.8
118.466,-6.7761,-0.7432,0.0,0.0,0.0,0.0,16,5.8
118.476,-6.7761,-0.7432,0.0,0.0,0.0,0.0,16,5.8
118.477,-6.7761,-0.7432,0.0,0.0,0.0,0.0,16,5.8
118.527,-6.7761,-0.7432,0.0,0.0,0.0,0.0,16,5.8
118.535,-6.7761,-0.7432,0.0,0.0,0.0,0.0,16,5.8
118.536,-6.7761,-0.7432,0.0,0.0,0.0,0.0,16,5.9
118.586,-6.7761,-0.7432,0.0,0.0,0.0,0.0,16,5.9
118.596,-6.7761,-0.7432,0.0,0.0,0.0,0.0,16,5.9
118.596,-6.7761,-0.7432,0.0,0.0,0.0,0.0,16,5.9
118.646,-6.7761,-0.7432,0.0,0.0,0.0,0.0,16,5.9
118.656,-6.7761,-0.7432,0.0,0.0,0.0,0.0,16,5.9
118.656,-6.7761,-0.7432,0.0,0.0,0.0,0.0,16,5.9
118.707,-6.7761,-0.7432,0.0,0.0,0.0,0.0,16,5.9
118.716,-6.7761,-0.7432,0.0,0.0,0.0,0.0,16,5.9
118.717,-6.7761,-0.7432,0.0,0.0,0.0,0.0,16,5.9
118.767,-6.7761,-0.7432,0.0,0.0,0.0,0.0,16,5.9
118.776,-6.7761,-0.7432,0.0,0.0,0.0,0.0,16,5.9
118.776,-6.7761,-0.7432,0.0,0.0,0.0,0.0,16,5.9
118.826,-6.7761,-0.7432,0.0,0.0,0.0,0.0,16,5.9
118.836,-6.7761,-0.7432,0.0,0.0,0.0,0.0,16,5.9
118.836,-6.7761,-0.7432,0.0,0.0,0.0,0.0,16,5.9
118.886,-6.7761,-0.7432,0.0,0.0,0.0,0.0,16,5.9
118.896,-6.7761,-0.7432,0.0,0.0,0.0,0.0,16,5.9
118.896,-6.7761,-0.7432,0.0,0.0,0.0,0.0,16,5.9
118.946,-6.7761,-0.7432,0.0,0.0,0.0,0.0,16,5.9
118.956,-6.7761,-0.7432,0.0,0.0,0.0,0.0,16,5.9
118.956,-6.7761,-0.7432,0.0,0.0,0.0,0.0,16,5.8
119.007,-6.7761,-0.7432,0.0,0.0,0.0,0.0,16,5.8
119.016,-6.7761,-0.7432,0.0,0.0,0.0,0.0,16,5.8
119.016,-6.7761,-0.7432,0.0,0.0,0.0,0.0,16,5.9
119.066,-6.7761,-0.7432,0.0,0.0,0.0,0.0,16,5.9
119.076,-6.7761,-0.7432,0.0,0.0,0.0,0.0,16,5.9
119.077,-6.7761,-0.7432,0.0,0.0,0.0,0.0,16,5.9
119.127,-6.7761,-0.7432,0.0,0.0,0.0,0.0,16,5.9
119.136,-6.7761,-0.7432,0.0,0.0,0.0,0.0,16,5.9
119.136,-6.7761,-0.7432,0.0,0.0,0.0,0.0,16,5.9
119.186,-6.7761,-0.7432,0.0,0.0,0.0,0.0,16,5.9
119.196,-6.7761,-0.7432,0.0,0.0,0.0,0.0,16,5.9
119.196,-6.7761,-0.7432,0.0,0.0,0.0,0.0,16,5.9
119.247,-6.7761,-0.7432,0.0,0.0,0.0,0.0,16,5.9
119.256,-6.7761,-0.7432,0.0,0.0,0.0,0.0,16,5.9
119.256,-6.7761,-0.7432,0.0,0.0,0.0,0.0,16,5.9
119.307,-6.7761,-0.7432,0.0,0.0,0.0,0.0,16,5.9
119.316,-6.7761,-0.7432,0.0,0.0,0.0,0.0,16,5.9
119.316,-6.7761,-0.7432,0.0,0.0,0.0,0.0,16,5.8
119.366,-6.7761,-0.7432,0.0,0.0,0.0,0.0,16,5.8
119.376,-6.7761,-0.7432,0.0,0.0,0.0,0.0,16,5.8
119.376,-6.7761,-0.7432,0.0,0.0,0.0,0.0,16,5.9
119.427,-6.7761,-0.7432,0.0,0.0,0.0,0.0,16,5.9
119.435,-6.7761,-0.7432,0.0,0.0,0.0,0.0,16,5.9
119.435,-6.7761,-0.7432,0.0,0.0,0.0,0.0,16,5.9
119.486,-6.7761,-0.7432,0.0,0.0,0.0,0.0,16,5.9
119.496,-6.7761,-0.7432,0.0,0.0,0.0,0.0,16,5.9
119.496,-6.7761,-0.7432,0.0,0.0,0.0,0.0,16,5.9
119.546,-6.7761,-0.7432,0.0,0.0,0.0,0.0,16,5.9
119.556,-6.7761,-0.7432,0.0,0.0,0.0,0.0,16,5.9
119.556,-6.7761,-0.7432,0.0,0.0,0.0,0.0,16,5.9
119.607,-6.7761,-0.7432,0.0,0.0,0.0,0.0,16,5.9
119.616,-6.7761,-0.7432,0.0,0.0,0.0,0.0,16,5.9
119.616,-6.7761,-0.7432,0.0,0.0,0.0,0.0,16,5.8
119.666,-6.7761,-0.7432,0.0,0.0,0.0,0.0,16,5.8
119.676,-6.7761,-0.7432,0.0,0.0,0.0,0.0,16,5.8
119.676,-6.7761,-0.7432,0.0,0.0,0.0,0.0,16,5.8
119.726,-6.7761,-0.7432,0.0,0.0,0.0,0.0,16,5.8
119.736,-6.7761,-0.7432,0.0,0.0,0.0,0.0,16,5.8
119.736,-6.7761,-0.7432,0.0,0.0,0.0,0.0,16,5.8
119.787,-6.7761,-0.7432,0.0,0.0,0.0,0.0,16,5.8
119.796,-6.7761,-0.7432,0.0,0.0,0.0,0.0,16,5.8
119.796,-6.7761,-0.7432,0.0,0.0,0.0,0.0,16,5.8
119.846,-6.7761,-0.7432,0.0,0.0,0.0,0.0,16,5.8
119.856,-6.7761,-0.7432,0.0,0.0,0.0,0.0,16,5.8
119.857,-6.7761,-0.7432,0.0,0.0,0.0,0.0,16,5.9
119.907,-6.7761,-0.7432,0.0,0.0,0.0,0.0,16,5.9
119.916,-6.7761,-0.7432,0.0,0.0,0.0,0.0,16,5.9
119.916,-6.7761,-0.7432,0.0,0.0,0.0,0.0,16,5.9
119.966,-6.7761,-0.7432,0.0,0.0,0.0,0.0,16,5.9
119.977,-6.7761,-0.7432,0.0,0.0,0.0,0.0,16,5.9
119.977,-6.7761,-0.7432,0.0,0.0,0.0,0.0,16,5.9
120.028,-6.7761,-0.7432,0.0,0.0,0.0,0.0,16,5.9
120.035,-6.7761,-0.7432,0.0,0.0,0.0,0.0,16,5.9
120.036,-6.7761,-0.7432,0.0,0.0,0.0,0.0,16,5.9
120.086,-6.7761,-0.7432,0.0,0.0,0.0,0.0,16,5.9
120.096,-6.7761,-0.7432,0.0,0.0,0.0,0.0,16,5.9
120.096,-6.7761,-0.7432,0.0,0.0,0.0,0.0,16,5.9
120.146,-6.7761,-0.7432,0.0,0.0,0.0,0.0,16,5.9
120.157,-6.7761,-0.7432,0.0,0.0,0.0,0.0,16,5.9
120.157,-6.7761,-0.7432,0.0,0.0,0.0,0.0,16,5.8
120.207,-6.7761,-0.7432,0.0,0.0,0.0,0.0,16,5.8
120.216,-6.7761,-0.7432,0.0,0.0,0.0,0.0,16,5.8
120.216,-6.7761,-0.7432,0.0,0.0,0.0,0.0,16,5.9
120.266,-6.7761,-0.7432,0.0,0.0,0.0,0.0,16,5.9
120.276,-6.7761,-0.7432,0.0,0.0,0.0,0.0,16,5.9
120.276,-6.7761,-0.7432,0.0,0.0,0.0,0.0,16,5.9
120.326,-6.7761,-0.7432,0.0,0.0,0.0,0.0,16,5.9
120.336,-6.7761,-0.7432,0.0,0.0,0.0,0.0,16,5.9
120.336,-6.7761,-0.7432,0.0,0.0,0.0,0.0,16,5.8
120.386,-6.7761,-0.7432,0.0,0.0,0.0,0.0,16,5.8
120.396,-6.7761,-0.7432,0.0,0.0,0.0,0.0,16,5.8
120.396,-6.7761,-0.7432,0.0,0.0,0.0,0.0,16,5.9
120.446,-6.7761,-0.7432,0.0,0.0,0.0,0.0,16,5.9
120.457,-6.7761,-0.7432,0.0,0.0,0.0,0.0,16,5.9
120.457,-6.7761,-0.7432,0.0,0.0,0.0,0.0,16,5.9
120.507,-6.7761,-0.7432,0.0,0.0,0.0,0.0,16,5.9
120.516,-6.7761,-0.7432,0.0,0.0,0.0,0.0,16,5.9
120.516,-6.7761,-0.7432,0.0,0.0,0.0,0.0,16,5.8
120.566,-6.7761,-0.7432,0.0,0.0,0.0,0.0,16,5.8
120.576,-6.7761,-0.7432,0.0,0.0,0.0,0.0,16,5.8
120.576,-6.7761,-0.7432,0.0,0.0,0.0,0.0,16,5.9
120.626,-6.7761,-0.7432,0.0,0.0,0.0,0.0,16,5.9
120.636,-6.7761,-0.7432,0.0,0.0,0.0,0.0,16,5.9
120.636,-6.7761,-0.7432,0.0,0.0,0.0,0.0,16,5.9
120.686,-6.7761,-0.7432,0.0,0.0,0.0,0.0,16,5.9
120.696,-6.7761,-0.7432,0.0,0.0,0.0,0.0,16,5.9
120.696,-6.7761,-0.7432,0.0,0.0,0.0,0.0,16,5.9
120.746,-6.7761,-0.7432,0.0,0.0,0.0,0.0,16,5.9
120.757,-6.7761,-0.7432,0.0,0.0,0.0,0.0,16,5.9
120.757,-6.7761,-0.7432,0.0,0.0,0.0,0.0,16,5.9
120.808,-6.7761,-0.7432,0.0,0.0,0.0,0.0,16,5.9
120.816,-6.7761,-0.7432,0.0,0.0,0.0,0.0,16,5.9
120.816,-6.7761,-0.7432,0.0,0.0,0.0,0.0,16,5.9
120.866,-6.7761,-0.7432,0.0,0.0,0.0,0.0,16,5.9
120.876,-6.7761,-0.7432,0.0,0.0,0.0,0.0,16,5.9
120.877,-6.7761,-0.7432,0.0,0.0,0.0,0.0,16,5.8
120.927,-6.7761,-0.7432,0.0,0.0,0.0,0.0,16,5.8
120.936,-6.7761,-0.7432,0.0,0.0,0.0,0.0,16,5.8
120.936,-6.7761,-0.7432,0.0,0.0,0.0,0.0,16,5.9
120.986,-6.7761,-0.7432,0.0,0.0,0.0,0.0,16,5.9
120.996,-6.7761,-0.7432,0.0,0.0,0.0,0.0,16,5.9
120.996,-6.7761,-0.7432,0.0,0.0,0.0,0.0,16,5.9
121.046,-6.7761,-0.7432,0.0,0.0,0.0,0.0,16,5.9
121.057,-6.7761,-0.7432,0.0,0.0,0.0,0.0,16,5.9
121.057,-6.7761,-0.7432,0.0,0.0,0.0,0.0,16,5.9
121.108,-6.7761,-0.7432,0.0,0.0,0.0,0.0,16,5.9
121.116,-6.7761,-0.7432,0.0,0.0,0.0,0.0,16,5.9
121.116,-6.7761,-0.7432,0.0,0.0,0.0,0.0,16,5.9
121.167,-6.7761,-0.7432,0.0,0.0,0.0,0.0,16,5.9
121.176,-6.7761,-0.7432,0.0,0.0,0.0,0.0,16,5.9
121.176,-6.7761,-0.7432,0.0,0.0,0.0,0.0,16,5.9
121.227,-6.7761,-0.7432,0.0,0.0,0.0,0.0,16,5.9
121.236,-6.7761,-0.7432,0.0,0.0,0.0,0.0,16,5.9
121.236,-6.7761,-0.7432,0.0,0.0,0.0,0.0,16,5.9
121.286,-6.7761,-0.7432,0.0,0.0,0.0,0.0,16,5.9
121.296,-6.7761,-0.7432,0.0,0.0,0.0,0.0,16,5.9
121.296,-6.7761,-0.7432,0.0,0.0,0.0,0.0,16,5.8
121.346,-6.7761,-0.7432,0.0,0.0,0.0,0.0,16,5.8
121.357,-6.7761,-0.7432,0.0,0.0,0.0,0.0,16,5.8
121.357,-6.7761,-0.7432,0.0,0.0,0.0,0.0,16,5.8
121.408,-6.7761,-0.7432,0.0,0.0,0.0,0.0,16,5.8
121.415,-6.7761,-0.7432,0.0,0.0,0.0,0.0,16,5.8
121.416,-6.7761,-0.7432,0.0,0.0,0.0,0.0,16,5.9
121.466,-6.7761,-0.7432,0.0,0.0,0.0,0.0,16,5.9
121.476,-6.7761,-0.7432,0.0,0.0,0.0,0.0,16,5.9
121.476,-6.7761,-0.7432,0.0,0.0,0.0,0.0,16,5.9
121.526,-6.7761,-0.7432,0.0,0.0,0.0,0.0,16,5.9
121.536,-6.7761,-0.7432,0.0,0.0,0.0,0.0,16,5.9
121.536,-6.7761,-0.7432,0.0,0.0,0.0,0.0,16,5.8
121.586,-6.7761,-0.7432,0.0,0.0,0.0,0.0,16,5.8
121.596,-6.7761,-0.7432,0.0,0.0,0.0,0.0,16,5.8
121.596,-6.7761,-0.7432,0.0,0.0,0.0,0.0,16,5.9
121.647,-6.7761,-0.7432,0.0,0.0,0.0,0.0,16,5.9
121.656,-6.7761,-0.7432,0.0,0.0,0.0,0.0,16,5.9
121.656,-6.7761,-0.7432,0.0,0.0,0.0,0.0,16,5.9
121.707,-6.7761,-0.7432,0.0,0.0,0.0,0.0,16,5.9
121.716,-6.7761,-0.7432,0.0,0.0,0.0,0.0,16,5.9
121.716,-6.7761,-0.7432,0.0,0.0,0.0,0.0,16,5.8
121.766,-6.7761,-0.7432,0.0,0.0,0.0,0.0,16,5.8
121.776,-6.7761,-0.7432,0.0,0.0,0.0,0.0,16,5.8
121.776,-6.7761,-0.7432,0.0,0.0,0.0,0.0,16,5.8
121.827,-6.7761,-0.7432,0.0,0.0,0.0,0.0,16,5.8
121.836,-6.7761,-0.7432,0.0,0.0,0.0,0.0,16,5.8
121.836,-6.7761,-0.7432,0.0,0.0,0.0,0.0,16,5.8
121.886,-6.7761,-0.7432,0.0,0.0,0.0,0.0,16,5.8
121.896,-6.7761,-0.7432,0.0,0.0,0.0,0.0,16,5.8
121.896,-6.7761,-0.7432,0.0,0.0,0.0,0.0,16,5.9
121.946,-6.7761,-0.7432,0.0,0.0,0.0,0.0,16,5.9
121.957,-6.7761,-0.7432,0.0,0.0,0.0,0.0,16,5.9
121.957,-6.7761,-0.7432,0.0,0.0,0.0,0.0,16,5.9
122.008,-6.7761,-0.7432,0.0,0.0,0.0,0.0,16,5.9
122.016,-6.7761,-0.7432,0.0,0.0,0.0,0.0,16,5.9
122.016,-6.7761,-0.7432,0.0,0.0,0.0,0.0,16,5.9
122.066,-6.7761,-0.7432,0.0,0.0,0.0,0.0,16,5.9
122.076,-6.7761,-0.7432,0.0,0.0,0.0,0.0,16,5.9
122.076,-6.7761,-0.7432,0.0,0.0,0.0,0.0,16,5.8
122.126,-6.7761,-0.7432,0.0,0.0,0.0,0.0,16,5.8
122.135,-6.7761,-0.7432,0.0,0.0,0.0,0.0,16,5.8
122.135,-6.7761,-0.7432,0.0,0.0,0.0,0.0,16,5.9
122.186,-6.7761,-0.7432,0.0,0.0,0.0,0.0,16,5.9
122.196,-6.7761,-0.7432,0.0,0.0,0.0,0.0,16,5.9
122.196,-6.7761,-0.7432,0.0,0.0,0.0,0.0,16,5.9
122.246,-6.7761,-0.7432,0.0,0.0,0.0,0.0,16,5.9
122.257,-6.7761,-0.7432,0.0,0.0,0.0,0.0,16,5.9
122.257,-6.7761,-0.7432,0.0,0.0,0.0,0.0,16,5.8
122.307,-6.7761,-0.7432,0.0,0.0,0.0,0.0,16,5.8
122.316,-6.7761,-0.7432,0.0,0.0,0.0,0.0,16,5.8
122.316,-6.7761,-0.7432,0.0,0.0,0.0,0.0,16,5.8
122.366,-6.7761,-0.7432,0.0,0.0,0.0,0.0,16,5.8
122.377,-6.7761,-0.7432,0.0,0.0,0.0,0.0,16,5.8
122.378,-6.7761,-0.7432,0.0,0.0,0.0,0.0,16,5.9
122.428,-6.7761,-0.7432,0.0,0.0,0.0,0.0,16,5.9
122.436,-6.7761,-0.7432,0.0,0.0,0.0,0.0,16,5.9
122.436,-6.7761,-0.7432,0.0,0.0,0.0,0.0,16,5.9
122.486,-6.7761,-0.7432,0.0,0.0,0.0,0.0,16,5.9
122.496,-6.7761,-0.7432,0.0,0.0,0.0,0.0,16,5.9
122.496,-6.7761,-0.7432,0.0,0.0,0.0,0.0,16,5.8
122.546,-6.7761,-0.7432,0.0,0.0,0.0,0.0,16,5.8
122.559,-6.7761,-0.7432,0.0,0.0,0.0,0.0,16,5.8
122.559,-6.7761,-0.7432,0.0,0.0,0.0,0.0,16,5.9
122.609,-6.7761,-0.7432,0.0,0.0,0.0,0.0,16,5.9
122.616,-6.7761,-0.7432,0.0,0.0,0.0,0.0,16,5.9
122.616,-6.7761,-0.7432,0.0,0.0,0.0,0.0,16,5.8
122.666,-6.7761,-0.7432,0.0,0.0,0.0,0.0,16,5.8
122.676,-6.7761,-0.7432,0.0,0.0,0.0,0.0,16,5.8
122.676,-6.7761,-0.7432,0.0,0.0,0.0,0.0,16,5.9
122.727,-6.7761,-0.7432,0.0,0.0,0.0,0.0,16,5.9
122.736,-6.7761,-0.7432,0.0,0.0,0.0,0.0,16,5.9
122.736,-6.7761,-0.7432,0.0,0.0,0.0,0.0,16,5.8
122.786,-6.7761,-0.7432,0.0,0.0,0.0,0.0,16,5.8
122.796,-6.7761,-0.7432,0.0,0.0,0.0,0.0,16,5.8
122.796,-6.7761,-0.7432,0.0,0.0,0.0,0.0,16,5.8
122.846,-6.7761,-0.7432,0.0,0.0,0.0,0.0,16,5.8
122.856,-6.7761,-0.7432,0.0,0.0,0.0,0.0,16,5.8
122.856,-6.7761,-0.7432,0.0,0.0,0.0,0.0,16,5.9
122.906,-6.7761,-0.7432,0.0,0.0,0.0,0.0,16,5.9
122.915,-6.7761,-0.7432,0.0,0.0,0.0,0.0,16,5.9
122.916,-6.7761,-0.7432,0.0,0.0,0.0,0.0,16,5.8
122.966,-6.7761,-0.7432,0.0,0.0,0.0,0.0,16,5.8
122.976,-6.7761,-0.7432,0.0,0.0,0.0,0.0,16,5.8
122.976,-6.7761,-0.7432,0.0,0.0,0.0,0.0,16,5.9
123.026,-6.7761,-0.7432,0.0,0.0,0.0,0.0,16,5.9
123.036,-6.7761,-0.7432,0.0,0.0,0.0,0.0,16,5.9
123.036,-6.7761,-0.7432,0.0,0.0,0.0,0.0,16,5.8
123.086,-6.7761,-0.7432,0.0,0.0,0.0,0.0,16,5.8
123.096,-6.7761,-0.7432,0.0,0.0,0.0,0.0,16,5.8
123.096,-6.7761,-0.7432,0.0,0.0,0.0,0.0,16,5.9
123.146,-6.7761,-0.7432,0.0,0.0,0.0,0.0,16,5.9
123.156,-6.7761,-0.7432,0.0,0.0,0.0,0.0,16,5.9
123.157,-6.7761,-0.7432,0.0,0.0,0.0,0.0,16,5.9
123.207,-6.7761,-0.7432,0.0,0.0,0.0,0.0,16,5.9
123.216,-6.7761,-0.7432,0.0,0.0,0.0,0.0,16,5.9
123.216,-6.7761,-0.7432,0.0,0.0,0.0,0.0,16,5.9
123.266,-6.7761,-0.7432,0.0,0.0,0.0,0.0,16,5.9
123.276,-6.7761,-0.7432,0.0,0.0,0.0,0.0,16,5.9
123.276,-6.7761,-0.7432,0.0,0.0,0.0,0.0,16,5.9
123.326,-6.7761,-0.7432,0.0,0.0,0.0,0.0,16,5.9
123.336,-6.7761,-0.7432,0.0,0.0,0.0,0.0,16,5.9
123.336,-6.7761,-0.7432,0.0,0.0,0.0,0.0,16,5.8
123.386,-6.7761,-0.7432,0.0,0.0,0.0,0.0,16,5.8
123.396,-6.7761,-0.7432,0.0,0.0,0.0,0.0,16,5.8
123.396,-6.7761,-0.7432,0.0,0.0,0.0,0.0,16,5.8
123.446,-6.7761,-0.7432,0.0,0.0,0.0,0.0,16,5.8
123.456,-6.7761,-0.7432,0.0,0.0,0.0,0.0,16,5.8
123.456,-6.7761,-0.7432,0.0,0.0,0.0,0.0,16,5.9
123.506,-6.7761,-0.7432,0.0,0.0,0.0,0.0,16,5.9
123.516,-6.7761,-0.7432,0.0,0.0,0.0,0.0,16,5.9
123.516,-6.7761,-0.7432,0.0,0.0,0.0,0.0,16,5.9
123.566,-6.7761,-0.7432,0.0,0.0,0.0,0.0,16,5.9
123.576,-6.7761,-0.7432,0.0,0.0,0.0,0.0,16,5.9
123.576,-6.7761,-0.7432,0.0,0.0,0.0,0.0,16,5.8
123.627,-6.7761,-0.7432,0.0,0.0,0.0,0.0,16,5.8
123.636,-6.7761,-0.7432,0.0,0.0,0.0,0.0,16,5.8
123.636,-6.7761,-0.7432,0.0,0.0,0.0,0.0,16,5.9
123.686,-6.7761,-0.7432,0.0,0.0,0.0,0.0,16,5.9
123.696,-6.7761,-0.7432,0.0,0.0,0.0,0.0,16,5.9
123.696,-6.7761,-0.7432,0.0,0.0,0.0,0.0,16,5.9
123.746,-6.7761,-0.7432,0.0,0.0,0.0,0.0,16,5.9
123.757,-6.7761,-0.7432,0.0,0.0,0.0,0.0,16,5.9
123.757,-6.7761,-0.7432,0.0,0.0,0.0,0.0,16,5.9
123.807,-6.7761,-0.7432,0.0,0.0,0.0,0.0,16,5.9
123.816,-6.7761,-0.7432,0.0,0.0,0.0,0.0,16,5.9
123.816,-6.7761,-0.7432,0.0,0.0,0.0,0.0,16,5.9
123.866,-6.7761,-0.7432,0.0,0.0,0.0,0.0,16,5.9
123.876,-6.7761,-0.7432,0.0,0.0,0.0,0.0,16,5.9
123.876,-6.7761,-0.7432,0.0,0.0,0.0,0.0,16,5.9
123.927,-6.7761,-0.7432,0.0,0.0,0.0,0.0,16,5.9
123.936,-6.7761,-0.7432,0.0,0.0,0.0,0.0,16,5.9
123.936,-6.7761,-0.7432,0.0,0.0,0.0,0.0,16,5.9
123.986,-6.7761,-0.7432,0.0,0.0,0.0,0.0,16,5.9
123.996,-6.7761,-0.7432,0.0,0.0,0.0,0.0,16,5.9
123.996,-6.7761,-0.7432,0.0,0.0,0.0,0.0,16,5.9
124.047,-6.7761,-0.7432,0.0,0.0,0.0,0.0,16,5.9
124.056,-6.7761,-0.7432,0.0,0.0,0.0,0.0,16,5.9
124.056,-6.7761,-0.7432,0.0,0.0,0.0,0.0,16,5.8
124.107,-6.7761,-0.7432,0.0,0.0,0.0,0.0,16,5.8
124.116,-6.7761,-0.7432,0.0,0.0,0.0,0.0,16,5.8
124.116,-6.7761,-0.7432,0.0,0.0,0.0,0.0,16,5.9
124.166,-6.7761,-0.7432,0.0,0.0,0.0,0.0,16,5.9
124.176,-6.7761,-0.7432,0.0,0.0,0.0,0.0,16,5.9
124.176,-6.7761,-0.7432,0.0,0.0,0.0,0.0,16,5.9
124.227,-6.7761,-0.7432,0.0,0.0,0.0,0.0,16,5.9
124.236,-6.7761,-0.7432,0.0,0.0,0.0,0.0,16,5.9
124.236,-6.7761,-0.7432,0.0,0.0,0.0,0.0,16,5.8
124.286,-6.7761,-0.7432,0.0,0.0,0.0,0.0,16,5.8
124.296,-6.7761,-0.7432,0.0,0.0,0.0,0.0,16,5.8
124.296,-6.7761,-0.7432,0.0,0.0,0.0,0.0,16,5.8
124.346,-6.7761,-0.7432,0.0,0.0,0.0,0.0,16,5.8
124.356,-6.7761,-0.7432,0.0,0.0,0.0,0.0,16,5.8
124.357,-6.7761,-0.7432,0.0,0.0,0.0,0.0,16,5.9
124.408,-6.7761,-0.7432,0.0,0.0,0.0,0.0,16,5.9
124.416,-6.7761,-0.7432,0.0,0.0,0.0,0.0,16,5.9
124.416,-6.7761,-0.7432,0.0,0.0,0.0,0.0,16,5.9
124.466,-6.7761,-0.7432,0.0,0.0,0.0,0.0,16,5.9
124.476,-6.7761,-0.7432,0.0,0.0,0.0,0.0,16,5.9
124.476,-6.7761,-0.7432,0.0,0.0,0.0,0.0,16,5.9
124.527,-6.7761,-0.7432,0.0,0.0,0.0,0.0,16,5.9
124.536,-6.7761,-0.7432,0.0,0.0,0.0,0.0,16,5.9
124.536,-6.7761,-0.7432,0.0,0.0,0.0,0.0,16,5.8
124.586,-6.7761,-0.7432,0.0,0.0,0.0,0.0,16,5.8
124.596,-6.7761,-0.7432,0.0,0.0,0.0,0.0,16,5.8
124.596,-6.7761,-0.7432,0.0,0.0,0.0,0.0,16,5.9
124.646,-6.7761,-0.7432,0.0,0.0,0.0,0.0,16,5.9
124.658,-6.7761,-0.7432,0.0,0.0,0.0,0.0,16,5.9
124.658,-6.7761,-0.7432,0.0,0.0,0.0,0.0,16,5.9
124.709,-6.7761,-0.7432,0.0,0.0,0.0,0.0,16,5.9
124.715,-6.7761,-0.7432,0.0,0.0,0.0,0.0,16,5.9
124.716,-6.7761,-0.7432,0.0,0.0,0.0,0.0,16,5.8
124.766,-6.7761,-0.7432,0.0,0.0,0.0,0.0,16,5.8
124.767,-6.7761,-0.7432,0.0,0.0,0.0,0.0,16,5.8
124.816,-6.7761,-0.7432,0.0,0.0,0.0,0.0,16,5.8
124.825,-6.7761,-0.7432,0.0,0.0,0.0,0.0,16,5.9
124.876,-6.7761,-0.7432,0.0,0.0,0.0,0.0,16,5.9
124.876,-6.7761,-0.7432,0.0,0.0,0.0,0.0,16,5.8
124.926,-6.7761,-0.7432,0.0,0.0,0.0,0.0,16,5.8
124.936,-6.7761,-0.7432,0.0,0.0,0.0,0.0,16,5.8
124.936,-6.7761,-0.7432,0.0,0.0,0.0,0.0,16,5.9
124.986,-6.7761,-0.7432,0.0,0.0,0.0,0.0,16,5.9
124.996,-6.7761,-0.7432,0.0,0.0,0.0,0.0,16,5.9
124.996,-6.7761,-0.7432,0.0,0.0,0.0,0.0,16,5.8
125.046,-6.7761,-0.7432,0.0,0.0,0.0,0.0,16,5.8
125.056,-6.7761,-0.7432,0.0,0.0,0.0,0.0,16,5.8
125.056,-6.7761,-0.7432,0.0,0.0,0.0,0.0,16,5.8
125.107,-6.7761,-0.7432,0.0,0.0,0.0,0.0,16,5.8
125.117,-6.7761,-0.7432,0.0,0.0,0.0,0.0,16,5.8
125.117,-6.7761,-0.7432,0.0,0.0,0.0,0.0,16,5.9
125.167,-6.7761,-0.7432,0.0,0.0,0.0,0.0,16,5.9
125.176,-6.7761,-0.7432,0.0,0.0,0.0,0.0,16,5.9
125.176,-6.7761,-0.7432,0.0,0.0,0.0,0.0,16,5.9
125.227,-6.7761,-0.7432,0.0,0.0,0.0,0.0,16,5.9
125.236,-6.7761,-0.7432,0.0,0.0,0.0,0.0,16,5.9
125.236,-6.7761,-0.7432,0.0,0.0,0.0,0.0,16,5.9
125.286,-6.7761,-0.7432,0.0,0.0,0.0,0.0,16,5.9
125.296,-6.7761,-0.7432,0.0,0.0,0.0,0.0,16,5.9
125.296,-6.7761,-0.7432,0.0,0.0,0.0,0.0,16,5.9
125.346,-6.7761,-0.7432,0.0,0.0,0.0,0.0,16,5.9
125.357,-6.7761,-0.7432,0.0,0.0,0.0,0.0,16,5.9
125.357,-6.7761,-0.7432,0.0,0.0,0.0,0.0,16,5.8
125.407,-6.7761,-0.7432,0.0,0.0,0.0,0.0,16,5.8
125.415,-6.7761,-0.7432,0.0,0.0,0.0,0.0,16,5.8
125.416,-6.7761,-0.7432,0.0,0.0,0.0,0.0,16,5.8
125.466,-6.7761,-0.7432,0.0,0.0,0.0,0.0,16,5.8
125.476,-6.7761,-0.7432,0.0,0.0,0.0,0.0,16,5.8
125.476,-6.7761,-0.7432,0.0,0.0,0.0,0.0,16,5.9
125.526,-6.7761,-0.7432,0.0,0.0,0.0,0.0,16,5.9
125.536,-6.7761,-0.7432,0.0,0.0,0.0,0.0,16,5.9
125.536,-6.7761,-0.7432,0.0,0.0,0.0,0.0,16,5.9
125.586,-6.7761,-0.7432,0.0,0.0,0.0,0.0,16,5.9
125.596,-6.7761,-0.7432,0.0,0.0,0.0,0.0,16,5.9
125.596,-6.7761,-0.7432,0.0,0.0,0.0,0.0,16,5.9
125.646,-6.7761,-0.7432,0.0,0.0,0.0,0.0,16,5.9
125.657,-6.7761,-0.7432,0.0,0.0,0.0,0.0,16,5.9
125.658,-6.7761,-0.7432,0.0,0.0,0.0,0.0,16,5.8
125.708,-6.7761,-0.7432,0.0,0.0,0.0,0.0,16,5.8
125.716,-6.7761,-0.7432,0.0,0.0,0.0,0.0,16,5.8
125.716,-6.7761,-0.7432,0.0,0.0,0.0,0.0,16,5.9
125.766,-6.7761,-0.7432,0.0,0.0,0.0,0.0,16,5.9
125.776,-6.7761,-0.7432,0.0,0.0,0.0,0.0,16,5.9
125.776,-6.7761,-0.7432,0.0,0.0,0.0,0.0,16,5.9
125.827,-6.7761,-0.7432,0.0,0.0,0.0,0.0,16,5.9
125.836,-6.7761,-0.7432,0.0,0.0,0.0,0.0,16,5.9
125.836,-6.7761,-0.7432,0.0,0.0,0.0,0.0,16,5.9
125.886,-6.7761,-0.7432,0.0,0.0,0.0,0.0,16,5.9
125.895,-6.7761,-0.7432,0.0,0.0,0.0,0.0,16,5.9
125.896,-6.7761,-0.7432,0.0,0.0,0.0,0.0,16,5.9
125.946,-6.7761,-0.7432,0.0,0.0,0.0,0.0,16,5.9
125.956,-6.7761,-0.7432,0.0,0.0,0.0,0.0,16,5.9
125.956,-6.7761,-0.7432,0.0,0.0,0.0,0.0,16,5.8
126.007,-6.7761,-0.7432,0.0,0.0,0.0,0.0,16,5.8
126.016,-6.7761,-0.7432,0.0,0.0,0.0,0.0,16,5.8
126.016,-6.7761,-0.7432,0.0,0.0,0.0,0.0,16,5.8
126.066,-6.7761,-0.7432,0.0,0.0,0.0,0.0,16,5.8
126.076,-6.7761,-0.7432,0.0,0.0,0.0,0.0,16,5.8
126.076,-6.7761,-0.7432,0.0,0.0,0.0,0.0,16,5.8
126.127,-6.7761,-0.7432,0.0,0.0,0.0,0.0,16,5.8
126.136,-6.7761,-0.7432,0.0,0.0,0.0,0.0,16,5.8
126.136,-6.7761,-0.7432,0.0,0.0,0.0,0.0,16,5.9
126.186,-6.7761,-0.7432,0.0,0.0,0.0,0.0,16,5.9
126.196,-6.7761,-0.7432,0.0,0.0,0.0,0.0,16,5.9
126.196,-6.7761,-0.7432,0.0,0.0,0.0,0.0,16,5.8
126.246,-6.7761,-0.7432,0.0,0.0,0.0,0.0,16,5.8
126.256,-6.7761,-0.7432,0.0,0.0,0.0,0.0,16,5.8
126.256,-6.7761,-0.7432,0.0,0.0,0.0,0.0,16,5.8
126.307,-6.7761,-0.7432,0.0,0.0,0.0,0.0,16,5.8
126.315,-6.7761,-0.7432,0.0,0.0,0.0,0.0,16,5.8
126.315,-6.7761,-0.7432,0.0,0.0,0.0,0.0,16,5.9
126.366,-6.7761,-0.7432,0.0,0.0,0.0,0.0,16,5.9
126.376,-6.7761,-0.7432,0.0,0.0,0.0,0.0,16,5.9
126.376,-6.7761,-0.7432,0.0,0.0,0.0,0.0,16,5.9
126.427,-6.7761,-0.7432,0.0,0.0,0.0,0.0,16,5.9
126.436,-6.7761,-0.7432,0.0,0.0,0.0,0.0,16,5.9
126.436,-6.7761,-0.7432,0.0,0.0,0.0,0.0,16,5.8
126.486,-6.7761,-0.7432,0.0,0.0,0.0,0.0,16,5.8
126.497,-6.7761,-0.7432,0.0,0.0,0.0,0.0,16,5.8
126.497,-6.7761,-0.7432,0.0,0.0,0.0,0.0,16,5.8
126.548,-6.7761,-0.7432,0.0,0.0,0.0,0.0,16,5.8
126.556,-6.7761,-0.7432,0.0,0.0,0.0,0.0,16,5.8
126.556,-6.7761,-0.7432,0.0,0.0,0.0,0.0,16,5.9
126.607,-6.7761,-0.7432,0.0,0.0,0.0,0.0,16,5.9
126.616,-6.7761,-0.7432,0.0,0.0,0.0,0.0,16,5.9
126.619,-6.7761,-0.7432,0.0,0.0,0.0,0.0,16,5.9
126.669,-6.7761,-0.7432,0.0,0.0,0.0,0.0,16,5.9
126.676,-6.7761,-0.7432,0.0,0.0,0.0,0.0,16,5.9
126.676,-6.7761,-0.7432,0.0,0.0,0.0,0.0,16,5.8
126.726,-6.7761,-0.7432,0.0,0.0,0.0,0.0,16,5.8
126.736,-6.7761,-0.7432,0.0,0.0,0.0,0.0,16,5.8
126.736,-6.7761,-0.7432,0.0,0.0,0.0,0.0,16,5.9
126.786,-6.7761,-0.7432,0.0,0.0,0.0,0.0,16,5.9
126.796,-6.7761,-0.7432,0.0,0.0,0.0,0.0,16,5.9
126.796,-6.7761,-0.7432,0.0,0.0,0.0,0.0,16,5.9
126.846,-6.7761,-0.7432,0.0,0.0,0.0,0.0,16,5.9
126.857,-6.7761,-0.7432,0.0,0.0,0.0,0.0,16,5.9
126.857,-6.7761,-0.7432,0.0,0.0,0.0,0.0,16,5.9
126.908,-6.7761,-0.7432,0.0,0.0,0.0,0.0,16,5.9
126.916,-6.7761,-0.7432,0.0,0.0,0.0,0.0,16,5.9
126.916,-6.7761,-0.7432,0.0,0.0,0.0,0.0,16,5.8
126.966,-6.7761,-0.7432,0.0,0.0,0.0,0.0,16,5.8
126.976,-6.7761,-0.7432,0.0,0.0,0.0,0.0,16,5.8
126.976,-6.7761,-0.7432,0.0,0.0,0.0,0.0,16,5.9
127.027,-6.7761,-0.7432,0.0,0.0,0.0,0.0,16,5.9
127.036,-6.7761,-0.7432,0.0,0.0,0.0,0.0,16,5.9
127.036,-6.7761,-0.7432,0.0,0.0,0.0,0.0,16,5.8
127.086,-6.7761,-0.7432,0.0,0.0,0.0,0.0,16,5.8
127.096,-6.7761,-0.7432,0.0,0.0,0.0,0.0,16,5.8
127.096,-6.7761,-0.7432,0.0,0.0,0.0,0.0,16,5.8
127.146,-6.7761,-0.7432,0.0,0.0,0.0,0.0,16,5.8
127.157,-6.7761,-0.7432,0.0,0.0,0.0,0.0,16,5.8
127.157,-6.7761,-0.7432,0.0,0.0,0.0,0.0,16,5.8
127.207,-6.7761,-0.7432,0.0,0.0,0.0,0.0,16,5.8
127.216,-6.7761,-0.7432,0.0,0.0,0.0,0.0,16,5.8
127.217,-6.7761,-0.7432,0.0,0.0,0.0,0.0,16,5.9
127.267,-6.7761,-0.7432,0.0,0.0,0.0,0.0,16,5.9
127.276,-6.7761,-0.7432,0.0,0.0,0.0,0.0,16,5.9
127.276,-6.7761,-0.7432,0.0,0.0,0.0,0.0,16,5.8
127.326,-6.7761,-0.7432,0.0,0.0,0.0,0.0,16,5.8
127.336,-6.7761,-0.7432,0.0,0.0,0.0,0.0,16,5.8
127.336,-6.7761,-0.7432,0.0,0.0,0.0,0.0,16,5.8
127.386,-6.7761,-0.7432,0.0,0.0,0.0,0.0,16,5.8
127.396,-6.7761,-0.7432,0.0,0.0,0.0,0.0,16,5.8
127.396,-6.7761,-0.7432,0.0,0.0,0.0,0.0,16,5.9
127.446,-6.7761,-0.7432,0.0,0.0,0.0,0.0,16,5.9
127.457,-6.7761,-0.7432,0.0,0.0,0.0,0.0,16,5.9
127.457,-6.7761,-0.7432,0.0,0.0,0.0,0.0,16,5.8
127.507,-6.7761,-0.7432,0.0,0.0,0.0,0.0,16,5.8
127.516,-6.7761,-0.7432,0.0,0.0,0.0,0.0,16,5.8
127.516,-6.7761,-0.7432,0.0,0.0,0.0,0.0,16,5.8
127.567,-6.7761,-0.7432,0.0,0.0,0.0,0.0,16,5.8
127.576,-6.7761,-0.7432,0.0,0.0,0.0,0.0,16,5.8
127.576,-6.7761,-0.7432,0.0,0.0,0.0,0.0,16,5.8
127.627,-6.7761,-0.7432,0.0,0.0,0.0,0.0,16,5.8
127.636,-6.7761,-0.7432,0.0,0.0,0.0,0.0,16,5.8
127.636,-6.7761,-0.7432,0.0,0.0,0.0,0.0,16,5.8
127.686,-6.7761,-0.7432,0.0,0.0,0.0,0.0,16,5.8
127.696,-6.7761,-0.7432,0.0,0.0,0.0,0.0,16,5.8
127.696,-6.7761,-0.7432,0.0,0.0,0.0,0.0,16,5.8
127.746,-6.7761,-0.7432,0.0,0.0,0.0,0.0,16,5.8
127.756,-6.7761,-0.7432,0.0,0.0,0.0,0.0,16,5.8
127.756,-6.7761,-0.7432,0.0,0.0,0.0,0.0,16,5.8
127.806,-6.7761,-0.7432,0.0,0.0,0.0,0.0,16,5.8
127.816,-6.7761,-0.7432,0.0,0.0,0.0,0.0,16,5.8
127.816,-6.7761,-0.7432,0.0,0.0,0.0,0.0,16,5.9
127.866,-6.7761,-0.7432,0.0,0.0,0.0,0.0,16,5.9
127.876,-6.7761,-0.7432,0.0,0.0,0.0,0.0,16,5.9
127.876,-6.7761,-0.7432,0.0,0.0,0.0,0.0,16,5.8
127.927,-6.7761,-0.7432,0.0,0.0,0.0,0.0,16,5.8
127.936,-6.7761,-0.7432,0.0,0.0,0.0,0.0,16,5.8
127.936,-6.7761,-0.7432,0.0,0.0,0.0,0.0,16,5.8
127.986,-6.7761,-0.7432,0.0,0.0,0.0,0.0,16,5.8
127.996,-6.7761,-0.7432,0.0,0.0,0.0,0.0,16,5.8
127.996,-6.7761,-0.7432,0.0,0.0,0.0,0.0,16,5.8
128.047,-6.7761,-0.7432,0.0,0.0,0.0,0.0,16,5.8
128.056,-6.7761,-0.7432,0.0,0.0,0.0,0.0,16,5.8
128.056,-6.7761,-0.7432,0.0,0.0,0.0,0.0,16,5.8
128.106,-6.7761,-0.7432,0.0,0.0,0.0,0.0,16,5.8
128.116,-6.7761,-0.7432,0.0,0.0,0.0,0.0,16,5.8
128.116,-6.7761,-0.7432,0.0,0.0,0.0,0.0,16,5.9
128.166,-6.7761,-0.7432,0.0,0.0,0.0,0.0,16,5.9
128.176,-6.7761,-0.7432,0.0,0.0,0.0,0.0,16,5.9
128.176,-6.7761,-0.7432,0.0,0.0,0.0,0.0,16,5.9
128.226,-6.7761,-0.7432,0.0,0.0,0.0,0.0,16,5.9
128.235,-6.7761,-0.7432,0.0,0.0,0.0,0.0,16,5.9
128.236,-6.7761,-0.7432,0.0,0.0,0.0,0.0,16,5.8
128.286,-6.7761,-0.7432,0.0,0.0,0.0,0.0,16,5.8
128.296,-6.7761,-0.7432,0.0,0.0,0.0,0.0,16,5.8
128.296,-6.7761,-0.7432,0.0,0.0,0.0,0.0,16,5.8
128.346,-6.7761,-0.7432,0.0,0.0,0.0,0.0,16,5.8
128.356,-6.7761,-0.7432,0.0,0.0,0.0,0.0,16,5.8
128.357,-6.7761,-0.7432,0.0,0.0,0.0,0.0,16,5.9
128.407,-6.7761,-0.7432,0.0,0.0,0.0,0.0,16,5.9
128.416,-6.7761,-0.7432,0.0,0.0,0.0,0.0,16,5.9
128.416,-6.7761,-0.7432,0.0,0.0,0.0,0.0,16,5.8
128.466,-6.7761,-0.7432,0.0,0.0,0.0,0.0,16,5.8
128.476,-6.7761,-0.7432,0.0,0.0,0.0,0.0,16,5.8
128.476,-6.7761,-0.7432,0.0,0.0,0.0,0.0,16,5.8
128.527,-6.7761,-0.7432,0.0,0.0,0.0,0.0,16,5.8
128.536,-6.7761,-0.7432,0.0,0.0,0.0,0.0,16,5.8
128.536,-6.7761,-0.7432,0.0,0.0,0.0,0.0,16,5.9
128.586,-6.7761,-0.7432,0.0,0.0,0.0,0.0,16,5.9
128.597,-6.7761,-0.7432,0.0,0.0,0.0,0.0,16,5.9
128.597,-6.7761,-0.7432,0.0,0.0,0.0,0.0,16,5.9
128.647,-6.7761,-0.7432,0.0,0.0,0.0,0.0,16,5.9
128.656,-6.7761,-0.7432,0.0,0.0,0.0,0.0,16,5.9
128.656,-6.7761,-0.7432,0.0,0.0,0.0,0.0,16,5.9
128.707,-6.7761,-0.7432,0.0,0.0,0.0,0.0,16,5.9
128.716,-6.7761,-0.7432,0.0,0.0,0.0,0.0,16,5.9
128.716,-6.7761,-0.7432,0.0,0.0,0.0,0.0,16,5.8
128.766,-6.7761,-0.7432,0.0,0.0,0.0,0.0,16,5.8
128.778,-6.7761,-0.7432,0.0,0.0,0.0,0.0,16,5.8
128.778,-6.7761,-0.7432,0.0,0.0,0.0,0.0,16,5.8
128.829,-6.7761,-0.7432,0.0,0.0,0.0,0.0,16,5.8
128.835,-6.7761,-0.7432,0.0,0.0,0.0,0.0,16,5.8
128.835,-6.7761,-0.7432,0.0,0.0,0.0,0.0,16,5.8
128.886,-6.7761,-0.7432,0.0,0.0,0.0,0.0,16,5.8
128.895,-6.7761,-0.7432,0.0,0.0,0.0,0.0,16,5.8
128.896,-6.7761,-0.7432,0.0,0.0,0.0,0.0,16,5.8
128.946,-6.7761,-0.7432,0.0,0.0,0.0,0.0,16,5.8
128.956,-6.7761,-0.7432,0.0,0.0,0.0,0.0,16,5.8
128.956,-6.7761,-0.7432,0.0,0.0,0.0,0.0,16,5.8
129.007,-6.7761,-0.7432,0.0,0.0,0.0,0.0,16,5.8
129.016,-6.7761,-0.7432,0.0,0.0,0.0,0.0,16,5.8
129.016,-6.7761,-0.7432,0.0,0.0,0.0,0.0,16,5.8
129.066,-6.7761,-0.7432,0.0,0.0,0.0,0.0,16,5.8
129.076,-6.7761,-0.7432,0.0,0.0,0.0,0.0,16,5.8
129.076,-6.7761,-0.7432,0.0,0.0,0.0,0.0,16,5.8
129.127,-6.7761,-0.7432,0.0,0.0,0.0,0.0,16,5.8
129.136,-6.7761,-0.7432,0.0,0.0,0.0,0.0,16,5.8
129.136,-6.7761,-0.7432,0.0,0.0,0.0,0.0,16,5.9
129.186,-6.7761,-0.7432,0.0,0.0,0.0,0.0,16,5.9
129.196,-6.7761,-0.7432,0.0,0.0,0.0,0.0,16,5.9
129.196,-6.7761,-0.7432,0.0,0.0,0.0,0.0,16,5.9
129.246,-6.7761,-0.7432,0.0,0.0,0.0,0.0,16,5.9
129.256,-6.7761,-0.7432,0.0,0.0,0.0,0.0,16,5.9
129.257,-6.7761,-0.7432,0.0,0.0,0.0,0.0,16,5.8
129.307,-6.7761,-0.7432,0.0,0.0,0.0,0.0,16,5.8
129.315,-6.7761,-0.7432,0.0,0.0,0.0,0.0,16,5.8
129.316,-6.7761,-0.7432,0.0,0.0,0.0,0.0,16,5.8
129.366,-6.7761,-0.7432,0.0,0.0,0.0,0.0,16,5.8
129.376,-6.7761,-0.7432,0.0,0.0,0.0,0.0,16,5.8
129.376,-6.7761,-0.7432,0.0,0.0,0.0,0.0,16,5.8
129.427,-6.7761,-0.7432,0.0,0.0,0.0,0.0,16,5.8
129.436,-6.7761,-0.7432,0.0,0.0,0.0,0.0,16,5.8
129.436,-6.7761,-0.7432,0.0,0.0,0.0,0.0,16,5.9
129.486,-6.7761,-0.7432,0.0,0.0,0.0,0.0,16,5.9
129.496,-6.7761,-0.7432,0.0,0.0,0.0,0.0,16,5.9
129.496,-6.7761,-0.7432,0.0,0.0,0.0,0.0,16,5.8
129.546,-6.7761,-0.7432,0.0,0.0,0.0,0.0,16,5.8
129.556,-6.7761,-0.7432,0.0,0.0,0.0,0.0,16,5.8
129.556,-6.7761,-0.7432,0.0,0.0,0.0,0.0,16,5.9
129.607,-6.7761,-0.7432,0.0,0.0,0.0,0.0,16,5.9
129.618,-6.7761,-0.7432,0.0,0.0,0.0,0.0,16,5.9
129.618,-6.7761,-0.7432,0.0,0.0,0.0,0.0,16,5.8
129.668,-6.7761,-0.7432,0.0,0.0,0.0,0.0,16,5.8
129.676,-6.7761,-0.7432,0.0,0.0,0.0,0.0,16,5.8
129.676,-6.7761,-0.7432,0.0,0.0,0.0,0.0,16,5.8
129.726,-6.7761,-0.7432,0.0,0.0,0.0,0.0,16,5.8
129.736,-6.7761,-0.7432,0.0,0.0,0.0,0.0,16,5.8
129.736,-6.7761,-0.7432,0.0,0.0,0.0,0.0,16,5.8
129.786,-6.7761,-0.7432,0.0,0.0,0.0,0.0,16,5.8
129.795,-6.7761,-0.7432,0.0,0.0,0.0,0.0,16,5.8
129.796,-6.7761,-0.7432,0.0,0.0,0.0,0.0,16,5.9
129.846,-6.7761,-0.7432,0.0,0.0,0.0,0.0,16,5.9
129.856,-6.7761,-0.7432,0.0,0.0,0.0,0.0,16,5.9
129.856,-6.7761,-0.7432,0.0,0.0,0.0,0.0,16,5.9
129.907,-6.7761,-0.7432,0.0,0.0,0.0,0.0,16,5.9
129.916,-6.7761,-0.7432,0.0,0.0,0.0,0.0,16,5.9
129.916,-6.7761,-0.7432,0.0,0.0,0.0,0.0,16,5.9
129.966,-6.7761,-0.7432,0.0,0.0,0.0,0.0,16,5.9
129.976,-6.7761,-0.7432,0.0,0.0,0.0,0.0,16,5.9
129.976,-6.7761,-0.7432,0.0,0.0,0.0,0.0,16,5.8
130.027,-6.7761,-0.7432,0.0,0.0,0.0,0.0,16,5.8
130.036,-6.7761,-0.7432,0.0,0.0,0.0,0.0,16,5.8
130.036,-6.7761,-0.7432,0.0,0.0,0.0,0.0,16,5.9
130.086,-6.7761,-0.7432,0.0,0.0,0.0,0.0,16,5.9
130.096,-6.7761,-0.7432,0.0,0.0,0.0,0.0,16,5.9
130.096,-6.7761,-0.7432,0.0,0.0,0.0,0.0,16,5.8
130.146,-6.7761,-0.7432,0.0,0.0,0.0,0.0,16,5.8
130.156,-6.7761,-0.7432,0.0,0.0,0.0,0.0,16,5.8
130.156,-6.7761,-0.7432,0.0,0.0,0.0,0.0,16,5.9
130.206,-6.7761,-0.7432,0.0,0.0,0.0,0.0,16,5.9
130.216,-6.7761,-0.7432,0.0,0.0,0.0,0.0,16,5.9
130.216,-6.7761,-0.7432,0.0,0.0,0.0,0.0,16,5.9
130.266,-6.7761,-0.7432,0.0,0.0,0.0,0.0,16,5.9
130.276,-6.7761,-0.7432,0.0,0.0,0.0,0.0,16,5.9
130.276,-6.7761,-0.7432,0.0,0.0,0.0,0.0,16,5.8
130.327,-6.7761,-0.7432,0.0,0.0,0.0,0.0,16,5.8
130.336,-6.7761,-0.7432,0.0,0.0,0.0,0.0,16,5.8
130.336,-6.7761,-0.7432,0.0,0.0,0.0,0.0,16,5.9
130.386,-6.7761,-0.7432,0.0,0.0,0.0,0.0,16,5.9
130.396,-6.7761,-0.7432,0.0,0.0,0.0,0.0,16,5.9
130.396,-6.7761,-0.7432,0.0,0.0,0.0,0.0,16,5.9
130.446,-6.7761,-0.7432,0.0,0.0,0.0,0.0,16,5.9
130.456,-6.7761,-0.7432,0.0,0.0,0.0,0.0,16,5.9
130.456,-6.7761,-0.7432,0.0,0.0,0.0,0.0,16,5.8
130.507,-6.7761,-0.7432,0.0,0.0,0.0,0.0,16,5.8
130.516,-6.7761,-0.7432,0.0,0.0,0.0,0.0,16,5.8
130.516,-6.7761,-0.7432,0.0,0.0,0.0,0.0,16,5.8
130.566,-6.7761,-0.7432,0.0,0.0,0.0,0.0,16,5.8
130.576,-6.7761,-0.7432,0.0,0.0,0.0,0.0,16,5.8
130.576,-6.7761,-0.7432,0.0,0.0,0.0,0.0,16,5.8
130.627,-6.7761,-0.7432,0.0,0.0,0.0,0.0,16,5.8
130.636,-6.7761,-0.7432,0.0,0.0,0.0,0.0,16,5.8
130.636,-6.7761,-0.7432,0.0,0.0,0.0,0.0,16,5.9
130.686,-6.7761,-0.7432,0.0,0.0,0.0,0.0,16,5.9
130.696,-6.7761,-0.7432,0.0,0.0,0.0,0.0,16,5.9
130.696,-6.7761,-0.7432,0.0,0.0,0.0,0.0,16,5.8
130.746,-6.7761,-0.7432,0.0,0.0,0.0,0.0,16,5.8
130.756,-6.7761,-0.7432,0.0,0.0,0.0,0.0,16,5.8
130.756,-6.7761,-0.7432,0.0,0.0,0.0,0.0,16,5.9
130.806,-6.7761,-0.7432,0.0,0.0,0.0,0.0,16,5.9
130.816,-6.7761,-0.7432,0.0,0.0,0.0,0.0,16,5.9
130.816,-6.7761,-0.7432,0.0,0.0,0.0,0.0,16,5.8
130.866,-6.7761,-0.7432,0.0,0.0,0.0,0.0,16,5.8
130.876,-6.7761,-0.7432,0.0,0.0,0.0,0.0,16,5.8
130.876,-6.7761,-0.7432,0.0,0.0,0.0,0.0,16,5.8
130.926,-6.7761,-0.7432,0.0,0.0,0.0,0.0,16,5.8
130.936,-6.7761,-0.7432,0.0,0.0,0.0,0.0,16,5.8
130.936,-6.7761,-0.7432,0.0,0.0,0.0,0.0,16,5.8
130.986,-6.7761,-0.7432,0.0,0.0,0.0,0.0,16,5.8
130.996,-6.7761,-0.7432,0.0,0.0,0.0,0.0,16,5.8
130.996,-6.7761,-0.7432,0.0,0.0,0.0,0.0,16,5.9
131.046,-6.7761,-0.7432,0.0,0.0,0.0,0.0,16,5.9
131.056,-6.7761,-0.7432,0.0,0.0,0.0,0.0,16,5.9
131.057,-6.7761,-0.7432,0.0,0.0,0.0,0.0,16,5.9
131.107,-6.7761,-0.7432,0.0,0.0,0.0,0.0,16,5.9
131.116,-6.7761,-0.7432,0.0,0.0,0.0,0.0,16,5.9
131.116,-6.7761,-0.7432,0.0,0.0,0.0,0.0,16,5.9
131.166,-6.7761,-0.7432,0.0,0.0,0.0,0.0,16,5.9
131.176,-6.7761,-0.7432,0.0,0.0,0.0,0.0,16,5.9
131.176,-6.7761,-0.7432,0.0,0.0,0.0,0.0,16,5.8
131.227,-6.7761,-0.7432,0.0,0.0,0.0,0.0,16,5.8
131.236,-6.7761,-0.7432,0.0,0.0,0.0,0.0,16,5.8
131.236,-6.7761,-0.7432,0.0,0.0,0.0,0.0,16,5.8
131.286,-6.7761,-0.7432,0.0,0.0,0.0,0.0,16,5.8
131.296,-6.7761,-0.7432,0.0,0.0,0.0,0.0,16,5.8
131.296,-6.7761,-0.7432,0.0,0.0,0.0,0.0,16,5.8
131.346,-6.7761,-0.7432,0.0,0.0,0.0,0.0,16,5.8
131.356,-6.7761,-0.7432,0.0,0.0,0.0,0.0,16,5.8
131.357,-6.7761,-0.7432,0.0,0.0,0.0,0.0,16,5.8
131.407,-6.7761,-0.7432,0.0,0.0,0.0,0.0,16,5.8
131.416,-6.7761,-0.7432,0.0,0.0,0.0,0.0,16,5.8
131.416,-6.7761,-0.7432,0.0,0.0,0.0,0.0,16,5.8
131.466,-6.7761,-0.7432,0.0,0.0,0.0,0.0,16,5.8
131.476,-6.7761,-0.7432,0.0,0.0,0.0,0.0,16,5.8
131.476,-6.7761,-0.7432,0.0,0.0,0.0,0.0,16,5.9
131.527,-6.7761,-0.7432,0.0,0.0,0.0,0.0,16,5.9
131.536,-6.7761,-0.7432,0.0,0.0,0.0,0.0,16,5.9
131.536,-6.7761,-0.7432,0.0,0.0,0.0,0.0,16,5.8
131.586,-6.7761,-0.7432,0.0,0.0,0.0,0.0,16,5.8
131.596,-6.7761,-0.7432,0.0,0.0,0.0,0.0,16,5.8
131.596,-6.7761,-0.7432,0.0,0.0,0.0,0.0,16,5.8
131.646,-6.7761,-0.7432,0.0,0.0,0.0,0.0,16,5.8
131.656,-6.7761,-0.7432,0.0,0.0,0.0,0.0,16,5.8
131.657,-6.7761,-0.7432,0.0,0.0,0.0,0.0,16,5.8
131.707,-6.7761,-0.7432,0.0,0.0,0.0,0.0,16,5.8
131.716,-6.7761,-0.7432,0.0,0.0,0.0,0.0,16,5.8
131.716,-6.7761,-0.7432,0.0,0.0,0.0,0.0,16,5.9
131.766,-6.7761,-0.7432,0.0,0.0,0.0,0.0,16,5.9
131.776,-6.7761,-0.7432,0.0,0.0,0.0,0.0,16,5.9
131.776,-6.7761,-0.7432,0.0,0.0,0.0,0.0,16,5.8
131.827,-6.7761,-0.7432,0.0,0.0,0.0,0.0,16,5.8
131.836,-6.7761,-0.7432,0.0,0.0,0.0,0.0,16,5.8
131.836,-6.7761,-0.7432,0.0,0.0,0.0,0.0,16,5.8
131.886,-6.7761,-0.7432,0.0,0.0,0.0,0.0,16,5.8
131.896,-6.7761,-0.7432,0.0,0.0,0.0,0.0,16,5.8
131.896,-6.7761,-0.7432,0.0,0.0,0.0,0.0,16,5.8
131.946,-6.7761,-0.7432,0.0,0.0,0.0,0.0,16,5.8
131.957,-6.7761,-0.7432,0.0,0.0,0.0,0.0,16,5.8
131.957,-6.7761,-0.7432,0.0,0.0,0.0,0.0,16,5.8
132.007,-6.7761,-0.7432,0.0,0.0,0.0,0.0,16,5.8
132.016,-6.7761,-0.7432,0.0,0.0,0.0,0.0,16,5.8
132.016,-6.7761,-0.7432,0.0,0.0,0.0,0.0,16,5.8
132.066,-6.7761,-0.7432,0.0,0.0,0.0,0.0,16,5.8
132.076,-6.7761,-0.7432,0.0,0.0,0.0,0.0,16,5.8
132.076,-6.7761,-0.7432,0.0,0.0,0.0,0.0,16,5.8
132.127,-6.7761,-0.7432,0.0,0.0,0.0,0.0,16,5.8
132.135,-6.7761,-0.7432,0.0,0.0,0.0,0.0,16,5.8
132.136,-6.7761,-0.7432,0.0,0.0,0.0,0.0,16,5.9
132.186,-6.7761,-0.7432,0.0,0.0,0.0,0.0,16,5.9
132.196,-6.7761,-0.7432,0.0,0.0,0.0,0.0,16,5.9
132.196,-6.7761,-0.7432,0.0,0.0,0.0,0.0,16,5.8
132.246,-6.7761,-0.7432,0.0,0.0,0.0,0.0,16,5.8
132.256,-6.7761,-0.7432,0.0,0.0,0.0,0.0,16,5.8
132.257,-6.7761,-0.7432,0.0,0.0,0.0,0.0,16,5.8
132.307,-6.7761,-0.7432,0.0,0.0,0.0,0.0,16,5.8
132.316,-6.7761,-0.7432,0.0,0.0,0.0,0.0,16,5.8
132.316,-6.7761,-0.7432,0.0,0.0,0.0,0.0,16,5.8
132.366,-6.7761,-0.7432,0.0,0.0,0.0,0.0,16,5.8
132.376,-6.7761,-0.7432,0.0,0.0,0.0,0.0,16,5.8
132.376,-6.7761,-0.7432,0.0,0.0,0.0,0.0,16,5.9
132.426,-6.7761,-0.7432,0.0,0.0,0.0,0.0,16,5.9
132.436,-6.7761,-0.7432,0.0,0.0,0.0,0.0,16,5.9
132.436,-6.7761,-0.7432,0.0,0.0,0.0,0.0,16,5.8
132.486,-6.7761,-0.7432,0.0,0.0,0.0,0.0,16,5.8
132.495,-6.7761,-0.7432,0.0,0.0,0.0,0.0,16,5.8
132.496,-6.7761,-0.7432,0.0,0.0,0.0,0.0,16,5.9
132.546,-6.7761,-0.7432,0.0,0.0,0.0,0.0,16,5.9
132.556,-6.7761,-0.7432,0.0,0.0,0.0,0.0,16,5.9
132.556,-6.7761,-0.7432,0.0,0.0,0.0,0.0,16,5.9
132.607,-6.7761,-0.7432,0.0,0.0,0.0,0.0,16,5.9
132.615,-6.7761,-0.7432,0.0,0.0,0.0,0.0,16,5.9
132.616,-6.7761,-0.7432,0.0,0.0,0.0,0.0,16,5.8
132.666,-6.7761,-0.7432,0.0,0.0,0.0,0.0,16,5.8
132.676,-6.7761,-0.7432,0.0,0.0,0.0,0.0,16,5.8
132.676,-6.7761,-0.7432,0.0,0.0,0.0,0.0,16,5.9
132.727,-6.7761,-0.7432,0.0,0.0,0.0,0.0,16,5.9
132.736,-6.7761,-0.7432,0.0,0.0,0.0,0.0,16,5.9
132.736,-6.7761,-0.7432,0.0,0.0,0.0,0.0,16,5.8
132.786,-6.7761,-0.7432,0.0,0.0,0.0,0.0,16,5.8
132.796,-6.7761,-0.7432,0.0,0.0,0.0,0.0,16,5.8
132.796,-6.7761,-0.7432,0.0,0.0,0.0,0.0,16,5.8
132.847,-6.7761,-0.7432,0.0,0.0,0.0,0.0,16,5.8
132.856,-6.7761,-0.7432,0.0,0.0,0.0,0.0,16,5.8
132.856,-6.7761,-0.7432,0.0,0.0,0.0,0.0,16,5.8
132.907,-6.7761,-0.7432,0.0,0.0,0.0,0.0,16,5.8
132.916,-6.7761,-0.7432,0.0,0.0,0.0,0.0,16,5.8
132.916,-6.7761,-0.7432,0.0,0.0,0.0,0.0,16,5.8
132.966,-6.7761,-0.7432,0.0,0.0,0.0,0.0,16,5.8
132.976,-6.7761,-0.7432,0.0,0.0,0.0,0.0,16,5.8
132.976,-6.7761,-0.7432,0.0,0.0,0.0,0.0,16,5.8
133.026,-6.7761,-0.7432,0.0,0.0,0.0,0.0,16,5.8
133.036,-6.7761,-0.7432,0.0,0.0,0.0,0.0,16,5.8
133.036,-6.7761,-0.7432,0.0,0.0,0.0,0.0,16,5.8
133.086,-6.7761,-0.7432,0.0,0.0,0.0,0.0,16,5.8
133.097,-6.7761,-0.7432,0.0,0.0,0.0,0.0,16,5.8
133.097,-6.7761,-0.7432,0.0,0.0,0.0,0.0,16,5.8
133.148,-6.7761,-0.7432,0.0,0.0,0.0,0.0,16,5.8
133.156,-6.7761,-0.7432,0.0,0.0,0.0,0.0,16,5.8
133.157,-6.7761,-0.7432,0.0,0.0,0.0,0.0,16,5.8
133.207,-6.7761,-0.7432,0.0,0.0,0.0,0.0,16,5.8
133.216,-6.7761,-0.7432,0.0,0.0,0.0,0.0,16,5.8
133.216,-6.7761,-0.7432,0.0,0.0,0.0,0.0,16,5.9
133.266,-6.7761,-0.7432,0.0,0.0,0.0,0.0,16,5.9
133.276,-6.7761,-0.7432,0.0,0.0,0.0,0.0,16,5.9
133.276,-6.7761,-0.7432,0.0,0.0,0.0,0.0,16,5.8
133.326,-6.7761,-0.7432,0.0,0.0,0.0,0.0,16,5.8
133.336,-6.7761,-0.7432,0.0,0.0,0.0,0.0,16,5.8
133.336,-6.7761,-0.7432,0.0,0.0,0.0,0.0,16,5.8
133.386,-6.7761,-0.7432,0.0,0.0,0.0,0.0,16,5.8
133.396,-6.7761,-0.7432,0.0,0.0,0.0,0.0,16,5.8
133.396,-6.7761,-0.7432,0.0,0.0,0.0,0.0,16,5.9
133.447,-6.7761,-0.7432,0.0,0.0,0.0,0.0,16,5.9
133.456,-6.7761,-0.7432,0.0,0.0,0.0,0.0,16,5.9
133.457,-6.7761,-0.7432,0.0,0.0,0.0,0.0,16,5.8
133.507,-6.7761,-0.7432,0.0,0.0,0.0,0.0,16,5.8
133.516,-6.7761,-0.7432,0.0,0.0,0.0,0.0,16,5.8
133.516,-6.7761,-0.7432,0.0,0.0,0.0,0.0,16,5.9
133.566,-6.7761,-0.7432,0.0,0.0,0.0,0.0,16,5.9
133.576,-6.7761,-0.7432,0.0,0.0,0.0,0.0,16,5.9
133.576,-6.7761,-0.7432,0.0,0.0,0.0,0.0,16,5.8
133.626,-6.7761,-0.7432,0.0,0.0,0.0,0.0,16,5.8
133.636,-6.7761,-0.7432,0.0,0.0,0.0,0.0,16,5.8
133.636,-6.7761,-0.7432,0.0,0.0,0.0,0.0,16,5.8
133.686,-6.7761,-0.7432,0.0,0.0,0.0,0.0,16,5.8
133.696,-6.7761,-0.7432,0.0,0.0,0.0,0.0,16,5.8
133.696,-6.7761,-0.7432,0.0,0.0,0.0,0.0,16,5.8
133.746,-6.7761,-0.7432,0.0,0.0,0.0,0.0,16,5.8
133.756,-6.7761,-0.7432,0.0,0.0,0.0,0.0,16,5.8
133.756,-6.7761,-0.7432,0.0,0.0,0.0,0.0,16,5.8
133.807,-6.7761,-0.7432,0.0,0.0,0.0,0.0,16,5.8
133.816,-6.7761,-0.7432,0.0,0.0,0.0,0.0,16,5.8
133.816,-6.7761,-0.7432,0.0,0.0,0.0,0.0,16,5.9
133.866,-6.7761,-0.7432,0.0,0.0,0.0,0.0,16,5.9
133.876,-6.7761,-0.7432,0.0,0.0,0.0,0.0,16,5.9
133.876,-6.7761,-0.7432,0.0,0.0,0.0,0.0,16,5.8
133.926,-6.7761,-0.7432,0.0,0.0,0.0,0.0,16,5.8
133.935,-6.7761,-0.7432,0.0,0.0,0.0,0.0,16,5.8
133.936,-6.7761,-0.7432,0.0,0.0,0.0,0.0,16,5.8
133.986,-6.7761,-0.7432,0.0,0.0,0.0,0.0,16,5.8
133.995,-6.7761,-0.7432,0.0,0.0,0.0,0.0,16,5.8
133.996,-6.7761,-0.7432,0.0,0.0,0.0,0.0,16,5.8
134.046,-6.7761,-0.7432,0.0,0.0,0.0,0.0,16,5.8
134.056,-6.7761,-0.7432,0.0,0.0,0.0,0.0,16,5.8
134.056,-6.7761,-0.7432,0.0,0.0,0.0,0.0,16,5.8
134.107,-6.7761,-0.7432,0.0,0.0,0.0,0.0,16,5.8
134.115,-6.7761,-0.7432,0.0,0.0,0.0,0.0,16,5.8
134.116,-6.7761,-0.7432,0.0,0.0,0.0,0.0,16,5.8
134.166,-6.7761,-0.7432,0.0,0.0,0.0,0.0,16,5.8
134.176,-6.7761,-0.7432,0.0,0.0,0.0,0.0,16,5.8
134.176,-6.7761,-0.7432,0.0,0.0,0.0,0.0,16,5.9
134.226,-6.7761,-0.7432,0.0,0.0,0.0,0.0,16,5.9
134.236,-6.7761,-0.7432,0.0,0.0,0.0,0.0,16,5.9
134.236,-6.7761,-0.7432,0.0,0.0,0.0,0.0,16,5.8
134.286,-6.7761,-0.7432,0.0,0.0,0.0,0.0,16,5.8
134.296,-6.7761,-0.7432,0.0,0.0,0.0,0.0,16,5.8
134.296,-6.7761,-0.7432,0.0,0.0,0.0,0.0,16,5.9
134.346,-6.7761,-0.7432,0.0,0.0,0.0,0.0,16,5.9
134.356,-6.7761,-0.7432,0.0,0.0,0.0,0.0,16,5.9
134.357,-6.7761,-0.7432,0.0,0.0,0.0,0.0,16,5.9
134.408,-6.7761,-0.7432,0.0,0.0,0.0,0.0,16,5.9
134.416,-6.7761,-0.7432,0.0,0.0,0.0,0.0,16,5.9
134.416,-6.7761,-0.7432,0.0,0.0,0.0,0.0,16,5.8
134.466,-6.7761,-0.7432,0.0,0.0,0.0,0.0,16,5.8
134.476,-6.7761,-0.7432,0.0,0.0,0.0,0.0,16,5.8
134.476,-6.7761,-0.7432,0.0,0.0,0.0,0.0,16,5.8
134.527,-6.7761,-0.7432,0.0,0.0,0.0,0.0,16,5.8
134.536,-6.7761,-0.7432,0.0,0.0,0.0,0.0,16,5.8
134.536,-6.7761,-0.7432,0.0,0.0,0.0,0.0,16,5.8
134.586,-6.7761,-0.7432,0.0,0.0,0.0,0.0,16,5.8
134.596,-6.7761,-0.7432,0.0,0.0,0.0,0.0,16,5.8
134.596,-6.7761,-0.7432,0.0,0.0,0.0,0.0,16,5.8
134.646,-6.7761,-0.7432,0.0,0.0,0.0,0.0,16,5.8
134.656,-6.7761,-0.7432,0.0,0.0,0.0,0.0,16,5.8
134.657,-6.7761,-0.7432,0.0,0.0,0.0,0.0,16,5.8
134.707,-6.7761,-0.7432,0.0,0.0,0.0,0.0,16,5.8
134.716,-6.7761,-0.7432,0.0,0.0,0.0,0.0,16,5.8
134.716,-6.7761,-0.7432,0.0,0.0,0.0,0.0,16,5.8
134.766,-6.7761,-0.7432,0.0,0.0,0.0,0.0,16,5.8
134.776,-6.7761,-0.7432,0.0,0.0,0.0,0.0,16,5.8
134.776,-6.7761,-0.7432,0.0,0.0,0.0,0.0,16,5.8
134.827,-6.7761,-0.7432,0.0,0.0,0.0,0.0,16,5.8
134.836,-6.7761,-0.7432,0.0,0.0,0.0,0.0,16,5.8
134.836,-6.7761,-0.7432,0.0,0.0,0.0,0.0,16,5.8
134.886,-6.7761,-0.7432,0.0,0.0,0.0,0.0,16,5.8
134.896,-6.7761,-0.7432,0.0,0.0,0.0,0.0,16,5.8
134.896,-6.7761,-0.7432,0.0,0.0,0.0,0.0,16,5.9
134.946,-6.7761,-0.7432,0.0,0.0,0.0,0.0,16,5.9
134.956,-6.7761,-0.7432,0.0,0.0,0.0,0.0,16,5.9
134.956,-6.7761,-0.7432,0.0,0.0,0.0,0.0,16,5.8
135.007,-6.7761,-0.7432,0.0,0.0,0.0,0.0,16,5.8
135.016,-6.7761,-0.7432,0.0,0.0,0.0,0.0,16,5.8
135.016,-6.7761,-0.7432,0.0,0.0,0.0,0.0,16,5.8
135.066,-6.7761,-0.7432,0.0,0.0,0.0,0.0,16,5.8
135.076,-6.7761,-0.7432,0.0,0.0,0.0,0.0,16,5.8
135.076,-6.7761,-0.7432,0.0,0.0,0.0,0.0,16,5.8
135.127,-6.7761,-0.7432,0.0,0.0,0.0,0.0,16,5.8
135.136,-6.7761,-0.7432,0.0,0.0,0.0,0.0,16,5.8
135.136,-6.7761,-0.7432,0.0,0.0,0.0,0.0,16,5.8
135.186,-6.7761,-0.7432,0.0,0.0,0.0,0.0,16,5.8
135.196,-6.7761,-0.7432,0.0,0.0,0.0,0.0,16,5.8
135.196,-6.7761,-0.7432,0.0,0.0,0.0,0.0,16,5.8
135.247,-6.7761,-0.7432,0.0,0.0,0.0,0.0,16,5.8
135.256,-6.7761,-0.7432,0.0,0.0,0.0,0.0,16,5.8
135.257,-6.7761,-0.7432,0.0,0.0,0.0,0.0,16,5.8
135.307,-6.7761,-0.7432,0.0,0.0,0.0,0.0,16,5.8
135.315,-6.7761,-0.7432,0.0,0.0,0.0,0.0,16,5.8
135.316,-6.7761,-0.7432,0.0,0.0,0.0,0.0,16,5.8
135.366,-6.7761,-0.7432,0.0,0.0,0.0,0.0,16,5.8
135.378,-6.7761,-0.7432,0.0,0.0,0.0,0.0,16,5.8
135.378,-6.7761,-0.7432,0.0,0.0,0.0,0.0,16,5.8
135.429,-6.7761,-0.7432,0.0,0.0,0.0,0.0,16,5.8
135.435,-6.7761,-0.7432,0.0,0.0,0.0,0.0,16,5.8
135.435,-6.7761,-0.7432,0.0,0.0,0.0,0.0,16,5.8
135.486,-6.7761,-0.7432,0.0,0.0,0.0,0.0,16,5.8
135.496,-6.7761,-0.7432,0.0,0.0,0.0,0.0,16,5.8
135.496,-6.7761,-0.7432,0.0,0.0,0.0,0.0,16,5.8
135.546,-6.7761,-0.7432,0.0,0.0,0.0,0.0,16,5.8
135.557,-6.7761,-0.7432,0.0,0.0,0.0,0.0,16,5.8
135.557,-6.7761,-0.7432,0.0,0.0,0.0,0.0,16,5.8
135.608,-6.7761,-0.7432,0.0,0.0,0.0,0.0,16,5.8
135.615,-6.7761,-0.7432,0.0,0.0,0.0,0.0,16,5.8
135.616,-6.7761,-0.7432,0.0,0.0,0.0,0.0,16,5.8
135.666,-6.7761,-0.7432,0.0,0.0,0.0,0.0,16,5.8
135.677,-6.7761,-0.7432,0.0,0.0,0.0,0.0,16,5.8
135.677,-6.7761,-0.7432,0.0,0.0,0.0,0.0,16,5.8
135.728,-6.7761,-0.7432,0.0,0.0,0.0,0.0,16,5.8
135.736,-6.7761,-0.7432,0.0,0.0,0.0,0.0,16,5.8
135.736,-6.7761,-0.7432,0.0,0.0,0.0,0.0,16,5.8
135.786,-6.7761,-0.7432,0.0,0.0,0.0,0.0,16,5.8
135.796,-6.7761,-0.7432,0.0,0.0,0.0,0.0,16,5.8
135.796,-6.7761,-0.7432,0.0,0.0,0.0,0.0,16,5.8
135.846,-6.7761,-0.7432,0.0,0.0,0.0,0.0,16,5.8
135.859,-6.7761,-0.7432,0.0,0.0,0.0,0.0,16,5.8
135.859,-6.7761,-0.7432,0.0,0.0,0.0,0.0,16,5.8
135.909,-6.7761,-0.7432,0.0,0.0,0.0,0.0,16,5.8
135.915,-6.7761,-0.7432,0.0,0.0,0.0,0.0,16,5.8
135.915,-6.7761,-0.7432,0.0,0.0,0.0,0.0,16,5.8
135.966,-6.7761,-0.7432,0.0,0.0,0.0,0.0,16,5.8
135.976,-6.7761,-0.7432,0.0,0.0,0.0,0.0,16,5.8
135.976,-6.7761,-0.7432,0.0,0.0,0.0,0.0,16,5.8
136.026,-6.7761,-0.7432,0.0,0.0,0.0,0.0,16,5.8
136.036,-6.7761,-0.7432,0.0,0.0,0.0,0.0,16,5.8
136.036,-6.7761,-0.7432,0.0,0.0,0.0,0.0,16,5.8
136.087,-6.7761,-0.7432,0.0,0.0,0.0,0.0,16,5.8
136.096,-6.7761,-0.7432,0.0,0.0,0.0,0.0,16,5.8
136.096,-6.7761,-0.7432,0.0,0.0,0.0,0.0,16,5.8
136.146,-6.7761,-0.7432,0.0,0.0,0.0,0.0,16,5.8
136.156,-6.7761,-0.7432,0.0,0.0,0.0,0.0,16,5.8
136.157,-6.7761,-0.7432,0.0,0.0,0.0,0.0,16,5.8
136.207,-6.7761,-0.7432,0.0,0.0,0.0,0.0,16,5.8
136.216,-6.7761,-0.7432,0.0,0.0,0.0,0.0,16,5.8
136.216,-6.7761,-0.7432,0.0,0.0,0.0,0.0,16,5.8
136.266,-6.7761,-0.7432,0.0,0.0,0.0,0.0,16,5.8
136.276,-6.7761,-0.7432,0.0,0.0,0.0,0.0,16,5.8
136.276,-6.7761,-0.7432,0.0,0.0,0.0,0.0,16,5.8
136.326,-6.7761,-0.7432,0.0,0.0,0.0,0.0,16,5.8
136.336,-6.7761,-0.7432,0.0,0.0,0.0,0.0,16,5.8
136.336,-6.7761,-0.7432,0.0,0.0,0.0,0.0,16,5.8
136.386,-6.7761,-0.7432,0.0,0.0,0.0,0.0,16,5.8
136.396,-6.7761,-0.7432,0.0,0.0,0.0,0.0,16,5.8
136.396,-6.7761,-0.7432,0.0,0.0,0.0,0.0,16,5.8
136.446,-6.7761,-0.7432,0.0,0.0,0.0,0.0,16,5.8
136.456,-6.7761,-0.7432,0.0,0.0,0.0,0.0,16,5.8
136.456,-6.7761,-0.7432,0.0,0.0,0.0,0.0,16,5.8
136.507,-6.7761,-0.7432,0.0,0.0,0.0,0.0,16,5.8
136.515,-6.7761,-0.7432,0.0,0.0,0.0,0.0,16,5.8
136.516,-6.7761,-0.7432,0.0,0.0,0.0,0.0,16,5.8
136.566,-6.7761,-0.7432,0.0,0.0,0.0,0.0,16,5.8
136.576,-6.7761,-0.7432,0.0,0.0,0.0,0.0,16,5.8
136.576,-6.7761,-0.7432,0.0,0.0,0.0,0.0,16,5.8
136.626,-6.7761,-0.7432,0.0,0.0,0.0,0.0,16,5.8
136.636,-6.7761,-0.7432,0.0,0.0,0.0,0.0,16,5.8
136.636,-6.7761,-0.7432,0.0,0.0,0.0,0.0,16,5.8
136.686,-6.7761,-0.7432,0.0,0.0,0.0,0.0,16,5.8
136.696,-6.7761,-0.7432,0.0,0.0,0.0,0.0,16,5.8
136.696,-6.7761,-0.7432,0.0,0.0,0.0,0.0,16,5.8
136.747,-6.7761,-0.7432,0.0,0.0,0.0,0.0,16,5.8
136.758,-6.7761,-0.7432,0.0,0.0,0.0,0.0,16,5.8
136.758,-6.7761,-0.7432,0.0,0.0,0.0,0.0,16,5.8
136.792,-6.7761,-0.7432,0.0,0.0,0.0,0.0,16,5.8
136.794,-6.7761,-0.7432,0.0,0.0,0.0,0.0,16,5.8
136.816,-6.7761,-0.7432,0.0,0.0,0.0,0.0,16,5.8
136.816,-6.7761,-0.7432,0.0,0.0,0.0,0.0,16,5.8
136.866,-6.7761,-0.7432,0.0,0.0,0.0,0.0,16,5.8
136.876,-6.7761,-0.7432,0.0,0.0,0.0,0.0,16,5.8
136.876,-6.7761,-0.7432,0.0,0.0,0.0,0.0,16,5.8
136.926,-6.7761,-0.7432,0.0,0.0,0.0,0.0,16,5.8
136.936,-6.7761,-0.7432,0.0,0.0,0.0,0.0,16,5.8
136.936,-6.7761,-0.7432,0.0,0.0,0.0,0.0,16,5.8
136.986,-6.7761,-0.7432,0.0,0.0,0.0,0.0,16,5.8
136.996,-6.7761,-0.7432,0.0,0.0,0.0,0.0,16,5.8
136.996,-6.7761,-0.7432,0.0,0.0,0.0,0.0,16,5.8
137.047,-6.7761,-0.7432,0.0,0.0,0.0,0.0,16,5.8
137.056,-6.7761,-0.7432,0.0,0.0,0.0,0.0,16,5.8
137.056,-6.7761,-0.7432,0.0,0.0,0.0,0.0,16,5.8
137.107,-6.7761,-0.7432,0.0,0.0,0.0,0.0,16,5.8
137.116,-6.7761,-0.7432,0.0,0.0,0.0,0.0,16,5.8
137.116,-6.7761,-0.7432,0.0,0.0,0.0,0.0,16,5.8
137.167,-6.7761,-0.7432,0.0,0.0,0.0,0.0,16,5.8
137.176,-6.7761,-0.7432,0.0,0.0,0.0,0.0,16,5.8
137.177,-6.7761,-0.7432,0.0,0.0,0.0,0.0,16,5.8
137.228,-6.7761,-0.7432,0.0,0.0,0.0,0.0,16,5.8
137.236,-6.7761,-0.7432,0.0,0.0,0.0,0.0,16,5.8
137.236,-6.7761,-0.7432,0.0,0.0,0.0,0.0,16,5.8
137.286,-6.7761,-0.7432,0.0,0.0,0.0,0.0,16,5.8
137.296,-6.7761,-0.7432,0.0,0.0,0.0,0.0,16,5.8
137.296,-6.7761,-0.7432,0.0,0.0,0.0,0.0,16,5.8
137.346,-6.7761,-0.7432,0.0,0.0,0.0,0.0,16,5.8
137.357,-6.7761,-0.7432,0.0,0.0,0.0,0.0,16,5.8
137.358,-6.7761,-0.7432,0.0,0.0,0.0,0.0,16,5.8
137.408,-6.7761,-0.7432,0.0,0.0,0.0,0.0,16,5.8
137.416,-6.7761,-0.7432,0.0,0.0,0.0,0.0,16,5.8
137.416,-6.7761,-0.7432,0.0,0.0,0.0,0.0,16,5.8
137.466,-6.7761,-0.7432,0.0,0.0,0.0,0.0,16,5.8
137.476,-6.7761,-0.7432,0.0,0.0,0.0,0.0,16,5.8
137.476,-6.7761,-0.7432,0.0,0.0,0.0,0.0,16,5.8
137.526,-6.7761,-0.7432,0.0,0.0,0.0,0.0,16,5.8
137.538,-6.7761,-0.7432,0.0,0.0,0.0,0.0,16,5.8
137.538,-6.7761,-0.7432,0.0,0.0,0.0,0.0,16,5.8
137.589,-6.7761,-0.7432,0.0,0.0,0.0,0.0,16,5.8
137.596,-6.7761,-0.7432,0.0,0.0,0.0,0.0,16,5.8
137.596,-6.7761,-0.7432,0.0,0.0,0.0,0.0,16,5.8
137.647,-6.7761,-0.7432,0.0,0.0,0.0,0.0,16,5.8
137.656,-6.7761,-0.7432,0.0,0.0,0.0,0.0,16,5.8
137.657,-6.7761,-0.7432,0.0,0.0,0.0,0.0,16,5.8
137.707,-6.7761,-0.7432,0.0,0.0,0.0,0.0,16,5.8
137.716,-6.7761,-0.7432,0.0,0.0,0.0,0.0,16,5.8
137.716,-6.7761,-0.7432,0.0,0.0,0.0,0.0,16,5.8
137.766,-6.7761,-0.7432,0.0,0.0,0.0,0.0,16,5.8
137.778,-6.7761,-0.7432,0.0,0.0,0.0,0.0,16,5.8
137.778,-6.7761,-0.7432,0.0,0.0,0.0,0.0,16,5.8
137.828,-6.7761,-0.7432,0.0,0.0,0.0,0.0,16,5.8
137.836,-6.7761,-0.7432,0.0,0.0,0.0,0.0,16,5.8
137.836,-6.7761,-0.7432,0.0,0.0,0.0,0.0,16,5.8
137.886,-6.7761,-0.7432,0.0,0.0,0.0,0.0,16,5.8
137.896,-6.7761,-0.7432,0.0,0.0,0.0,0.0,16,5.8
137.896,-6.7761,-0.7432,0.0,0.0,0.0,0.0,16,5.8
137.947,-6.7761,-0.7432,0.0,0.0,0.0,0.0,16,5.8
137.957,-6.7761,-0.7432,0.0,0.0,0.0,0.0,16,5.8
137.957,-6.7761,-0.7432,0.0,0.0,0.0,0.0,16,5.9
138.008,-6.7761,-0.7432,0.0,0.0,0.0,0.0,16,5.9
138.015,-6.7761,-0.7432,0.0,0.0,0.0,0.0,16,5.9
138.016,-6.7761,-0.7432,0.0,0.0,0.0,0.0,16,5.8
138.066,-6.7761,-0.7432,0.0,0.0,0.0,0.0,16,5.8
138.076,-6.7761,-0.7432,0.0,0.0,0.0,0.0,16,5.8
138.076,-6.7761,-0.7432,0.0,0.0,0.0,0.0,16,5.8
138.126,-6.7761,-0.7432,0.0,0.0,0.0,0.0,16,5.8
138.136,-6.7761,-0.7432,0.0,0.0,0.0,0.0,16,5.8
138.136,-6.7761,-0.7432,0.0,0.0,0.0,0.0,16,5.8
138.186,-6.7761,-0.7432,0.0,0.0,0.0,0.0,16,5.8
138.196,-6.7761,-0.7432,0.0,0.0,0.0,0.0,16,5.8
138.196,-6.7761,-0.7432,0.0,0.0,0.0,0.0,16,5.9
138.246,-6.7761,-0.7432,0.0,0.0,0.0,0.0,16,5.9
138.257,-6.7761,-0.7432,0.0,0.0,0.0,0.0,16,5.9
138.257,-6.7761,-0.7432,0.0,0.0,0.0,0.0,16,5.8
138.308,-6.7761,-0.7432,0.0,0.0,0.0,0.0,16,5.8
138.315,-6.7761,-0.7432,0.0,0.0,0.0,0.0,16,5.8
138.315,-6.7761,-0.7432,0.0,0.0,0.0,0.0,16,5.8
138.366,-6.7761,-0.7432,0.0,0.0,0.0,0.0,16,5.8
138.376,-6.7761,-0.7432,0.0,0.0,0.0,0.0,16,5.8
138.376,-6.7761,-0.7432,0.0,0.0,0.0,0.0,16,5.8
138.426,-6.7761,-0.7432,0.0,0.0,0.0,0.0,16,5.8
138.436,-6.7761,-0.7432,0.0,0.0,0.0,0.0,16,5.8
138.436,-6.7761,-0.7432,0.0,0.0,0.0,0.0,16,5.8
138.486,-6.7761,-0.7432,0.0,0.0,0.0,0.0,16,5.8
138.496,-6.7761,-0.7432,0.0,0.0,0.0,0.0,16,5.8
138.496,-6.7761,-0.7432,0.0,0.0,0.0,0.0,16,5.8
138.546,-6.7761,-0.7432,0.0,0.0,0.0,0.0,16,5.8
138.556,-6.7761,-0.7432,0.0,0.0,0.0,0.0,16,5.8
138.556,-6.7761,-0.7432,0.0,0.0,0.0,0.0,16,5.8
138.606,-6.7761,-0.7432,0.0,0.0,0.0,0.0,16,5.8
138.616,-6.7761,-0.7432,0.0,0.0,0.0,0.0,16,5.8
138.616,-6.7761,-0.7432,0.0,0.0,0.0,0.0,16,5.9
138.666,-6.7761,-0.7432,0.0,0.0,0.0,0.0,16,5.9
138.677,-6.7761,-0.7432,0.0,0.0,0.0,0.0,16,5.9
138.677,-6.7761,-0.7432,0.0,0.0,0.0,0.0,16,5.8
138.727,-6.7761,-0.7432,0.0,0.0,0.0,0.0,16,5.8
138.735,-6.7761,-0.7432,0.0,0.0,0.0,0.0,16,5.8
138.735,-6.7761,-0.7432,0.0,0.0,0.0,0.0,16,5.8
138.786,-6.7761,-0.7432,0.0,0.0,0.0,0.0,16,5.8
138.796,-6.7761,-0.7432,0.0,0.0,0.0,0.0,16,5.8
138.796,-6.7761,-0.7432,0.0,0.0,0.0,0.0,16,5.8
138.846,-6.7761,-0.7432,0.0,0.0,0.0,0.0,16,5.8
138.856,-6.7761,-0.7432,0.0,0.0,0.0,0.0,16,5.8
138.856,-6.7761,-0.7432,0.0,0.0,0.0,0.0,16,5.8
138.906,-6.7761,-0.7432,0.0,0.0,0.0,0.0,16,5.8
138.916,-6.7761,-0.7432,0.0,0.0,0.0,0.0,16,5.8
138.916,-6.7761,-0.7432,0.0,0.0,0.0,0.0,16,5.8
138.966,-6.7761,-0.7432,0.0,0.0,0.0,0.0,16,5.8
138.976,-6.7761,-0.7432,0.0,0.0,0.0,0.0,16,5.8
138.976,-6.7761,-0.7432,0.0,0.0,0.0,0.0,16,5.9
139.026,-6.7761,-0.7432,0.0,0.0,0.0,0.0,16,5.9
139.036,-6.7761,-0.7432,0.0,0.0,0.0,0.0,16,5.9
139.036,-6.7761,-0.7432,0.0,0.0,0.0,0.0,16,5.8
139.086,-6.7761,-0.7432,0.0,0.0,0.0,0.0,16,5.8
139.096,-6.7761,-0.7432,0.0,0.0,0.0,0.0,16,5.8
139.096,-6.7761,-0.7432,0.0,0.0,0.0,0.0,16,5.8
139.146,-6.7761,-0.7432,0.0,0.0,0.0,0.0,16,5.8
139.156,-6.7761,-0.7432,0.0,0.0,0.0,0.0,16,5.8
139.156,-6.7761,-0.7432,0.0,0.0,0.0,0.0,16,5.8
139.207,-6.7761,-0.7432,0.0,0.0,0.0,0.0,16,5.8
139.216,-6.7761,-0.7432,0.0,0.0,0.0,0.0,16,5.8
139.216,-6.7761,-0.7432,0.0,0.0,0.0,0.0,16,5.9
139.266,-6.7761,-0.7432,0.0,0.0,0.0,0.0,16,5.9
139.276,-6.7761,-0.7432,0.0,0.0,0.0,0.0,16,5.9
139.276,-6.7761,-0.7432,0.0,0.0,0.0,0.0,16,5.8
139.326,-6.7761,-0.7432,0.0,0.0,0.0,0.0,16,5.8
139.336,-6.7761,-0.7432,0.0,0.0,0.0,0.0,16,5.8
139.336,-6.7761,-0.7432,0.0,0.0,0.0,0.0,16,5.9
139.386,-6.7761,-0.7432,0.0,0.0,0.0,0.0,16,5.9
139.396,-6.7761,-0.7432,0.0,0.0,0.0,0.0,16,5.9
139.396,-6.7761,-0.7432,0.0,0.0,0.0,0.0,16,5.8
139.446,-6.7761,-0.7432,0.0,0.0,0.0,0.0,16,5.8
139.457,-6.7761,-0.7432,0.0,0.0,0.0,0.0,16,5.8
139.457,-6.7761,-0.7432,0.0,0.0,0.0,0.0,16,5.8
139.507,-6.7761,-0.7432,0.0,0.0,0.0,0.0,16,5.8
139.516,-6.7761,-0.7432,0.0,0.0,0.0,0.0,16,5.8
139.516,-6.7761,-0.7432,0.0,0.0,0.0,0.0,16,5.8
139.566,-6.7761,-0.7432,0.0,0.0,0.0,0.0,16,5.8
139.576,-6.7761,-0.7432,0.0,0.0,0.0,0.0,16,5.8
139.576,-6.7761,-0.7432,0.0,0.0,0.0,0.0,16,5.9
139.627,-6.7761,-0.7432,0.0,0.0,0.0,0.0,16,5.9
139.639,-6.7761,-0.7432,0.0,0.0,0.0,0.0,16,5.9
139.639,-6.7761,-0.7432,0.0,0.0,0.0,0.0,16,5.8
139.69,-6.7761,-0.7432,0.0,0.0,0.0,0.0,16,5.8
139.696,-6.7761,-0.7432,0.0,0.0,0.0,0.0,16,5.8
139.696,-6.7761,-0.7432,0.0,0.0,0.0,0.0,16,5.8
139.746,-6.7761,-0.7432,0.0,0.0,0.0,0.0,16,5.8
139.757,-6.7761,-0.7432,0.0,0.0,0.0,0.0,16,5.8
139.757,-6.7761,-0.7432,0.0,0.0,0.0,0.0,16,5.8
139.808,-6.7761,-0.7432,0.0,0.0,0.0,0.0,16,5.8
139.816,-6.7761,-0.7432,0.0,0.0,0.0,0.0,16,5.8
139.816,-6.7761,-0.7432,0.0,0.0,0.0,0.0,16,5.9
139.866,-6.7761,-0.7432,0.0,0.0,0.0,0.0,16,5.9
139.876,-6.7761,-0.7432,0.0,0.0,0.0,0.0,16,5.9
139.877,-6.7761,-0.7432,0.0,0.0,0.0,0.0,16,5.8
139.927,-6.7761,-0.7432,0.0,0.0,0.0,0.0,16,5.8
139.936,-6.7761,-0.7432,0.0,0.0,0.0,0.0,16,5.8
139.936,-6.7761,-0.7432,0.0,0.0,0.0,0.0,16,5.8
139.986,-6.7761,-0.7432,0.0,0.0,0.0,0.0,16,5.8
139.996,-6.7761,-0.7432,0.0,0.0,0.0,0.0,16,5.8
139.996,-6.7761,-0.7432,0.0,0.0,0.0,0.0,16,5.8
140.046,-6.7761,-0.7432,0.0,0.0,0.0,0.0,16,5.8
140.056,-6.7761,-0.7432,0.0,0.0,0.0,0.0,16,5.8
140.056,-6.7761,-0.7432,0.0,0.0,0.0,0.0,16,5.8
140.107,-6.7761,-0.7432,0.0,0.0,0.0,0.0,16,5.8
140.116,-6.7761,-0.7432,0.0,0.0,0.0,0.0,16,5.8
140.116,-6.7761,-0.7432,0.0,0.0,0.0,0.0,16,5.8
140.166,-6.7761,-0.7432,0.0,0.0,0.0,0.0,16,5.8
140.176,-6.7761,-0.7432,0.0,0.0,0.0,0.0,16,5.8
140.177,-6.7761,-0.7432,0.0,0.0,0.0,0.0,16,5.8
140.227,-6.7761,-0.7432,0.0,0.0,0.0,0.0,16,5.8
140.236,-6.7761,-0.7432,0.0,0.0,0.0,0.0,16,5.8
140.236,-6.7761,-0.7432,0.0,0.0,0.0,0.0,16,5.8
140.286,-6.7761,-0.7432,0.0,0.0,0.0,0.0,16,5.8
140.296,-6.7761,-0.7432,0.0,0.0,0.0,0.0,16,5.8
140.296,-6.7761,-0.7432,0.0,0.0,0.0,0.0,16,5.8
140.346,-6.7761,-0.7432,0.0,0.0,0.0,0.0,16,5.8
140.356,-6.7761,-0.7432,0.0,0.0,0.0,0.0,16,5.8
140.356,-6.7761,-0.7432,0.0,0.0,0.0,0.0,16,5.8
140.406,-6.7761,-0.7432,0.0,0.0,0.0,0.0,16,5.8
140.406,-6.7761,-0.7432,0.0,0.0,0.0,0.0,16,5.8
140.456,-6.7761,-0.7432,0.0,0.0,0.0,0.0,16,5.8
140.466,-6.7761,-0.7432,0.0,0.0,0.0,0.0,16,5.8
140.466,-6.7761,-0.7432,0.0,0.0,0.0,0.0,16,5.8
140.516,-6.7761,-0.7432,0.0,0.0,0.0,0.0,16,5.8
140.516,-6.7761,-0.7432,0.0,0.0,0.0,0.0,16,5.8
140.566,-6.7761,-0.7432,0.0,0.0,0.0,0.0,16,5.8
140.576,-6.7761,-0.7432,0.0,0.0,0.0,0.0,16,5.8
140.576,-6.7761,-0.7432,0.0,0.0,0.0,0.0,16,5.8
140.626,-6.7761,-0.7432,0.0,0.0,0.0,0.0,16,5.8
140.636,-6.7761,-0.7432,0.0,0.0,0.0,0.0,16,5.8
140.636,-6.7761,-0.7432,0.0,0.0,0.0,0.0,16,5.8
140.686,-6.7761,-0.7432,0.0,0.0,0.0,0.0,16,5.8
140.696,-6.7761,-0.7432,0.0,0.0,0.0,0.0,16,5.8
140.696,-6.7761,-0.7432,0.0,0.0,0.0,0.0,16,5.9
140.746,-6.7761,-0.7432,0.0,0.0,0.0,0.0,16,5.9
140.757,-6.7761,-0.7432,0.0,0.0,0.0,0.0,16,5.9
140.757,-6.7761,-0.7432,0.0,0.0,0.0,0.0,16,5.9
140.808,-6.7761,-0.7432,0.0,0.0,0.0,0.0,16,5.9
140.816,-6.7761,-0.7432,0.0,0.0,0.0,0.0,16,5.9
140.816,-6.7761,-0.7432,0.0,0.0,0.0,0.0,16,5.8
140.866,-6.7761,-0.7432,0.0,0.0,0.0,0.0,16,5.8
140.876,-6.7761,-0.7432,0.0,0.0,0.0,0.0,16,5.8
140.876,-6.7761,-0.7432,0.0,0.0,0.0,0.0,16,5.8
140.927,-6.7761,-0.7432,0.0,0.0,0.0,0.0,16,5.8
140.936,-6.7761,-0.7432,0.0,0.0,0.0,0.0,16,5.8
140.936,-6.7761,-0.7432,0.0,0.0,0.0,0.0,16,5.8
140.986,-6.7761,-0.7432,0.0,0.0,0.0,0.0,16,5.8
140.996,-6.7761,-0.7432,0.0,0.0,0.0,0.0,16,5.8
140.996,-6.7761,-0.7432,0.0,0.0,0.0,0.0,16,5.8
141.046,-6.7761,-0.7432,0.0,0.0,0.0,0.0,16,5.8
141.056,-6.7761,-0.7432,0.0,0.0,0.0,0.0,16,5.8
141.057,-6.7761,-0.7432,0.0,0.0,0.0,0.0,16,5.8
141.108,-6.7761,-0.7432,0.0,0.0,0.0,0.0,16,5.8
141.116,-6.7761,-0.7432,0.0,0.0,0.0,0.0,16,5.8
141.116,-6.7761,-0.7432,0.0,0.0,0.0,0.0,16,5.8
141.166,-6.7761,-0.7432,0.0,0.0,0.0,0.0,16,5.8
141.176,-6.7761,-0.7432,0.0,0.0,0.0,0.0,16,5.8
141.177,-6.7761,-0.7432,0.0,0.0,0.0,0.0,16,5.8
141.227,-6.7761,-0.7432,0.0,0.0,0.0,0.0,16,5.8
141.235,-6.7761,-0.7432,0.0,0.0,0.0,0.0,16,5.8
141.236,-6.7761,-0.7432,0.0,0.0,0.0,0.0,16,5.8
141.286,-6.7761,-0.7432,0.0,0.0,0.0,0.0,16,5.8
141.295,-6.7761,-0.7432,0.0,0.0,0.0,0.0,16,5.8
141.296,-6.7761,-0.7432,0.0,0.0,0.0,0.0,16,5.8
141.346,-6.7761,-0.7432,0.0,0.0,0.0,0.0,16,5.8
141.356,-6.7761,-0.7432,0.0,0.0,0.0,0.0,16,5.8
141.357,-6.7761,-0.7432,0.0,0.0,0.0,0.0,16,5.8
141.407,-6.7761,-0.7432,0.0,0.0,0.0,0.0,16,5.8
141.416,-6.7761,-0.7432,0.0,0.0,0.0,0.0,16,5.8
141.416,-6.7761,-0.7432,0.0,0.0,0.0,0.0,16,5.9
141.466,-6.7761,-0.7432,0.0,0.0,0.0,0.0,16,5.9
141.476,-6.7761,-0.7432,0.0,0.0,0.0,0.0,16,5.9
141.476,-6.7761,-0.7432,0.0,0.0,0.0,0.0,16,5.8
141.526,-6.7761,-0.7432,0.0,0.0,0.0,0.0,16,5.8
141.536,-6.7761,-0.7432,0.0,0.0,0.0,0.0,16,5.8
141.536,-6.7761,-0.7432,0.0,0.0,0.0,0.0,16,5.8
141.586,-6.7761,-0.7432,0.0,0.0,0.0,0.0,16,5.8
141.596,-6.7761,-0.7432,0.0,0.0,0.0,0.0,16,5.8
141.596,-6.7761,-0.7432,0.0,0.0,0.0,0.0,16,5.8
141.647,-6.7761,-0.7432,0.0,0.0,0.0,0.0,16,5.8
141.656,-6.7761,-0.7432,0.0,0.0,0.0,0.0,16,5.8
141.656,-6.7761,-0.7432,0.0,0.0,0.0,0.0,16,5.8
141.706,-6.7761,-0.7432,0.0,0.0,0.0,0.0,16,5.8
141.716,-6.7761,-0.7432,0.0,0.0,0.0,0.0,16,5.8
141.716,-6.7761,-0.7432,0.0,0.0,0.0,0.0,16,5.8
141.766,-6.7761,-0.7432,0.0,0.0,0.0,0.0,16,5.8
141.776,-6.7761,-0.7432,0.0,0.0,0.0,0.0,16,5.8
141.776,-6.7761,-0.7432,0.0,0.0,0.0,0.0,16,5.8
141.827,-6.7761,-0.7432,0.0,0.0,0.0,0.0,16,5.8
141.836,-6.7761,-0.7432,0.0,0.0,0.0,0.0,16,5.8
141.836,-6.7761,-0.7432,0.0,0.0,0.0,0.0,16,5.8
141.886,-6.7761,-0.7432,0.0,0.0,0.0,0.0,16,5.8
141.896,-6.7761,-0.7432,0.0,0.0,0.0,0.0,16,5.8
141.896,-6.7761,-0.7432,0.0,0.0,0.0,0.0,16,5.8
141.947,-6.7761,-0.7432,0.0,0.0,0.0,0.0,16,5.8
141.956,-6.7761,-0.7432,0.0,0.0,0.0,0.0,16,5.8
141.957,-6.7761,-0.7432,0.0,0.0,0.0,0.0,16,5.8
142.007,-6.7761,-0.7432,0.0,0.0,0.0,0.0,16,5.8
142.016,-6.7761,-0.7432,0.0,0.0,0.0,0.0,16,5.8
142.016,-6.7761,-0.7432,0.0,0.0,0.0,0.0,16,5.8
142.066,-6.7761,-0.7432,0.0,0.0,0.0,0.0,16,5.8
142.076,-6.7761,-0.7432,0.0,0.0,0.0,0.0,16,5.8
142.076,-6.7761,-0.7432,0.0,0.0,0.0,0.0,16,5.8
142.126,-6.7761,-0.7432,0.0,0.0,0.0,0.0,16,5.8
142.136,-6.7761,-0.7432,0.0,0.0,0.0,0.0,16,5.8
142.136,-6.7761,-0.7432,0.0,0.0,0.0,0.0,16,5.8
142.186,-6.7761,-0.7432,0.0,0.0,0.0,0.0,16,5.8
142.196,-6.7761,-0.7432,0.0,0.0,0.0,0.0,16,5.8
142.196,-6.7761,-0.7432,0.0,0.0,0.0,0.0,16,5.8
142.246,-6.7761,-0.7432,0.0,0.0,0.0,0.0,16,5.8
142.256,-6.7761,-0.7432,0.0,0.0,0.0,0.0,16,5.8
142.256,-6.7761,-0.7432,0.0,0.0,0.0,0.0,16,5.8
142.307,-6.7761,-0.7432,0.0,0.0,0.0,0.0,16,5.8
142.316,-6.7761,-0.7432,0.0,0.0,0.0,0.0,16,5.8
142.316,-6.7761,-0.7432,0.0,0.0,0.0,0.0,16,5.8
142.366,-6.7761,-0.7432,0.0,0.0,0.0,0.0,16,5.8
142.376,-6.7761,-0.7432,0.0,0.0,0.0,0.0,16,5.8
142.376,-6.7761,-0.7432,0.0,0.0,0.0,0.0,16,5.8
142.427,-6.7761,-0.7432,0.0,0.0,0.0,0.0,16,5.8
142.436,-6.7761,-0.7432,0.0,0.0,0.0,0.0,16,5.8
142.436,-6.7761,-0.7432,0.0,0.0,0.0,0.0,16,5.8
142.486,-6.7761,-0.7432,0.0,0.0,0.0,0.0,16,5.8
142.496,-6.7761,-0.7432,0.0,0.0,0.0,0.0,16,5.8
142.496,-6.7761,-0.7432,0.0,0.0,0.0,0.0,16,5.8
142.546,-6.7761,-0.7432,0.0,0.0,0.0,0.0,16,5.8
142.556,-6.7761,-0.7432,0.0,0.0,0.0,0.0,16,5.8
142.557,-6.7761,-0.7432,0.0,0.0,0.0,0.0,16,5.8
142.607,-6.7761,-0.7432,0.0,0.0,0.0,0.0,16,5.8
142.616,-6.7761,-0.7432,0.0,0.0,0.0,0.0,16,5.8
142.616,-6.7761,-0.7432,0.0,0.0,0.0,0.0,16,5.9
142.666,-6.7761,-0.7432,0.0,0.0,0.0,0.0,16,5.9
142.676,-6.7761,-0.7432,0.0,0.0,0.0,0.0,16,5.9
142.676,-6.7761,-0.7432,0.0,0.0,0.0,0.0,16,5.8
142.726,-6.7761,-0.7432,0.0,0.0,0.0,0.0,16,5.8
142.736,-6.7761,-0.7432,0.0,0.0,0.0,0.0,16,5.8
142.736,-6.7761,-0.7432,0.0,0.0,0.0,0.0,16,5.8
142.786,-6.7761,-0.7432,0.0,0.0,0.0,0.0,16,5.8
142.796,-6.7761,-0.7432,0.0,0.0,0.0,0.0,16,5.8
142.796,-6.7761,-0.7432,0.0,0.0,0.0,0.0,16,5.8
142.846,-6.7761,-0.7432,0.0,0.0,0.0,0.0,16,5.8
142.857,-6.7761,-0.7432,0.0,0.0,0.0,0.0,16,5.8
142.857,-6.7761,-0.7432,0.0,0.0,0.0,0.0,16,5.8
142.907,-6.7761,-0.7432,0.0,0.0,0.0,0.0,16,5.8
142.915,-6.7761,-0.7432,0.0,0.0,0.0,0.0,16,5.8
142.916,-6.7761,-0.7432,0.0,0.0,0.0,0.0,16,5.8
142.966,-6.7761,-0.7432,0.0,0.0,0.0,0.0,16,5.8
142.976,-6.7761,-0.7432,0.0,0.0,0.0,0.0,16,5.8
142.976,-6.7761,-0.7432,0.0,0.0,0.0,0.0,16,5.9
143.026,-6.7761,-0.7432,0.0,0.0,0.0,0.0,16,5.9
143.035,-6.7761,-0.7432,0.0,0.0,0.0,0.0,16,5.9
143.035,-6.7761,-0.7432,0.0,0.0,0.0,0.0,16,5.9
143.086,-6.7761,-0.7432,0.0,0.0,0.0,0.0,16,5.9
143.095,-6.7761,-0.7432,0.0,0.0,0.0,0.0,16,5.9
143.096,-6.7761,-0.7432,0.0,0.0,0.0,0.0,16,5.8
143.146,-6.7761,-0.7432,0.0,0.0,0.0,0.0,16,5.8
143.157,-6.7761,-0.7432,0.0,0.0,0.0,0.0,16,5.8
143.157,-6.7761,-0.7432,0.0,0.0,0.0,0.0,16,5.8
143.208,-6.7761,-0.7432,0.0,0.0,0.0,0.0,16,5.8
143.216,-6.7761,-0.7432,0.0,0.0,0.0,0.0,16,5.8
143.216,-6.7761,-0.7432,0.0,0.0,0.0,0.0,16,5.8
143.266,-6.7761,-0.7432,0.0,0.0,0.0,0.0,16,5.8
143.276,-6.7761,-0.7432,0.0,0.0,0.0,0.0,16,5.8
143.276,-6.7761,-0.7432,0.0,0.0,0.0,0.0,16,5.8
143.327,-6.7761,-0.7432,0.0,0.0,0.0,0.0,16,5.8
143.336,-6.7761,-0.7432,0.0,0.0,0.0,0.0,16,5.8
143.336,-6.7761,-0.7432,0.0,0.0,0.0,0.0,16,5.8
143.386,-6.7761,-0.7432,0.0,0.0,0.0,0.0,16,5.8
143.396,-6.7761,-0.7432,0.0,0.0,0.0,0.0,16,5.8
143.396,-6.7761,-0.7432,0.0,0.0,0.0,0.0,16,5.8
143.446,-6.7761,-0.7432,0.0,0.0,0.0,0.0,16,5.8
143.457,-6.7761,-0.7432,0.0,0.0,0.0,0.0,16,5.8
143.457,-6.7761,-0.7432,0.0,0.0,0.0,0.0,16,5.8
143.508,-6.7761,-0.7432,0.0,0.0,0.0,0.0,16,5.8
143.516,-6.7761,-0.7432,0.0,0.0,0.0,0.0,16,5.8
143.516,-6.7761,-0.7432,0.0,0.0,0.0,0.0,16,5.9
143.566,-6.7761,-0.7432,0.0,0.0,0.0,0.0,16,5.9
143.576,-6.7761,-0.7432,0.0,0.0,0.0,0.0,16,5.9
143.576,-6.7761,-0.7432,0.0,0.0,0.0,0.0,16,5.8
143.627,-6.7761,-0.7432,0.0,0.0,0.0,0.0,16,5.8
143.635,-6.7761,-0.7432,0.0,0.0,0.0,0.0,16,5.8
143.636,-6.7761,-0.7432,0.0,0.0,0.0,0.0,16,5.8
143.686,-6.7761,-0.7432,0.0,0.0,0.0,0.0,16,5.8
143.696,-6.7761,-0.7432,0.0,0.0,0.0,0.0,16,5.8
143.696,-6.7761,-0.7432,0.0,0.0,0.0,0.0,16,5.8
143.746,-6.7761,-0.7432,0.0,0.0,0.0,0.0,16,5.8
143.756,-6.7761,-0.7432,0.0,0.0,0.0,0.0,16,5.8
143.756,-6.7761,-0.7432,0.0,0.0,0.0,0.0,16,5.8
143.807,-6.7761,-0.7432,0.0,0.0,0.0,0.0,16,5.8
143.816,-6.7761,-0.7432,0.0,0.0,0.0,0.0,16,5.8
143.816,-6.7761,-0.7432,0.0,0.0,0.0,0.0,16,5.8
143.866,-6.7761,-0.7432,0.0,0.0,0.0,0.0,16,5.8
143.876,-6.7761,-0.7432,0.0,0.0,0.0,0.0,16,5.8
143.876,-6.7761,-0.7432,0.0,0.0,0.0,0.0,16,5.8
143.927,-6.7761,-0.7432,0.0,0.0,0.0,0.0,16,5.8
143.936,-6.7761,-0.7432,0.0,0.0,0.0,0.0,16,5.8
143.936,-6.7761,-0.7432,0.0,0.0,0.0,0.0,16,5.9
143.986,-6.7761,-0.7432,0.0,0.0,0.0,0.0,16,5.9
143.986,-6.7761,-0.7432,0.0,0.0,0.0,0.0,16,5.8
144.037,-6.7761,-0.7432,0.0,0.0,0.0,0.0,16,5.8
144.045,-6.7761,-0.7432,0.0,0.0,0.0,0.0,16,5.8
144.045,-6.7761,-0.7432,0.0,0.0,0.0,0.0,16,5.8
144.095,-6.7761,-0.7432,0.0,0.0,0.0,0.0,16,5.8
144.096,-6.7761,-0.7432,0.0,0.0,0.0,0.0,16,5.8
144.146,-6.7761,-0.7432,0.0,0.0,0.0,0.0,16,5.8
144.156,-6.7761,-0.7432,0.0,0.0,0.0,0.0,16,5.8
144.156,-6.7761,-0.7432,0.0,0.0,0.0,0.0,16,5.8
144.207,-6.7761,-0.7432,0.0,0.0,0.0,0.0,16,5.8
144.216,-6.7761,-0.7432,0.0,0.0,0.0,0.0,16,5.8
144.216,-6.7761,-0.7432,0.0,0.0,0.0,0.0,16,5.8
144.266,-6.7761,-0.7432,0.0,0.0,0.0,0.0,16,5.8
144.276,-6.7761,-0.7432,0.0,0.0,0.0,0.0,16,5.8
144.276,-6.7761,-0.7432,0.0,0.0,0.0,0.0,16,5.8
144.326,-6.7761,-0.7432,0.0,0.0,0.0,0.0,16,5.8
144.336,-6.7761,-0.7432,0.0,0.0,0.0,0.0,16,5.8
144.336,-6.7761,-0.7432,0.0,0.0,0.0,0.0,16,5.8
144.386,-6.7761,-0.7432,0.0,0.0,0.0,0.0,16,5.8
144.396,-6.7761,-0.7432,0.0,0.0,0.0,0.0,16,5.8
144.396,-6.7761,-0.7432,0.0,0.0,0.0,0.0,16,5.8
144.446,-6.7761,-0.7432,0.0,0.0,0.0,0.0,16,5.8
144.457,-6.7761,-0.7432,0.0,0.0,0.0,0.0,16,5.8
144.457,-6.7761,-0.7432,0.0,0.0,0.0,0.0,16,5.8
144.508,-6.7761,-0.7432,0.0,0.0,0.0,0.0,16,5.8
144.515,-6.7761,-0.7432,0.0,0.0,0.0,0.0,16,5.8
144.516,-6.7761,-0.7432,0.0,0.0,0.0,0.0,16,5.8
144.566,-6.7761,-0.7432,0.0,0.0,0.0,0.0,16,5.8
144.576,-6.7761,-0.7432,0.0,0.0,0.0,0.0,16,5.8
144.576,-6.7761,-0.7432,0.0,0.0,0.0,0.0,16,5.8
144.626,-6.7761,-0.7432,0.0,0.0,0.0,0.0,16,5.8
144.636,-6.7761,-0.7432,0.0,0.0,0.0,0.0,16,5.8
144.636,-6.7761,-0.7432,0.0,0.0,0.0,0.0,16,5.8
144.686,-6.7761,-0.7432,0.0,0.0,0.0,0.0,16,5.8
144.696,-6.7761,-0.7432,0.0,0.0,0.0,0.0,16,5.8
144.696,-6.7761,-0.7432,0.0,0.0,0.0,0.0,16,5.8
144.747,-6.7761,-0.7432,0.0,0.0,0.0,0.0,16,5.8
144.756,-6.7761,-0.7432,0.0,0.0,0.0,0.0,16,5.8
144.756,-6.7761,-0.7432,0.0,0.0,0.0,0.0,16,5.8
144.807,-6.7761,-0.7432,0.0,0.0,0.0,0.0,16,5.8
144.816,-6.7761,-0.7432,0.0,0.0,0.0,0.0,16,5.8
144.816,-6.7761,-0.7432,0.0,0.0,0.0,0.0,16,5.8
144.866,-6.7761,-0.7432,0.0,0.0,0.0,0.0,16,5.8
144.876,-6.7761,-0.7432,0.0,0.0,0.0,0.0,16,5.8
144.876,-6.7761,-0.7432,0.0,0.0,0.0,0.0,16,5.8
144.926,-6.7761,-0.7432,0.0,0.0,0.0,0.0,16,5.8
144.936,-6.7761,-0.7432,0.0,0.0,0.0,0.0,16,5.8
144.936,-6.7761,-0.7432,0.0,0.0,0.0,0.0,16,5.8
144.986,-6.7761,-0.7432,0.0,0.0,0.0,0.0,16,5.8
144.986,-6.7761,-0.7432,0.0,0.0,0.0,0.0,16,5.8
145.036,-6.7761,-0.7432,0.0,0.0,0.0,0.0,16,5.8
145.045,-6.7761,-0.7432,0.0,0.0,0.0,0.0,16,5.8
145.045,-6.7761,-0.7432,0.0,0.0,0.0,0.0,16,5.8
145.096,-6.7761,-0.7432,0.0,0.0,0.0,0.0,16,5.8
145.096,-6.7761,-0.7432,0.0,0.0,0.0,0.0,16,5.8
145.096,-6.7761,-0.7432,0.0,0.0,0.0,0.0,16,5.8
145.147,-6.7761,-0.7432,0.0,0.0,0.0,0.0,16,5.8
145.156,-6.7761,-0.7432,0.0,0.0,0.0,0.0,16,5.8
145.156,-6.7761,-0.7432,0.0,0.0,0.0,0.0,16,5.8
145.206,-6.7761,-0.7432,0.0,0.0,0.0,0.0,16,5.8
145.215,-6.7761,-0.7432,0.0,0.0,0.0,0.0,16,5.8
145.216,-6.7761,-0.7432,0.0,0.0,0.0,0.0,16,5.8
145.266,-6.7761,-0.7432,0.0,0.0,0.0,0.0,16,5.8
145.276,-6.7761,-0.7432,0.0,0.0,0.0,0.0,16,5.8
145.276,-6.7761,-0.7432,0.0,0.0,0.0,0.0,16,5.8
145.326,-6.7761,-0.7432,0.0,0.0,0.0,0.0,16,5.8
145.336,-6.7761,-0.7432,0.0,0.0,0.0,0.0,16,5.8
145.336,-6.7761,-0.7432,0.0,0.0,0.0,0.0,16,5.8
145.386,-6.7761,-0.7432,0.0,0.0,0.0,0.0,16,5.8
145.396,-6.7761,-0.7432,0.0,0.0,0.0,0.0,16,5.8
145.396,-6.7761,-0.7432,0.0,0.0,0.0,0.0,16,5.8
145.446,-6.7761,-0.7432,0.0,0.0,0.0,0.0,16,5.8
145.456,-6.7761,-0.7432,0.0,0.0,0.0,0.0,16,5.8
145.456,-6.7761,-0.7432,0.0,0.0,0.0,0.0,16,5.8
145.507,-6.7761,-0.7432,0.0,0.0,0.0,0.0,16,5.8
145.516,-6.7761,-0.7432,0.0,0.0,0.0,0.0,16,5.8
145.516,-6.7761,-0.7432,0.0,0.0,0.0,0.0,16,5.8
145.566,-6.7761,-0.7432,0.0,0.0,0.0,0.0,16,5.8
145.576,-6.7761,-0.7432,0.0,0.0,0.0,0.0,16,5.8
145.576,-6.7761,-0.7432,0.0,0.0,0.0,0.0,16,5.9
145.626,-6.7761,-0.7432,0.0,0.0,0.0,0.0,16,5.9
145.636,-6.7761,-0.7432,0.0,0.0,0.0,0.0,16,5.9
145.636,-6.7761,-0.7432,0.0,0.0,0.0,0.0,16,5.8
145.686,-6.7761,-0.7432,0.0,0.0,0.0,0.0,16,5.8
145.696,-6.7761,-0.7432,0.0,0.0,0.0,0.0,16,5.8
145.696,-6.7761,-0.7432,0.0,0.0,0.0,0.0,16,5.8
145.746,-6.7761,-0.7432,0.0,0.0,0.0,0.0,16,5.8
145.756,-6.7761,-0.7432,0.0,0.0,0.0,0.0,16,5.8
145.756,-6.7761,-0.7432,0.0,0.0,0.0,0.0,16,5.9
145.807,-6.7761,-0.7432,0.0,0.0,0.0,0.0,16,5.9
145.816,-6.7761,-0.7432,0.0,0.0,0.0,0.0,16,5.9
145.816,-6.7761,-0.7432,0.0,0.0,0.0,0.0,16,5.8
145.867,-6.7761,-0.7432,0.0,0.0,0.0,0.0,16,5.8
145.876,-6.7761,-0.7432,0.0,0.0,0.0,0.0,16,5.8
145.876,-6.7761,-0.7432,0.0,0.0,0.0,0.0,16,5.8
145.926,-6.7761,-0.7432,0.0,0.0,0.0,0.0,16,5.8
145.936,-6.7761,-0.7432,0.0,0.0,0.0,0.0,16,5.8
145.936,-6.7761,-0.7432,0.0,0.0,0.0,0.0,16,5.8
145.986,-6.7761,-0.7432,0.0,0.0,0.0,0.0,16,5.8
145.996,-6.7761,-0.7432,0.0,0.0,0.0,0.0,16,5.8
145.996,-6.7761,-0.7432,0.0,0.0,0.0,0.0,16,5.8
146.047,-6.7761,-0.7432,0.0,0.0,0.0,0.0,16,5.8
146.056,-6.7761,-0.7432,0.0,0.0,0.0,0.0,16,5.8
146.056,-6.7761,-0.7432,0.0,0.0,0.0,0.0,16,5.8
146.106,-6.7761,-0.7432,0.0,0.0,0.0,0.0,16,5.8
146.116,-6.7761,-0.7432,0.0,0.0,0.0,0.0,16,5.8
146.116,-6.7761,-0.7432,0.0,0.0,0.0,0.0,16,5.9
146.166,-6.7761,-0.7432,0.0,0.0,0.0,0.0,16,5.9
146.176,-6.7761,-0.7432,0.0,0.0,0.0,0.0,16,5.9
146.176,-6.7761,-0.7432,0.0,0.0,0.0,0.0,16,5.8
146.226,-6.7761,-0.7432,0.0,0.0,0.0,0.0,16,5.8
146.236,-6.7761,-0.7432,0.0,0.0,0.0,0.0,16,5.8
146.236,-6.7761,-0.7432,0.0,0.0,0.0,0.0,16,5.8
146.286,-6.7761,-0.7432,0.0,0.0,0.0,0.0,16,5.8
146.296,-6.7761,-0.7432,0.0,0.0,0.0,0.0,16,5.8
146.296,-6.7761,-0.7432,0.0,0.0,0.0,0.0,16,5.8
146.346,-6.7761,-0.7432,0.0,0.0,0.0,0.0,16,5.8
146.356,-6.7761,-0.7432,0.0,0.0,0.0,0.0,16,5.8
146.357,-6.7761,-0.7432,0.0,0.0,0.0,0.0,16,5.8
146.407,-6.7761,-0.7432,0.0,0.0,0.0,0.0,16,5.8
146.415,-6.7761,-0.7432,0.0,0.0,0.0,0.0,16,5.8
146.416,-6.7761,-0.7432,0.0,0.0,0.0,0.0,16,5.8
146.466,-6.7761,-0.7432,0.0,0.0,0.0,0.0,16,5.8
146.476,-6.7761,-0.7432,0.0,0.0,0.0,0.0,16,5.8
146.476,-6.7761,-0.7432,0.0,0.0,0.0,0.0,16,5.8
146.527,-6.7761,-0.7432,0.0,0.0,0.0,0.0,16,5.8
146.536,-6.7761,-0.7432,0.0,0.0,0.0,0.0,16,5.8
146.536,-6.7761,-0.7432,0.0,0.0,0.0,0.0,16,5.8
146.586,-6.7761,-0.7432,0.0,0.0,0.0,0.0,16,5.8
146.596,-6.7761,-0.7432,0.0,0.0,0.0,0.0,16,5.8
146.596,-6.7761,-0.7432,0.0,0.0,0.0,0.0,16,5.8
146.646,-6.7761,-0.7432,0.0,0.0,0.0,0.0,16,5.8
146.656,-6.7761,-0.7432,0.0,0.0,0.0,0.0,16,5.8
146.656,-6.7761,-0.7432,0.0,0.0,0.0,0.0,16,5.8
146.706,-6.7761,-0.7432,0.0,0.0,0.0,0.0,16,5.8
146.716,-6.7761,-0.7432,0.0,0.0,0.0,0.0,16,5.8
146.716,-6.7761,-0.7432,0.0,0.0,0.0,0.0,16,5.8
146.766,-6.7761,-0.7432,0.0,0.0,0.0,0.0,16,5.8
146.776,-6.7761,-0.7432,0.0,0.0,0.0,0.0,16,5.8
146.776,-6.7761,-0.7432,0.0,0.0,0.0,0.0,16,5.8
146.827,-6.7761,-0.7432,0.0,0.0,0.0,0.0,16,5.8
146.836,-6.7761,-0.7432,0.0,0.0,0.0,0.0,16,5.8
146.836,-6.7761,-0.7432,0.0,0.0,0.0,0.0,16,5.8
146.886,-6.7761,-0.7432,0.0,0.0,0.0,0.0,16,5.8
146.896,-6.7761,-0.7432,0.0,0.0,0.0,0.0,16,5.8
146.896,-6.7761,-0.7432,0.0,0.0,0.0,0.0,16,5.8
146.946,-6.7761,-0.7432,0.0,0.0,0.0,0.0,16,5.8
146.955,-6.7761,-0.7432,0.0,0.0,0.0,0.0,16,5.8
146.956,-6.7761,-0.7432,0.0,0.0,0.0,0.0,16,5.9
147.006,-6.7761,-0.7432,0.0,0.0,0.0,0.0,16,5.9
147.015,-6.7761,-0.7432,0.0,0.0,0.0,0.0,16,5.9
147.016,-6.7761,-0.7432,0.0,0.0,0.0,0.0,16,5.8
147.066,-6.7761,-0.7432,0.0,0.0,0.0,0.0,16,5.8
147.076,-6.7761,-0.7432,0.0,0.0,0.0,0.0,16,5.8
147.076,-6.7761,-0.7432,0.0,0.0,0.0,0.0,16,5.9
147.126,-6.7761,-0.7432,0.0,0.0,0.0,0.0,16,5.9
147.136,-6.7761,-0.7432,0.0,0.0,0.0,0.0,16,5.9
147.136,-6.7761,-0.7432,0.0,0.0,0.0,0.0,16,5.8
147.186,-6.7761,-0.7432,0.0,0.0,0.0,0.0,16,5.8
147.196,-6.7761,-0.7432,0.0,0.0,0.0,0.0,16,5.8
147.196,-6.7761,-0.7432,0.0,0.0,0.0,0.0,16,5.8
147.247,-6.7761,-0.7432,0.0,0.0,0.0,0.0,16,5.8
147.256,-6.7761,-0.7432,0.0,0.0,0.0,0.0,16,5.8
147.256,-6.7761,-0.7432,0.0,0.0,0.0,0.0,16,5.8
147.307,-6.7761,-0.7432,0.0,0.0,0.0,0.0,16,5.8
147.316,-6.7761,-0.7432,0.0,0.0,0.0,0.0,16,5.8
147.316,-6.7761,-0.7432,0.0,0.0,0.0,0.0,16,5.8
147.366,-6.7761,-0.7432,0.0,0.0,0.0,0.0,16,5.8
147.376,-6.7761,-0.7432,0.0,0.0,0.0,0.0,16,5.8
147.376,-6.7761,-0.7432,0.0,0.0,0.0,0.0,16,5.8
147.426,-6.7761,-0.7432,0.0,0.0,0.0,0.0,16,5.8
147.436,-6.7761,-0.7432,0.0,0.0,0.0,0.0,16,5.8
147.436,-6.7761,-0.7432,0.0,0.0,0.0,0.0,16,5.8
147.486,-6.7761,-0.7432,0.0,0.0,0.0,0.0,16,5.8
147.496,-6.7761,-0.7432,0.0,0.0,0.0,0.0,16,5.8
147.496,-6.7761,-0.7432,0.0,0.0,0.0,0.0,16,5.8
147.546,-6.7761,-0.7432,0.0,0.0,0.0,0.0,16,5.8
147.556,-6.7761,-0.7432,0.0,0.0,0.0,0.0,16,5.8
147.556,-6.7761,-0.7432,0.0,0.0,0.0,0.0,16,5.8
147.606,-6.7761,-0.7432,0.0,0.0,0.0,0.0,16,5.8
147.616,-6.7761,-0.7432,0.0,0.0,0.0,0.0,16,5.8
147.616,-6.7761,-0.7432,0.0,0.0,0.0,0.0,16,5.8
147.666,-6.7761,-0.7432,0.0,0.0,0.0,0.0,16,5.8
147.677,-6.7761,-0.7432,0.0,0.0,0.0,0.0,16,5.8
147.677,-6.7761,-0.7432,0.0,0.0,0.0,0.0,16,5.8
147.727,-6.7761,-0.7432,0.0,0.0,0.0,0.0,16,5.8
147.736,-6.7761,-0.7432,0.0,0.0,0.0,0.0,16,5.8
147.736,-6.7761,-0.7432,0.0,0.0,0.0,0.0,16,5.8
147.786,-6.7761,-0.7432,0.0,0.0,0.0,0.0,16,5.8
147.796,-6.7761,-0.7432,0.0,0.0,0.0,0.0,16,5.8
147.796,-6.7761,-0.7432,0.0,0.0,0.0,0.0,16,5.9
147.846,-6.7761,-0.7432,0.0,0.0,0.0,0.0,16,5.9
147.855,-6.7761,-0.7432,0.0,0.0,0.0,0.0,16,5.9
147.856,-6.7761,-0.7432,0.0,0.0,0.0,0.0,16,5.9
147.906,-6.7761,-0.7432,0.0,0.0,0.0,0.0,16,5.9
147.915,-6.7761,-0.7432,0.0,0.0,0.0,0.0,16,5.9
147.916,-6.7761,-0.7432,0.0,0.0,0.0,0.0,16,5.9
147.966,-6.7761,-0.7432,0.0,0.0,0.0,0.0,16,5.9
147.976,-6.7761,-0.7432,0.0,0.0,0.0,0.0,16,5.9
147.976,-6.7761,-0.7432,0.0,0.0,0.0,0.0,16,5.8
148.027,-6.7761,-0.7432,0.0,0.0,0.0,0.0,16,5.8
148.036,-6.7761,-0.7432,0.0,0.0,0.0,0.0,16,5.8
148.036,-6.7761,-0.7432,0.0,0.0,0.0,0.0,16,5.8
148.086,-6.7761,-0.7432,0.0,0.0,0.0,0.0,16,5.8
148.096,-6.7761,-0.7432,0.0,0.0,0.0,0.0,16,5.8
148.096,-6.7761,-0.7432,0.0,0.0,0.0,0.0,16,5.8
148.147,-6.7761,-0.7432,0.0,0.0,0.0,0.0,16,5.8
148.156,-6.7761,-0.7432,0.0,0.0,0.0,0.0,16,5.8
148.156,-6.7761,-0.7432,0.0,0.0,0.0,0.0,16,5.8
148.207,-6.7761,-0.7432,0.0,0.0,0.0,0.0,16,5.8
148.216,-6.7761,-0.7432,0.0,0.0,0.0,0.0,16,5.8
148.216,-6.7761,-0.7432,0.0,0.0,0.0,0.0,16,5.8
148.266,-6.7761,-0.7432,0.0,0.0,0.0,0.0,16,5.8
148.276,-6.7761,-0.7432,0.0,0.0,0.0,0.0,16,5.8
148.276,-6.7761,-0.7432,0.0,0.0,0.0,0.0,16,5.8
148.326,-6.7761,-0.7432,0.0,0.0,0.0,0.0,16,5.8
148.336,-6.7761,-0.7432,0.0,0.0,0.0,0.0,16,5.8
148.336,-6.7761,-0.7432,0.0,0.0,0.0,0.0,16,5.8
148.386,-6.7761,-0.7432,0.0,0.0,0.0,0.0,16,5.8
148.396,-6.7761,-0.7432,0.0,0.0,0.0,0.0,16,5.8
148.396,-6.7761,-0.7432,0.0,0.0,0.0,0.0,16,5.8
148.446,-6.7761,-0.7432,0.0,0.0,0.0,0.0,16,5.8
148.456,-6.7761,-0.7432,0.0,0.0,0.0,0.0,16,5.8
148.456,-6.7761,-0.7432,0.0,0.0,0.0,0.0,16,5.8
148.507,-6.7761,-0.7432,0.0,0.0,0.0,0.0,16,5.8
148.516,-6.7761,-0.7432,0.0,0.0,0.0,0.0,16,5.8
148.516,-6.7761,-0.7432,0.0,0.0,0.0,0.0,16,5.8
148.566,-6.7761,-0.7432,0.0,0.0,0.0,0.0,16,5.8
148.576,-6.7761,-0.7432,0.0,0.0,0.0,0.0,16,5.8
148.576,-6.7761,-0.7432,0.0,0.0,0.0,0.0,16,5.9
148.626,-6.7761,-0.7432,0.0,0.0,0.0,0.0,16,5.9
148.636,-6.7761,-0.7432,0.0,0.0,0.0,0.0,16,5.9
148.636,-6.7761,-0.7432,0.0,0.0,0.0,0.0,16,5.8
148.686,-6.7761,-0.7432,0.0,0.0,0.0,0.0,16,5.8
148.696,-6.7761,-0.7432,0.0,0.0,0.0,0.0,16,5.8
148.696,-6.7761,-0.7432,0.0,0.0,0.0,0.0,16,5.8
148.746,-6.7761,-0.7432,0.0,0.0,0.0,0.0,16,5.8
148.756,-6.7761,-0.7432,0.0,0.0,0.0,0.0,16,5.8
148.756,-6.7761,-0.7432,0.0,0.0,0.0,0.0,16,5.8
148.807,-6.7761,-0.7432,0.0,0.0,0.0,0.0,16,5.8
148.816,-6.7761,-0.7432,0.0,0.0,0.0,0.0,16,5.8
148.816,-6.7761,-0.7432,0.0,0.0,0.0,0.0,16,5.8
148.866,-6.7761,-0.7432,0.0,0.0,0.0,0.0,16,5.8
148.876,-6.7761,-0.7432,0.0,0.0,0.0,0.0,16,5.8
148.876,-6.7761,-0.7432,0.0,0.0,0.0,0.0,16,5.8
148.926,-6.7761,-0.7432,0.0,0.0,0.0,0.0,16,5.8
148.936,-6.7761,-0.7432,0.0,0.0,0.0,0.0,16,5.8
148.936,-6.7761,-0.7432,0.0,0.0,0.0,0.0,16,5.8
148.986,-6.7761,-0.7432,0.0,0.0,0.0,0.0,16,5.8
148.986,-6.7761,-0.7432,0.0,0.0,0.0,0.0,16,5.8
149.036,-6.7761,-0.7432,0.0,0.0,0.0,0.0,16,5.8
149.045,-6.7761,-0.7432,0.0,0.0,0.0,0.0,16,5.8
149.045,-6.7761,-0.7432,0.0,0.0,0.0,0.0,16,5.8
149.096,-6.7761,-0.7432,0.0,0.0,0.0,0.0,16,5.8
149.096,-6.7761,-0.7432,0.0,0.0,0.0,0.0,16,5.8
149.146,-6.7761,-0.7432,0.0,0.0,0.0,0.0,16,5.8
149.156,-6.7761,-0.7432,0.0,0.0,0.0,0.0,16,5.8
149.156,-6.7761,-0.7432,0.0,0.0,0.0,0.0,16,5.8
149.207,-6.7761,-0.7432,0.0,0.0,0.0,0.0,16,5.8
149.216,-6.7761,-0.7432,0.0,0.0,0.0,0.0,16,5.8
149.216,-6.7761,-0.7432,0.0,0.0,0.0,0.0,16,5.8
149.266,-6.7761,-0.7432,0.0,0.0,0.0,0.0,16,5.8
149.276,-6.7761,-0.7432,0.0,0.0,0.0,0.0,16,5.8
149.276,-6.7761,-0.7432,0.0,0.0,0.0,0.0,16,5.8
149.327,-6.7761,-0.7432,0.0,0.0,0.0,0.0,16,5.8
149.336,-6.7761,-0.7432,0.0,0.0,0.0,0.0,16,5.8
149.336,-6.7761,-0.7432,0.0,0.0,0.0,0.0,16,5.8
149.386,-6.7761,-0.7432,0.0,0.0,0.0,0.0,16,5.8
149.396,-6.7761,-0.7432,0.0,0.0,0.0,0.0,16,5.8
149.396,-6.7761,-0.7432,0.0,0.0,0.0,0.0,16,5.8
149.446,-6.7761,-0.7432,0.0,0.0,0.0,0.0,16,5.8
149.456,-6.7761,-0.7432,0.0,0.0,0.0,0.0,16,5.8
149.456,-6.7761,-0.7432,0.0,0.0,0.0,0.0,16,5.8
149.507,-6.7761,-0.7432,0.0,0.0,0.0,0.0,16,5.8
149.516,-6.7761,-0.7432,0.0,0.0,0.0,0.0,16,5.8
149.516,-6.7761,-0.7432,0.0,0.0,0.0,0.0,16,5.9
149.567,-6.7761,-0.7432,0.0,0.0,0.0,0.0,16,5.9
149.576,-6.7761,-0.7432,0.0,0.0,0.0,0.0,16,5.9
149.577,-6.7761,-0.7432,0.0,0.0,0.0,0.0,16,5.8
149.627,-6.7761,-0.7432,0.0,0.0,0.0,0.0,16,5.8
149.636,-6.7761,-0.7432,0.0,0.0,0.0,0.0,16,5.8
149.636,-6.7761,-0.7432,0.0,0.0,0.0,0.0,16,5.8
149.687,-6.7761,-0.7432,0.0,0.0,0.0,0.0,16,5.8
149.696,-6.7761,-0.7432,0.0,0.0,0.0,0.0,16,5.8
149.696,-6.7761,-0.7432,0.0,0.0,0.0,0.0,16,5.8
149.746,-6.7761,-0.7432,0.0,0.0,0.0,0.0,16,5.8
149.757,-6.7761,-0.7432,0.0,0.0,0.0,0.0,16,5.8
149.757,-6.7761,-0.7432,0.0,0.0,0.0,0.0,16,5.8
149.808,-6.7761,-0.7432,0.0,0.0,0.0,0.0,16,5.8
149.816,-6.7761,-0.7432,0.0,0.0,0.0,0.0,16,5.8
149.817,-6.7761,-0.7432,0.0,0.0,0.0,0.0,16,5.8
149.867,-6.7761,-0.7432,0.0,0.0,0.0,0.0,16,5.8
149.876,-6.7761,-0.7432,0.0,0.0,0.0,0.0,16,5.8
149.876,-6.7761,-0.7432,0.0,0.0,0.0,0.0,16,5.8
149.926,-6.7761,-0.7432,0.0,0.0,0.0,0.0,16,5.8
149.938,-6.7761,-0.7432,0.0,0.0,0.0,0.0,16,5.8
149.939,-6.7761,-0.7432,0.0,0.0,0.0,0.0,16,5.9
149.989,-6.7761,-0.7432,0.0,0.0,0.0,0.0,16,5.9
149.996,-6.7761,-0.7432,0.0,0.0,0.0,0.0,16,5.9
149.996,-6.7761,-0.7432,0.0,0.0,0.0,0.0,16,5.9
150.046,-6.7761,-0.7432,0.0,0.0,0.0,0.0,16,5.9
150.055,-6.7761,-0.7432,0.0,0.0,0.0,0.0,16,5.9
150.056,-6.7761,-0.7432,0.0,0.0,0.0,0.0,16,5.8
150.106,-6.7761,-0.7432,0.0,0.0,0.0,0.0,16,5.8
150.116,-6.7761,-0.7432,0.0,0.0,0.0,0.0,16,5.8
150.116,-6.7761,-0.7432,0.0,0.0,0.0,0.0,16,5.8
150.166,-6.7761,-0.7432,0.0,0.0,0.0,0.0,16,5.8
150.176,-6.7761,-0.7432,0.0,0.0,0.0,0.0,16,5.8
150.176,-6.7761,-0.7432,0.0,0.0,0.0,0.0,16,5.8
150.227,-6.7761,-0.7432,0.0,0.0,0.0,0.0,16,5.8
150.236,-6.7761,-0.7432,0.0,0.0,0.0,0.0,16,5.8
150.236,-6.7761,-0.7432,0.0,0.0,0.0,0.0,16,5.8
150.286,-6.7761,-0.7432,0.0,0.0,0.0,0.0,16,5.8
150.296,-6.7761,-0.7432,0.0,0.0,0.0,0.0,16,5.8
150.296,-6.7761,-0.7432,0.0,0.0,0.0,0.0,16,5.8
150.346,-6.7761,-0.7432,0.0,0.0,0.0,0.0,16,5.8
150.356,-6.7761,-0.7432,0.0,0.0,0.0,0.0,16,5.8
150.356,-6.7761,-0.7432,0.0,0.0,0.0,0.0,16,5.8
150.407,-6.7761,-0.7432,0.0,0.0,0.0,0.0,16,5.8
150.415,-6.7761,-0.7432,0.0,0.0,0.0,0.0,16,5.8
150.416,-6.7761,-0.7432,0.0,0.0,0.0,0.0,16,5.8
150.466,-6.7761,-0.7432,0.0,0.0,0.0,0.0,16,5.8
150.476,-6.7761,-0.7432,0.0,0.0,0.0,0.0,16,5.8
150.476,-6.7761,-0.7432,0.0,0.0,0.0,0.0,16,5.8
150.526,-6.7761,-0.7432,0.0,0.0,0.0,0.0,16,5.8
150.536,-6.7761,-0.7432,0.0,0.0,0.0,0.0,16,5.8
150.536,-6.7761,-0.7432,0.0,0.0,0.0,0.0,16,5.8
150.586,-6.7761,-0.7432,0.0,0.0,0.0,0.0,16,5.8
150.595,-6.7761,-0.7432,0.0,0.0,0.0,0.0,16,5.8
150.596,-6.7761,-0.7432,0.0,0.0,0.0,0.0,16,5.8
150.646,-6.7761,-0.7432,0.0,0.0,0.0,0.0,16,5.8
150.656,-6.7761,-0.7432,0.0,0.0,0.0,0.0,16,5.8
150.656,-6.7761,-0.7432,0.0,0.0,0.0,0.0,16,5.8
150.706,-6.7761,-0.7432,0.0,0.0,0.0,0.0,16,5.8
150.716,-6.7761,-0.7432,0.0,0.0,0.0,0.0,16,5.8
150.716,-6.7761,-0.7432,0.0,0.0,0.0,0.0,16,5.8
150.766,-6.7761,-0.7432,0.0,0.0,0.0,0.0,16,5.8
150.776,-6.7761,-0.7432,0.0,0.0,0.0,0.0,16,5.8
150.776,-6.7761,-0.7432,0.0,0.0,0.0,0.0,16,5.8
150.827,-6.7761,-0.7432,0.0,0.0,0.0,0.0,16,5.8
150.836,-6.7761,-0.7432,0.0,0.0,0.0,0.0,16,5.8
150.836,-6.7761,-0.7432,0.0,0.0,0.0,0.0,16,5.8
150.886,-6.7761,-0.7432,0.0,0.0,0.0,0.0,16,5.8
150.896,-6.7761,-0.7432,0.0,0.0,0.0,0.0,16,5.8
150.896,-6.7761,-0.7432,0.0,0.0,0.0,0.0,16,5.8
150.946,-6.7761,-0.7432,0.0,0.0,0.0,0.0,16,5.8
150.956,-6.7761,-0.7432,0.0,0.0,0.0,0.0,16,5.8
150.957,-6.7761,-0.7432,0.0,0.0,0.0,0.0,16,5.8
151.007,-6.7761,-0.7432,0.0,0.0,0.0,0.0,16,5.8
151.016,-6.7761,-0.7432,0.0,0.0,0.0,0.0,16,5.8
151.016,-6.7761,-0.7432,0.0,0.0,0.0,0.0,16,5.8
151.066,-6.7761,-0.7432,0.0,0.0,0.0,0.0,16,5.8
151.076,-6.7761,-0.7432,0.0,0.0,0.0,0.0,16,5.8
151.076,-6.7761,-0.7432,0.0,0.0,0.0,0.0,16,5.8
151.127,-6.7761,-0.7432,0.0,0.0,0.0,0.0,16,5.8
151.136,-6.7761,-0.7432,0.0,0.0,0.0,0.0,16,5.8
151.136,-6.7761,-0.7432,0.0,0.0,0.0,0.0,16,5.9
151.186,-6.7761,-0.7432,0.0,0.0,0.0,0.0,16,5.9
151.196,-6.7761,-0.7432,0.0,0.0,0.0,0.0,16,5.9
151.196,-6.7761,-0.7432,0.0,0.0,0.0,0.0,16,5.8
151.246,-6.7761,-0.7432,0.0,0.0,0.0,0.0,16,5.8
151.256,-6.7761,-0.7432,0.0,0.0,0.0,0.0,16,5.8
151.256,-6.7761,-0.7432,0.0,0.0,0.0,0.0,16,5.8
151.306,-6.7761,-0.7432,0.0,0.0,0.0,0.0,16,5.8
151.316,-6.7761,-0.7432,0.0,0.0,0.0,0.0,16,5.8
151.316,-6.7761,-0.7432,0.0,0.0,0.0,0.0,16,5.8
151.366,-6.7761,-0.7432,0.0,0.0,0.0,0.0,16,5.8
151.376,-6.7761,-0.7432,0.0,0.0,0.0,0.0,16,5.8
151.376,-6.7761,-0.7432,0.0,0.0,0.0,0.0,16,5.8
151.426,-6.7761,-0.7432,0.0,0.0,0.0,0.0,16,5.8
151.436,-6.7761,-0.7432,0.0,0.0,0.0,0.0,16,5.8
151.436,-6.7761,-0.7432,0.0,0.0,0.0,0.0,16,5.8
151.486,-6.7761,-0.7432,0.0,0.0,0.0,0.0,16,5.8
151.496,-6.7761,-0.7432,0.0,0.0,0.0,0.0,16,5.8
151.496,-6.7761,-0.7432,0.0,0.0,0.0,0.0,16,5.8
151.546,-6.7761,-0.7432,0.0,0.0,0.0,0.0,16,5.8
151.556,-6.7761,-0.7432,0.0,0.0,0.0,0.0,16,5.8
151.556,-6.7761,-0.7432,0.0,0.0,0.0,0.0,16,5.8
151.606,-6.7761,-0.7432,0.0,0.0,0.0,0.0,16,5.8
151.616,-6.7761,-0.7432,0.0,0.0,0.0,0.0,16,5.8
151.616,-6.7761,-0.7432,0.0,0.0,0.0,0.0,16,5.8
151.666,-6.7761,-0.7432,0.0,0.0,0.0,0.0,16,5.8
151.677,-6.7761,-0.7432,0.0,0.0,0.0,0.0,16,5.8
151.677,-6.7761,-0.7432,0.0,0.0,0.0,0.0,16,5.8
151.728,-6.7761,-0.7432,0.0,0.0,0.0,0.0,16,5.8
151.736,-6.7761,-0.7432,0.0,0.0,0.0,0.0,16,5.8
151.736,-6.7761,-0.7432,0.0,0.0,0.0,0.0,16,5.8
151.787,-6.7761,-0.7432,0.0,0.0,0.0,0.0,16,5.8
151.796,-6.7761,-0.7432,0.0,0.0,0.0,0.0,16,5.8
151.796,-6.7761,-0.7432,0.0,0.0,0.0,0.0,16,5.8
151.846,-6.7761,-0.7432,0.0,0.0,0.0,0.0,16,5.8
151.856,-6.7761,-0.7432,0.0,0.0,0.0,0.0,16,5.8
151.856,-6.7761,-0.7432,0.0,0.0,0.0,0.0,16,5.8
151.906,-6.7761,-0.7432,0.0,0.0,0.0,0.0,16,5.8
151.915,-6.7761,-0.7432,0.0,0.0,0.0,0.0,16,5.8
151.916,-6.7761,-0.7432,0.0,0.0,0.0,0.0,16,5.8
151.966,-6.7761,-0.7432,0.0,0.0,0.0,0.0,16,5.8
151.976,-6.7761,-0.7432,0.0,0.0,0.0,0.0,16,5.8
151.976,-6.7761,-0.7432,0.0,0.0,0.0,0.0,16,5.8
152.026,-6.7761,-0.7432,0.0,0.0,0.0,0.0,16,5.8
152.035,-6.7761,-0.7432,0.0,0.0,0.0,0.0,16,5.8
152.036,-6.7761,-0.7432,0.0,0.0,0.0,0.0,16,5.8
152.086,-6.7761,-0.7432,0.0,0.0,0.0,0.0,16,5.8
152.095,-6.7761,-0.7432,0.0,0.0,0.0,0.0,16,5.8
152.096,-6.7761,-0.7432,0.0,0.0,0.0,0.0,16,5.8
152.146,-6.7761,-0.7432,0.0,0.0,0.0,0.0,16,5.8
152.156,-6.7761,-0.7432,0.0,0.0,0.0,0.0,16,5.8
152.156,-6.7761,-0.7432,0.0,0.0,0.0,0.0,16,5.8
152.207,-6.7761,-0.7432,0.0,0.0,0.0,0.0,16,5.8
152.216,-6.7761,-0.7432,0.0,0.0,0.0,0.0,16,5.8
152.216,-6.7761,-0.7432,0.0,0.0,0.0,0.0,16,5.8
152.266,-6.7761,-0.7432,0.0,0.0,0.0,0.0,16,5.8
152.276,-6.7761,-0.7432,0.0,0.0,0.0,0.0,16,5.8
152.276,-6.7761,-0.7432,0.0,0.0,0.0,0.0,16,5.8
152.326,-6.7761,-0.7432,0.0,0.0,0.0,0.0,16,5.8
152.335,-6.7761,-0.7432,0.0,0.0,0.0,0.0,16,5.8
152.335,-6.7761,-0.7432,0.0,0.0,0.0,0.0,16,5.8
152.386,-6.7761,-0.7432,0.0,0.0,0.0,0.0,16,5.8
152.395,-6.7761,-0.7432,0.0,0.0,0.0,0.0,16,5.8
152.396,-6.7761,-0.7432,0.0,0.0,0.0,0.0,16,5.8
152.446,-6.7761,-0.7432,0.0,0.0,0.0,0.0,16,5.8
152.446,-6.7761,-0.7432,0.0,0.0,0.0,0.0,16,5.8
152.496,-6.7761,-0.7432,0.0,0.0,0.0,0.0,16,5.8
152.506,-6.7761,-0.7432,0.0,0.0,0.0,0.0,16,5.8
152.506,-6.7761,-0.7432,0.0,0.0,0.0,0.0,16,5.8
152.556,-6.7761,-0.7432,0.0,0.0,0.0,0.0,16,5.8
152.565,-6.7761,-0.7432,0.0,0.0,0.0,0.0,16,5.8
152.616,-6.7761,-0.7432,0.0,0.0,0.0,0.0,16,5.8
152.616,-6.7761,-0.7432,0.0,0.0,0.0,0.0,16,5.8
152.666,-6.7761,-0.7432,0.0,0.0,0.0,0.0,16,5.8
152.676,-6.7761,-0.7432,0.0,0.0,0.0,0.0,16,5.8
152.676,-6.7761,-0.7432,0.0,0.0,0.0,0.0,16,5.9
152.727,-6.7761,-0.7432,0.0,0.0,0.0,0.0,16,5.9
152.735,-6.7761,-0.7432,0.0,0.0,0.0,0.0,16,5.9
152.736,-6.7761,-0.7432,0.0,0.0,0.0,0.0,16,5.8
152.786,-6.7761,-0.7432,0.0,0.0,0.0,0.0,16,5.8
152.796,-6.7761,-0.7432,0.0,0.0,0.0,0.0,16,5.8
152.796,-6.7761,-0.7432,0.0,0.0,0.0,0.0,16,5.8
152.846,-6.7761,-0.7432,0.0,0.0,0.0,0.0,16,5.8
152.856,-6.7761,-0.7432,0.0,0.0,0.0,0.0,16,5.8
152.856,-6.7761,-0.7432,0.0,0.0,0.0,0.0,16,5.8
152.907,-6.7761,-0.7432,0.0,0.0,0.0,0.0,16,5.8
152.916,-6.7761,-0.7432,0.0,0.0,0.0,0.0,16,5.8
152.916,-6.7761,-0.7432,0.0,0.0,0.0,0.0,16,5.8
152.966,-6.7761,-0.7432,0.0,0.0,0.0,0.0,16,5.8
152.977,-6.7761,-0.7432,0.0,0.0,0.0,0.0,16,5.8
152.978,-6.7761,-0.7432,0.0,0.0,0.0,0.0,16,5.8
153.028,-6.7761,-0.7432,0.0,0.0,0.0,0.0,16,5.8
153.035,-6.776,-0.7424,0.003,0.0149,0.0,0.0,16,5.8
153.035,-6.776,-0.7424,0.003,0.0149,-17.0,0.0,16,5.8
153.086,-6.776,-0.7424,0.003,0.0149,-17.0,0.0,16,5.8
153.096,-6.776,-0.7424,0.003,0.0149,-17.0,0.0,16,5.8
153.096,-6.776,-0.7424,0.003,0.0149,-17.0,0.0,16,5.8
153.146,-6.776,-0.7424,0.003,0.0149,-17.0,0.0,16,5.8
153.155,-6.776,-0.7424,0.003,0.0149,-17.0,0.0,16,5.8
153.156,-6.776,-0.7424,0.003,0.0149,-17.0,0.0,16,5.8
153.206,-6.776,-0.7424,0.003,0.0149,-17.0,0.0,16,5.8
153.216,-6.776,-0.7424,0.003,0.0149,-17.0,0.0,16,5.8
153.216,-6.776,-0.7424,0.003,0.0149,-17.0,0.0,16,5.8
153.266,-6.776,-0.7424,0.003,0.0149,-17.0,0.0,16,5.8
153.277,-6.7759,-0.7415,0.0059,0.0005,-17.0,0.0,16,5.8
153.277,-6.7759,-0.7415,0.0059,0.0005,0.0,-116.0,16,5.8
153.327,-6.7759,-0.7415,0.0059,0.0005,0.0,-116.0,16,5.8
153.336,-6.7754,-0.7389,0.0116,0.0001,0.0,-116.0,16,5.8
153.336,-6.7754,-0.7389,0.0116,0.0001,-14.0,-61.0,16,5.8
153.386,-6.7754,-0.7389,0.0116,0.0001,-14.0,-61.0,16,5.8
153.396,-6.7752,-0.7372,0.0174,0.0001,-14.0,-61.0,16,5.8
153.396,-6.7752,-0.7372,0.0174,0.0001,-94.0,-92.0,16,5.8
153.446,-6.7752,-0.7372,0.0174,0.0001,-94.0,-92.0,16,5.8
153.456,-6.7745,-0.7329,0.0319,-0.0143,-94.0,-92.0,16,5.8
153.456,-6.7745,-0.7329,0.0319,-0.0143,-113.0,-119.0,16,5.8
153.506,-6.7745,-0.7329,0.0319,-0.0143,-113.0,-119.0,16,5.8
153.515,-6.7735,-0.7261,0.055,-0.0143,-113.0,-119.0,16,5.8
153.516,-6.7735,-0.7261,0.055,-0.0143,-149.0,-163.0,16,5.8
153.566,-6.7735,-0.7261,0.055,-0.0143,-149.0,-163.0,16,5.8
153.577,-6.7725,-0.7201,0.0724,-0.0144,-149.0,-163.0,16,5.8
153.577,-6.7725,-0.7201,0.0724,-0.0144,-150.0,-162.0,16,5.8
153.628,-6.7725,-0.7201,0.0724,-0.0144,-150.0,-162.0,16,5.8
153.635,-6.772,-0.7166,0.0753,-0.0289,-150.0,-162.0,16,5.8
153.636,-6.772,-0.7166,0.0753,-0.0289,-169.0,-177.0,16,5.8
153.686,-6.772,-0.7166,0.0753,-0.0289,-169.0,-177.0,16,5.8
153.696,-6.771,-0.7106,0.0897,-0.0145,-169.0,-177.0,16,5.8
153.696,-6.771,-0.7106,0.0897,-0.0145,-186.0,-181.0,16,5.8
153.746,-6.7705,-0.7072,0.0892,0.0,-186.0,-181.0,16,5.8
153.746,-6.7705,-0.7072,0.0892,0.0,-193.0,-190.0,16,5.8
153.796,-6.7691,-0.6986,0.1007,0.0,-193.0,-190.0,16,5.8
153.796,-6.7691,-0.6986,0.1007,0.0,-209.0,-199.0,16,5.9
153.846,-6.7691,-0.6986,0.1007,0.0,-209.0,-199.0,16,5.9
153.856,-6.7686,-0.6952,0.092,0.0145,-209.0,-199.0,16,5.9
153.856,-6.7686,-0.6952,0.092,0.0145,-243.0,-226.0,16,5.8
153.907,-6.7686,-0.6952,0.092,0.0145,-243.0,-226.0,16,5.8
153.916,-6.7672,-0.6866,0.1092,0.0145,-243.0,-226.0,16,5.8
153.916,-6.7672,-0.6866,0.1092,0.0145,-265.0,-238.0,16,5.8
153.967,-6.7672,-0.6866,0.1092,0.0145,-265.0,-238.0,16,5.8
153.976,-6.7664,-0.6815,0.1063,0.0,-265.0,-238.0,16,5.8
153.976,-6.7664,-0.6815,0.1063,0.0,-311.0,-280.0,16,5.8
154.027,-6.7664,-0.6815,0.1063,0.0,-311.0,-280.0,16,5.8
154.036,-6.7647,-0.6703,0.1305,0.0146,-311.0,-280.0,16,5.8
154.036,-6.7647,-0.6703,0.1305,0.0146,-325.0,-300.0,16,5.9
154.086,-6.7647,-0.6703,0.1305,0.0146,-325.0,-300.0,16,5.9
154.096,-6.7638,-0.6643,0.116,0.0291,-325.0,-300.0,16,5.9
154.096,-6.7638,-0.6643,0.116,0.0291,-362.0,-332.0,16,5.8
154.146,-6.7638,-0.6643,0.116,0.0291,-362.0,-332.0,16,5.8
154.156,-6.7619,-0.6514,0.1479,0.0436,-362.0,-332.0,16,5.8
154.156,-6.7619,-0.6514,0.1479,0.0436,-412.0,-347.0,16,5.9
154.206,-6.7619,-0.6514,0.1479,0.0436,-412.0,-347.0,16,5.9
154.215,-6.76,-0.6376,0.1654,0.0436,-412.0,-347.0,16,5.9
154.216,-6.76,-0.6376,0.1654,0.0436,-399.0,-353.0,16,5.9
154.266,-6.76,-0.6376,0.1654,0.0436,-399.0,-353.0,16,5.9
154.276,-6.7573,-0.6187,0.2117,0.0436,-399.0,-353.0,16,5.9
154.276,-6.7573,-0.6187,0.2117,0.0436,-364.0,-346.0,16,5.8
154.326,-6.7573,-0.6187,0.2117,0.0436,-364.0,-346.0,16,5.8
154.336,-6.7564,-0.6127,0.1939,0.0434,-364.0,-346.0,16,5.8
154.336,-6.7564,-0.6127,0.1939,0.0434,-314.0,-337.0,16,5.8
154.386,-6.7564,-0.6127,0.1939,0.0434,-314.0,-337.0,16,5.8
154.396,-6.7549,-0.6015,0.2113,0.0145,-314.0,-337.0,16,5.8
154.396,-6.7549,-0.6015,0.2113,0.0145,-297.0,-324.0,16,5.8
154.447,-6.7549,-0.6015,0.2113,0.0145,-297.0,-324.0,16,5.8
154.457,-6.7542,-0.5972,0.1822,-0.0143,-297.0,-324.0,16,5.8
154.457,-6.7542,-0.5972,0.1822,-0.0143,-273.0,-302.0,16,5.9
154.507,-6.7542,-0.5972,0.1822,-0.0143,-273.0,-302.0,16,5.9
154.517,-6.7524,-0.5852,0.1765,-0.0143,-273.0,-302.0,16,5.9
154.517,-6.7524,-0.5852,0.1765,-0.0143,-280.0,-298.0,16,5.9
154.567,-6.7524,-0.5852,0.1765,-0.0143,-280.0,-298.0,16,5.9
154.576,-6.7517,-0.5801,0.1304,-0.0143,-280.0,-298.0,16,5.9
154.576,-6.7517,-0.5801,0.1304,-0.0143,-299.0,-301.0,16,5.9
154.626,-6.7517,-0.5801,0.1304,-0.0143,-299.0,-301.0,16,5.9
154.635,-6.7502,-0.5697,0.1448,-0.0288,-299.0,-301.0,16,5.9
154.636,-6.7502,-0.5697,0.1448,-0.0288,-301.0,-311.0,16,5.9
154.686,-6.7502,-0.5697,0.1448,-0.0288,-301.0,-311.0,16,5.9
154.695,-6.7493,-0.5637,0.1275,-0.0288,-301.0,-311.0,16,5.9
154.696,-6.7493,-0.5637,0.1275,-0.0288,-308.0,-329.0,16,5.9
154.746,-6.7493,-0.5637,0.1275,-0.0288,-308.0,-329.0,16,5.9
154.756,-6.7475,-0.5517,0.1537,-0.0145,-308.0,-329.0,16,5.9
154.756,-6.7475,-0.5517,0.1537,-0.0145,-314.0,-351.0,16,5.9
154.806,-6.7475,-0.5517,0.1537,-0.0145,-314.0,-351.0,16,5.9
154.817,-6.7447,-0.5337,0.1725,-0.0286,-314.0,-351.0,16,5.9
154.817,-6.7447,-0.5337,0.1725,-0.0286,-344.0,-376.0,16,5.9
154.868,-6.7447,-0.5337,0.1725,-0.0286,-344.0,-376.0,16,5.9
154.876,-6.7424,-0.5191,0.2053,-0.0434,-344.0,-376.0,16,5.9
154.876,-6.7424,-0.5191,0.2053,-0.0434,-361.0,-395.0,16,5.9
154.926,-6.7424,-0.5191,0.2053,-0.0434,-361.0,-395.0,16,5.9
154.936,-6.7413,-0.5122,0.1938,-0.0434,-361.0,-395.0,16,5.9
154.936,-6.7413,-0.5122,0.1938,-0.0434,-380.0,-412.0,16,5.8
154.986,-6.7413,-0.5122,0.1938,-0.0434,-380.0,-412.0,16,5.8
154.996,-6.7389,-0.4977,0.2227,-0.0434,-380.0,-412.0,16,5.8
154.996,-6.7389,-0.4977,0.2227,-0.0434,-386.0,-421.0,16,5.9
155.046,-6.7376,-0.49,0.2134,-0.0261,-386.0,-421.0,16,5.9
155.046,-6.7376,-0.49,0.2134,-0.0261,-408.0,-429.0,16,5.9
155.096,-6.7353,-0.4754,0.213,-0.0293,-408.0,-429.0,16,5.9
155.096,-6.7353,-0.4754,0.213,-0.0293,-412.0,-423.0,16,5.9
155.146,-6.7353,-0.4754,0.213,-0.0293,-412.0,-423.0,16,5.9
155.156,-6.734,-0.4677,0.1887,0.0,-412.0,-423.0,16,5.9
155.156,-6.734,-0.4677,0.1887,0.0,-419.0,-408.0,16,5.9
155.207,-6.734,-0.4677,0.1887,0.0,-419.0,-408.0,16,5.9
155.216,-6.7315,-0.4522,0.2177,0.0,-419.0,-408.0,16,5.9
155.216,-6.7315,-0.4522,0.2177,0.0,-430.0,-406.0,16,5.9
155.266,-6.7315,-0.4522,0.2177,0.0,-430.0,-406.0,16,5.9
155.276,-6.7304,-0.4454,0.1916,0.0145,-430.0,-406.0,16,5.9
155.276,-6.7304,-0.4454,0.1916,0.0145,-423.0,-390.0,16,5.9
155.326,-6.7304,-0.4454,0.1916,0.0145,-423.0,-390.0,16,5.9
155.336,-6.728,-0.4308,0.2096,0.0116,-423.0,-390.0,16,5.9
155.336,-6.728,-0.4308,0.2096,0.0116,-433.0,-392.0,16,5.9
155.386,-6.728,-0.4308,0.2096,0.0116,-433.0,-392.0,16,5.9
155.396,-6.7268,-0.4231,0.1766,0.0434,-433.0,-392.0,16,5.9
155.396,-6.7268,-0.4231,0.1766,0.0434,-439.0,-398.0,16,5.9
155.446,-6.7268,-0.4231,0.1766,0.0434,-439.0,-398.0,16,5.9
155.456,-6.7245,-0.4076,0.2026,0.0289,-439.0,-398.0,16,5.9
155.456,-6.7245,-0.4076,0.2026,0.0289,-447.0,-404.0,16,5.9
155.506,-6.7245,-0.4076,0.2026,0.0289,-447.0,-404.0,16,5.9
155.516,-6.7211,-0.3844,0.2282,0.0433,-447.0,-404.0,16,5.9
155.517,-6.7211,-0.3844,0.2282,0.0433,-437.0,-420.0,16,5.9
155.567,-6.7211,-0.3844,0.2282,0.0433,-437.0,-420.0,16,5.9
155.576,-6.7188,-0.369,0.2574,0.0433,-437.0,-420.0,16,5.9
155.577,-6.7188,-0.369,0.2574,0.0433,-435.0,-416.0,16,5.9
155.627,-6.7188,-0.369,0.2574,0.0433,-435.0,-416.0,16,5.9
155.636,-6.7176,-0.3612,0.2343,0.0434,-435.0,-416.0,16,5.9
155.636,-6.7176,-0.3612,0.2343,0.0434,-430.0,-413.0,16,5.9
155.686,-6.7176,-0.3612,0.2343,0.0434,-430.0,-413.0,16,5.9
155.696,-6.7156,-0.3466,0.2575,0.0434,-430.0,-413.0,16,5.9
155.696,-6.7156,-0.3466,0.2575,0.0434,-431.0,-408.0,16,5.9
155.746,-6.7156,-0.3466,0.2575,0.0434,-431.0,-408.0,16,5.9
155.756,-6.7145,-0.3389,0.2314,0.0289,-431.0,-408.0,16,5.9
155.756,-6.7145,-0.3389,0.2314,0.0289,-448.0,-407.0,16,5.9
155.806,-6.7123,-0.3234,0.2161,0.0492,-448.0,-407.0,16,5.9
155.806,-6.7123,-0.3234,0.2161,0.0492,-449.0,-411.0,16,5.9
155.857,-6.7123,-0.3234,0.2161,0.0492,-449.0,-411.0,16,5.9
155.866,-6.7114,-0.3165,0.187,0.0492,-449.0,-411.0,16,5.9
155.866,-6.7114,-0.3165,0.187,0.0492,-442.0,-397.0,16,5.9
155.916,-6.7092,-0.3002,0.2267,0.052,-442.0,-397.0,16,5.9
155.916,-6.7092,-0.3002,0.2267,0.052,-436.0,-396.0,16,5.9
155.966,-6.7092,-0.3002,0.2267,0.052,-436.0,-396.0,16,5.9
155.976,-6.7083,-0.2933,0.2006,0.0375,-436.0,-396.0,16,5.9
155.977,-6.7083,-0.2933,0.2006,0.0375,-422.0,-406.0,16,5.9
156.027,-6.7083,-0.2933,0.2006,0.0375,-422.0,-406.0,16,5.9
156.035,-6.7063,-0.2778,0.2267,0.052,-422.0,-406.0,16,5.9
156.036,-6.7063,-0.2778,0.2267,0.052,-408.0,-416.0,16,5.9
156.086,-6.7063,-0.2778,0.2267,0.052,-408.0,-416.0,16,5.9
156.096,-6.7045,-0.264,0.2107,0.0173,-408.0,-416.0,16,5.9
156.096,-6.7045,-0.264,0.2107,0.0173,-394.0,-416.0,16,5.9
156.146,-6.7035,-0.2562,0.2187,-0.0,-394.0,-416.0,16,5.9
156.146,-6.7035,-0.2562,0.2187,-0.0,-372.0,-403.0,16,5.9
156.196,-6.7035,-0.2562,0.2187,-0.0,-372.0,-403.0,16,5.9
156.206,-6.7018,-0.2433,0.1964,-0.0319,-372.0,-403.0,16,5.9
156.206,-6.7018,-0.2433,0.1964,-0.0319,-368.0,-394.0,16,5.9
156.256,-6.7008,-0.2365,0.201,-0.0319,-368.0,-394.0,16,5.9
156.256,-6.7008,-0.2365,0.201,-0.0319,-371.0,-382.0,16,5.9
156.306,-6.7008,-0.2365,0.201,-0.0319,-371.0,-382.0,16,5.9
156.316,-6.6989,-0.2227,0.1951,-0.0319,-371.0,-382.0,16,5.9
156.316,-6.6989,-0.2227,0.1951,-0.0319,-372.0,-376.0,16,5.9
156.366,-6.6989,-0.2227,0.1951,-0.0319,-372.0,-376.0,16,5.9
156.376,-6.6979,-0.2158,0.172,-0.0319,-372.0,-376.0,16,5.9
156.376,-6.6979,-0.2158,0.172,-0.0319,-367.0,-376.0,16,5.9
156.427,-6.6979,-0.2158,0.172,-0.0319,-367.0,-376.0,16,5.9
156.435,-6.6951,-0.196,0.2073,-0.029,-367.0,-376.0,16,5.9
156.436,-6.6951,-0.196,0.2073,-0.029,-346.0,-375.0,16,5.9
156.486,-6.6951,-0.196,0.2073,-0.029,-346.0,-375.0,16,5.9
156.496,-6.6934,-0.184,0.2043,-0.0145,-346.0,-375.0,16,5.9
156.496,-6.6934,-0.184,0.2043,-0.0145,-342.0,-373.0,16,5.9
156.546,-6.6934,-0.184,0.2043,-0.0145,-342.0,-373.0,16,5.9
156.556,-6.6924,-0.1771,0.1997,-0.0145,-342.0,-373.0,16,5.9
156.556,-6.6924,-0.1771,0.1997,-0.0145,-335.0,-364.0,16,5.9
156.607,-6.6924,-0.1771,0.1997,-0.0145,-335.0,-364.0,16,5.9
156.616,-6.6906,-0.1642,0.1968,-0.0289,-335.0,-364.0,16,5.9
156.616,-6.6906,-0.1642,0.1968,-0.0289,-332.0,-347.0,16,5.9
156.666,-6.6906,-0.1642,0.1968,-0.0289,-332.0,-347.0,16,5.9
156.676,-6.6888,-0.1522,0.2142,-0.0289,-332.0,-347.0,16,5.9
156.676,-6.6888,-0.1522,0.2142,-0.0289,-327.0,-339.0,16,5.9
156.727,-6.6888,-0.1522,0.2142,-0.0289,-327.0,-339.0,16,5.9
156.736,-6.688,-0.147,0.165,-0.0144,-327.0,-339.0,16,5.9
156.736,-6.688,-0.147,0.165,-0.0144,-318.0,-330.0,16,5.9
156.786,-6.688,-0.147,0.165,-0.0144,-318.0,-330.0,16,5.9
156.796,-6.6863,-0.1359,0.1621,-0.0289,-318.0,-330.0,16,5.9
156.796,-6.6863,-0.1359,0.1621,-0.0289,-312.0,-320.0,16,5.9
156.846,-6.6863,-0.1359,0.1621,-0.0289,-312.0,-320.0,16,5.9
156.856,-6.6854,-0.1299,0.1592,-0.0145,-312.0,-320.0,16,5.9
156.856,-6.6854,-0.1299,0.1592,-0.0145,-303.0,-303.0,16,5.9
156.907,-6.6854,-0.1299,0.1592,-0.0145,-303.0,-303.0,16,5.9
156.916,-6.6839,-0.1196,0.1505,-0.0,-303.0,-303.0,16,5.9
156.916,-6.6839,-0.1196,0.1505,-0.0,-304.0,-292.0,16,5.9
156.966,-6.6839,-0.1196,0.1505,-0.0,-304.0,-292.0,16,5.9
156.976,-6.6816,-0.1041,0.1621,-0.0,-304.0,-292.0,16,5.9
156.976,-6.6816,-0.1041,0.1621,-0.0,-299.0,-281.0,16,5.9
157.026,-6.6816,-0.1041,0.1621,-0.0,-299.0,-281.0,16,5.9
157.036,-6.6809,-0.0989,0.1621,-0.0,-299.0,-281.0,16,5.9
157.036,-6.6809,-0.0989,0.1621,-0.0,-285.0,-272.0,16,5.9
157.086,-6.6809,-0.0989,0.1621,-0.0,-285.0,-272.0,16,5.9
157.096,-6.6795,-0.0895,0.1563,0.0289,-285.0,-272.0,16,5.9
157.096,-6.6795,-0.0895,0.1563,0.0289,-285.0,-272.0,16,5.9
157.146,-6.6795,-0.0895,0.1563,0.0289,-285.0,-272.0,16,5.9
157.156,-6.6787,-0.0843,0.1534,0.0145,-285.0,-272.0,16,5.9
157.156,-6.6787,-0.0843,0.1534,0.0145,-282.0,-266.0,16,5.9
157.206,-6.6787,-0.0843,0.1534,0.0145,-282.0,-266.0,16,5.9
157.216,-6.6773,-0.074,0.1535,0.0145,-282.0,-266.0,16,5.9
157.216,-6.6773,-0.074,0.1535,0.0145,-282.0,-255.0,16,5.9
157.266,-6.6773,-0.074,0.1535,0.0145,-282.0,-255.0,16,5.9
157.276,-6.6767,-0.0697,0.1158,0.029,-282.0,-255.0,16,5.9
157.276,-6.6767,-0.0697,0.1158,0.029,-284.0,-253.0,16,5.9
157.326,-6.6767,-0.0697,0.1158,0.029,-284.0,-253.0,16,5.9
157.336,-6.6754,-0.0603,0.1303,0.0434,-284.0,-253.0,16,5.9
157.336,-6.6754,-0.0603,0.1303,0.0434,-286.0,-248.0,16,5.9
157.386,-6.6754,-0.0603,0.1303,0.0434,-286.0,-248.0,16,5.9
157.396,-6.674,-0.0499,0.1331,0.029,-286.0,-248.0,16,5.9
157.396,-6.674,-0.0499,0.1331,0.029,-283.0,-250.0,16,5.9
157.446,-6.674,-0.0499,0.1331,0.029,-283.0,-250.0,16,5.9
157.456,-6.6734,-0.0456,0.1302,0.0434,-283.0,-250.0,16,5.9
157.456,-6.6734,-0.0456,0.1302,0.0434,-273.0,-249.0,16,5.9
157.507,-6.6734,-0.0456,0.1302,0.0434,-273.0,-249.0,16,5.9
157.516,-6.6716,-0.0318,0.1418,0.0434,-273.0,-249.0,16,5.9
157.516,-6.6716,-0.0318,0.1418,0.0434,-251.0,-244.0,16,5.9
157.566,-6.6716,-0.0318,0.1418,0.0434,-251.0,-244.0,16,5.9
157.576,-6.6704,-0.0224,0.1592,0.0434,-251.0,-244.0,16,5.9
157.576,-6.6704,-0.0224,0.1592,0.0434,-253.0,-241.0,16,5.9
157.627,-6.6704,-0.0224,0.1592,0.0434,-253.0,-241.0,16,5.9
157.635,-6.6698,-0.0181,0.1418,0.0145,-253.0,-241.0,16,5.9
157.636,-6.6698,-0.0181,0.1418,0.0145,-261.0,-237.0,16,5.9
157.686,-6.6698,-0.0181,0.1418,0.0145,-261.0,-237.0,16,5.9
157.696,-6.6686,-0.0086,0.1389,0.0289,-261.0,-237.0,16,5.9
157.696,-6.6686,-0.0086,0.1389,0.0289,-273.0,-237.0,16,6.0
157.746,-6.6686,-0.0086,0.1389,0.0289,-273.0,-237.0,16,6.0
157.756,-6.6681,-0.0043,0.1389,0.0289,-273.0,-237.0,16,6.0
157.756,-6.6681,-0.0043,0.1389,0.0289,-275.0,-241.0,16,5.9
157.807,-6.6681,-0.0043,0.1389,0.0289,-275.0,-241.0,16,5.9
157.815,-6.6669,0.0052,0.1245,0.0434,-275.0,-241.0,16,5.9
157.816,-6.6669,0.0052,0.1245,0.0434,-286.0,-249.0,16,6.0
157.866,-6.6669,0.0052,0.1245,0.0434,-286.0,-249.0,16,6.0
157.876,-6.6663,0.0104,0.11,0.0289,-286.0,-249.0,16,6.0
157.876,-6.6663,0.0104,0.11,0.0289,-283.0,-283.0,16,6.0
157.926,-6.6663,0.0104,0.11,0.0289,-283.0,-283.0,16,6.0
157.936,-6.665,0.0216,0.1331,0.029,-283.0,-283.0,16,6.0
157.936,-6.665,0.0216,0.1331,0.029,-294.0,-303.0,16,5.9
157.986,-6.665,0.0216,0.1331,0.029,-294.0,-303.0,16,5.9
157.996,-6.6638,0.0319,0.1361,0.0145,-294.0,-303.0,16,5.9
157.996,-6.6638,0.0319,0.1361,0.0145,-278.0,-310.0,16,5.9
158.046,-6.6638,0.0319,0.1361,0.0145,-278.0,-310.0,16,5.9
158.056,-6.6618,0.0475,0.1737,-0.0289,-278.0,-310.0,16,5.9
158.056,-6.6618,0.0475,0.1737,-0.0289,-256.0,-304.0,16,5.9
158.107,-6.6618,0.0475,0.1737,-0.0289,-256.0,-304.0,16,5.9
158.115,-6.6613,0.0518,0.1563,-0.0579,-256.0,-304.0,16,5.9
158.116,-6.6613,0.0518,0.1563,-0.0579,-244.0,-290.0,16,5.9
158.166,-6.6613,0.0518,0.1563,-0.0579,-244.0,-290.0,16,5.9
158.176,-6.66,0.0612,0.1708,-0.0724,-244.0,-290.0,16,5.9
158.176,-6.66,0.0612,0.1708,-0.0724,-220.0,-270.0,16,6.0
158.227,-6.66,0.0612,0.1708,-0.0724,-220.0,-270.0,16,6.0
158.236,-6.6594,0.0655,0.1476,-0.0434,-220.0,-270.0,16,6.0
158.236,-6.6594,0.0655,0.1476,-0.0434,-215.0,-251.0,16,5.9
158.286,-6.6594,0.0655,0.1476,-0.0434,-215.0,-251.0,16,5.9
158.296,-6.6583,0.0733,0.1389,-0.0579,-215.0,-251.0,16,5.9
158.296,-6.6583,0.0733,0.1389,-0.0579,-212.0,-233.0,16,5.9
158.346,-6.6583,0.0733,0.1389,-0.0579,-212.0,-233.0,16,5.9
158.356,-6.6577,0.0776,0.1013,-0.0434,-212.0,-233.0,16,5.9
158.356,-6.6577,0.0776,0.1013,-0.0434,-197.0,-219.0,16,5.9
158.407,-6.6577,0.0776,0.1013,-0.0434,-197.0,-219.0,16,5.9
158.416,-6.6567,0.0844,0.11,-0.0289,-197.0,-219.0,16,5.9
158.416,-6.6567,0.0844,0.11,-0.0289,-201.0,-206.0,16,6.0
158.466,-6.6567,0.0844,0.11,-0.0289,-201.0,-206.0,16,6.0
158.476,-6.6562,0.0879,0.0897,-0.0145,-201.0,-206.0,16,6.0
158.476,-6.6562,0.0879,0.0897,-0.0145,-194.0,-202.0,16,5.9
158.526,-6.6562,0.0879,0.0897,-0.0145,-194.0,-202.0,16,5.9
158.536,-6.6553,0.0948,0.0984,-0.0289,-194.0,-202.0,16,5.9
158.536,-6.6553,0.0948,0.0984,-0.0289,-179.0,-200.0,16,6.0
158.586,-6.6553,0.0948,0.0984,-0.0289,-179.0,-200.0,16,6.0
158.596,-6.6538,0.1051,0.1071,-0.0145,-179.0,-200.0,16,6.0
158.596,-6.6538,0.1051,0.1071,-0.0145,-172.0,-194.0,16,5.9
158.646,-6.6538,0.1051,0.1071,-0.0145,-172.0,-194.0,16,5.9
158.656,-6.6529,0.1111,0.1129,-0.0145,-172.0,-194.0,16,5.9
158.656,-6.6529,0.1111,0.1129,-0.0145,-173.0,-184.0,16,6.0
158.707,-6.6529,0.1111,0.1129,-0.0145,-173.0,-184.0,16,6.0
158.716,-6.6524,0.1145,0.1013,-0.0145,-173.0,-184.0,16,6.0
158.716,-6.6524,0.1145,0.1013,-0.0145,-170.0,-172.0,16,5.9
158.766,-6.6524,0.1145,0.1013,-0.0145,-170.0,-172.0,16,5.9
158.776,-6.6514,0.1214,0.1129,-0.0145,-170.0,-172.0,16,5.9
158.776,-6.6514,0.1214,0.1129,-0.0145,-172.0,-166.0,16,6.0
158.826,-6.6514,0.1214,0.1129,-0.0145,-172.0,-166.0,16,6.0
158.836,-6.6511,0.1231,0.0955,-0.0145,-172.0,-166.0,16,6.0
158.836,-6.6511,0.1231,0.0955,-0.0145,-167.0,-158.0,16,6.0
158.886,-6.6511,0.1231,0.0955,-0.0145,-167.0,-158.0,16,6.0
158.896,-6.6501,0.13,0.084,-0.0145,-167.0,-158.0,16,6.0
158.896,-6.6501,0.13,0.084,-0.0145,-160.0,-151.0,16,5.9
158.946,-6.6501,0.13,0.084,-0.0145,-160.0,-151.0,16,5.9
158.956,-6.6499,0.1317,0.0695,0.0,-160.0,-151.0,16,5.9
158.956,-6.6499,0.1317,0.0695,0.0,-142.0,-138.0,16,6.0
159.006,-6.6499,0.1317,0.0695,0.0,-142.0,-138.0,16,6.0
159.015,-6.6491,0.1369,0.0753,0.0,-142.0,-138.0,16,6.0
159.016,-6.6491,0.1369,0.0753,0.0,-141.0,-133.0,16,6.0
159.066,-6.6491,0.1369,0.0753,0.0,-141.0,-133.0,16,6.0
159.076,-6.6489,0.1386,0.0579,0.0,-141.0,-133.0,16,6.0
159.076,-6.6489,0.1386,0.0579,0.0,-109.0,-114.0,16,5.9
159.126,-6.6489,0.1386,0.0579,0.0,-109.0,-114.0,16,5.9
159.136,-6.6482,0.1429,0.0664,0.0143,-109.0,-114.0,16,5.9
159.137,-6.6482,0.1429,0.0664,0.0143,-71.0,-81.0,16,6.0
159.187,-6.6482,0.1429,0.0664,0.0143,-71.0,-81.0,16,6.0
159.196,-6.6481,0.1437,0.0462,-0.0004,-71.0,-81.0,16,6.0
159.196,-6.6481,0.1437,0.0462,-0.0004,-71.0,-53.0,16,5.9
159.247,-6.6481,0.1437,0.0462,-0.0004,-71.0,-53.0,16,5.9
159.256,-6.6481,0.1437,0.0404,-0.0004,-71.0,-53.0,16,5.9
159.257,-6.6481,0.1437,0.0404,-0.0004,-71.0,-53.0,16,6.0
159.307,-6.6481,0.1437,0.0404,-0.0004,-71.0,-53.0,16,6.0
159.316,-6.6481,0.1437,0.023,-0.0004,-71.0,-53.0,16,6.0
159.316,-6.6481,0.1437,0.023,-0.0004,0.0,0.0,16,6.0
159.366,-6.6481,0.1437,0.023,-0.0004,0.0,0.0,16,6.0
159.377,-6.6481,0.1437,0.0172,-0.0004,0.0,0.0,16,6.0
159.377,-6.6481,0.1437,0.0172,-0.0004,0.0,0.0,16,6.0
159.427,-6.6481,0.1437,0.0172,-0.0004,0.0,0.0,16,6.0
159.436,-6.6481,0.1437,0.0029,-0.0147,0.0,0.0,16,6.0
159.436,-6.6481,0.1437,0.0029,-0.0147,0.0,0.0,16,5.9
159.486,-6.6481,0.1437,0.0029,-0.0147,0.0,0.0,16,5.9
159.495,-6.6481,0.1437,0.0,0.0,0.0,0.0,16,5.9
159.496,-6.6481,0.1437,0.0,0.0,0.0,0.0,16,6.0
159.546,-6.6481,0.1437,0.0,0.0,0.0,0.0,16,6.0
159.557,-6.6481,0.1437,0.0,0.0,0.0,0.0,16,6.0
159.558,-6.6481,0.1437,0.0,0.0,0.0,0.0,16,5.9
159.608,-6.6481,0.1437,0.0,0.0,0.0,0.0,16,5.9
159.616,-6.6481,0.1437,0.0,0.0,0.0,0.0,16,5.9
159.616,-6.6481,0.1437,0.0,0.0,0.0,0.0,16,6.0
159.666,-6.6481,0.1437,0.0,0.0,0.0,0.0,16,6.0
159.676,-6.6481,0.1437,0.0,0.0,0.0,0.0,16,6.0
159.676,-6.6481,0.1437,0.0,0.0,0.0,0.0,16,5.9
159.726,-6.6481,0.1437,0.0,0.0,0.0,0.0,16,5.9
159.736,-6.6481,0.1437,0.0,0.0,0.0,0.0,16,5.9
159.736,-6.6481,0.1437,0.0,0.0,0.0,0.0,16,5.9
159.786,-6.6481,0.1437,0.0,0.0,0.0,0.0,16,5.9
159.796,-6.6481,0.1437,0.0,0.0,0.0,0.0,16,5.9
159.796,-6.6481,0.1437,0.0,0.0,0.0,0.0,16,5.9
159.847,-6.6481,0.1437,0.0,0.0,0.0,0.0,16,5.9
159.856,-6.6481,0.1437,0.0,0.0,0.0,0.0,16,5.9
159.857,-6.6481,0.1437,0.0,0.0,0.0,0.0,16,5.9
159.907,-6.6481,0.1437,0.0,0.0,0.0,0.0,16,5.9
159.916,-6.6481,0.1437,0.0,0.0,0.0,0.0,16,5.9
159.916,-6.6481,0.1437,0.0,0.0,0.0,0.0,16,5.9
159.966,-6.6481,0.1437,0.0,0.0,0.0,0.0,16,5.9
159.976,-6.6481,0.1437,0.0,0.0,0.0,0.0,16,5.9
159.977,-6.6481,0.1437,0.0,0.0,0.0,0.0,16,6.0
160.027,-6.6481,0.1437,0.0,0.0,0.0,0.0,16,6.0
160.036,-6.6481,0.1437,0.0,0.0,0.0,0.0,16,6.0
160.036,-6.6481,0.1437,0.0,0.0,0.0,0.0,16,5.9
160.086,-6.6481,0.1437,0.0,0.0,0.0,0.0,16,5.9
160.096,-6.6481,0.1437,0.0,0.0,0.0,0.0,16,5.9
160.096,-6.6481,0.1437,0.0,0.0,0.0,0.0,16,6.0
160.147,-6.6481,0.1437,0.0,0.0,0.0,0.0,16,6.0
160.156,-6.6481,0.1437,0.0,0.0,0.0,0.0,16,6.0
160.157,-6.6481,0.1437,0.0,0.0,0.0,0.0,16,5.9
160.207,-6.6481,0.1437,0.0,0.0,0.0,0.0,16,5.9
160.216,-6.6481,0.1437,0.0,0.0,0.0,0.0,16,5.9
160.216,-6.6481,0.1437,0.0,0.0,0.0,0.0,16,5.9
160.266,-6.6481,0.1437,0.0,0.0,0.0,0.0,16,5.9
160.276,-6.6481,0.1437,0.0,0.0,0.0,0.0,16,5.9
160.276,-6.6481,0.1437,0.0,0.0,0.0,0.0,16,6.0
160.326,-6.6481,0.1437,0.0,0.0,0.0,0.0,16,6.0
160.336,-6.6481,0.1437,0.0,0.0,0.0,0.0,16,6.0
160.336,-6.6481,0.1437,0.0,0.0,0.0,0.0,16,5.9
160.386,-6.6481,0.1437,0.0,0.0,0.0,0.0,16,5.9
160.396,-6.6481,0.1437,0.0,0.0,0.0,0.0,16,5.9
160.396,-6.6481,0.1437,0.0,0.0,0.0,0.0,16,5.9
160.446,-6.6481,0.1437,0.0,0.0,0.0,0.0,16,5.9
160.456,-6.6481,0.1437,0.0,0.0,0.0,0.0,16,5.9
160.457,-6.6481,0.1437,0.0,0.0,0.0,0.0,16,6.0
160.507,-6.6481,0.1437,0.0,0.0,0.0,0.0,16,6.0
160.516,-6.6481,0.1437,0.0,0.0,0.0,0.0,16,6.0
160.516,-6.6481,0.1437,0.0,0.0,0.0,0.0,16,5.9
160.566,-6.6481,0.1437,0.0,0.0,0.0,0.0,16,5.9
160.576,-6.6481,0.1437,0.0,0.0,0.0,0.0,16,5.9
160.576,-6.6481,0.1437,0.0,0.0,0.0,0.0,16,5.9
160.626,-6.6481,0.1437,0.0,0.0,0.0,0.0,16,5.9
160.635,-6.6481,0.1437,0.0,0.0,0.0,0.0,16,5.9
160.636,-6.6481,0.1437,0.0,0.0,0.0,0.0,16,5.9
160.686,-6.6481,0.1437,0.0,0.0,0.0,0.0,16,5.9
160.696,-6.6481,0.1437,0.0,0.0,0.0,0.0,16,5.9
160.696,-6.6481,0.1437,0.0,0.0,0.0,0.0,16,5.9
160.746,-6.6481,0.1437,0.0,0.0,0.0,0.0,16,5.9
160.756,-6.6481,0.1437,0.0,0.0,0.0,0.0,16,5.9
160.756,-6.6481,0.1437,0.0,0.0,0.0,0.0,16,5.9
160.806,-6.6481,0.1437,0.0,0.0,0.0,0.0,16,5.9
160.816,-6.6481,0.1437,0.0,0.0,0.0,0.0,16,5.9
160.816,-6.6481,0.1437,0.0,0.0,0.0,0.0,16,5.9
160.866,-6.6481,0.1437,0.0,0.0,0.0,0.0,16,5.9
160.866,-6.6481,0.1437,0.0,0.0,0.0,0.0,16,5.9
160.916,-6.6481,0.1437,0.0,0.0,0.0,0.0,16,5.9
160.926,-6.6481,0.1437,0.0,0.0,0.0,0.0,16,5.9
160.927,-6.6481,0.1437,0.0,0.0,0.0,0.0,16,6.0
160.977,-6.6481,0.1437,0.0,0.0,0.0,0.0,16,6.0
160.985,-6.6481,0.1437,0.0,0.0,0.0,0.0,16,6.0
160.986,-6.6481,0.1437,0.0,0.0,0.0,0.0,16,5.9
161.036,-6.6481,0.1437,0.0,0.0,0.0,0.0,16,5.9
161.036,-6.6481,0.1437,0.0,0.0,0.0,0.0,16,5.9
161.086,-6.6481,0.1437,0.0,0.0,0.0,0.0,16,5.9
161.096,-6.6481,0.1437,0.0,0.0,0.0,0.0,16,5.9
161.096,-6.6481,0.1437,0.0,0.0,0.0,0.0,16,5.9
161.146,-6.6481,0.1437,0.0,0.0,0.0,0.0,16,5.9
161.156,-6.6481,0.1437,0.0,0.0,0.0,0.0,16,5.9
161.156,-6.6481,0.1437,0.0,0.0,0.0,0.0,16,5.9
161.206,-6.6481,0.1437,0.0,0.0,0.0,0.0,16,5.9
161.216,-6.6481,0.1437,0.0,0.0,0.0,0.0,16,5.9
161.216,-6.6481,0.1437,0.0,0.0,0.0,0.0,16,5.9
161.266,-6.6481,0.1437,0.0,0.0,0.0,0.0,16,5.9
161.276,-6.6481,0.1437,0.0,0.0,0.0,0.0,16,5.9
161.276,-6.6481,0.1437,0.0,0.0,0.0,0.0,16,5.9
161.326,-6.6481,0.1437,0.0,0.0,0.0,0.0,16,5.9
161.336,-6.6481,0.1437,0.0,0.0,0.0,0.0,16,5.9
161.336,-6.6481,0.1437,0.0,0.0,0.0,0.0,16,5.9
161.386,-6.6481,0.1437,0.0,0.0,0.0,0.0,16,5.9
161.396,-6.6481,0.1437,0.0,0.0,0.0,0.0,16,5.9
161.396,-6.6481,0.1437,0.0,0.0,0.0,0.0,16,5.9
161.446,-6.6481,0.1437,0.0,0.0,0.0,0.0,16,5.9
161.456,-6.6481,0.1437,0.0,0.0,0.0,0.0,16,5.9
161.456,-6.6481,0.1437,0.0,0.0,0.0,0.0,16,5.9
161.506,-6.6481,0.1437,0.0,0.0,0.0,0.0,16,5.9
161.515,-6.6481,0.1437,0.0,0.0,0.0,0.0,16,5.9
161.515,-6.6481,0.1437,0.0,0.0,0.0,0.0,16,5.9
161.566,-6.6481,0.1437,0.0,0.0,0.0,0.0,16,5.9
161.576,-6.6481,0.1437,0.0,0.0,0.0,0.0,16,5.9
161.576,-6.6481,0.1437,0.0,0.0,0.0,0.0,16,5.9
161.626,-6.6481,0.1437,0.0,0.0,0.0,0.0,16,5.9
161.635,-6.6481,0.1437,0.0,0.0,0.0,0.0,16,5.9
161.635,-6.6481,0.1437,0.0,0.0,0.0,0.0,16,5.9
161.686,-6.6481,0.1437,0.0,0.0,0.0,0.0,16,5.9
161.696,-6.648,0.1446,0.0029,0.0144,0.0,0.0,16,5.9
161.696,-6.648,0.1446,0.0029,0.0144,-12.0,-13.0,16,5.9
161.746,-6.648,0.1446,0.0029,0.0144,-12.0,-13.0,16,5.9
161.755,-6.6479,0.1455,0.0058,-0.0001,-12.0,-13.0,16,5.9
161.756,-6.6479,0.1455,0.0058,-0.0001,-12.0,-13.0,16,5.9
161.806,-6.6479,0.1455,0.0058,-0.0001,-12.0,-13.0,16,5.9
161.816,-6.6479,0.1455,0.0058,-0.0001,-12.0,-13.0,16,5.9
161.816,-6.6479,0.1455,0.0058,-0.0001,-12.0,-13.0,16,5.9
161.867,-6.6479,0.1455,0.0058,-0.0001,-12.0,-13.0,16,5.9
161.876,-6.6479,0.1455,0.0058,-0.0001,-12.0,-13.0,16,5.9
161.876,-6.6479,0.1455,0.0058,-0.0001,-12.0,-13.0,16,5.9
161.926,-6.6479,0.1455,0.0058,-0.0001,-12.0,-13.0,16,5.9
161.936,-6.6477,0.1463,0.0087,-0.0145,-12.0,-13.0,16,5.9
161.936,-6.6477,0.1463,0.0087,-0.0145,0.0,-18.0,16,5.9
161.986,-6.6477,0.1463,0.0087,-0.0145,0.0,-18.0,16,5.9
161.996,-6.6476,0.1472,0.0087,-0.0145,0.0,-18.0,16,5.9
161.996,-6.6476,0.1472,0.0087,-0.0145,-12.0,-18.0,16,5.9
162.047,-6.6476,0.1472,0.0087,-0.0145,-12.0,-18.0,16,5.9
162.056,-6.6476,0.1472,0.0058,0.0,-12.0,-18.0,16,5.9
162.056,-6.6476,0.1472,0.0058,0.0,-12.0,0.0,16,5.9
162.106,-6.6476,0.1472,0.0058,0.0,-12.0,0.0,16,5.9
162.115,-6.6474,0.1489,0.0116,0.0,-12.0,0.0,16,5.9
162.116,-6.6474,0.1489,0.0116,0.0,-23.0,-14.0,16,5.9
162.166,-6.6474,0.1489,0.0116,0.0,-23.0,-14.0,16,5.9
162.176,-6.6472,0.1498,0.0145,-0.0144,-23.0,-14.0,16,5.9
162.176,-6.6472,0.1498,0.0145,-0.0144,-23.0,-14.0,16,5.9
162.227,-6.6472,0.1498,0.0145,-0.0144,-23.0,-14.0,16,5.9
162.236,-6.6472,0.1498,0.0116,0.0001,-23.0,-14.0,16,5.9
162.236,-6.6472,0.1498,0.0116,0.0001,-23.0,-47.0,16,5.9
162.286,-6.6472,0.1498,0.0116,0.0001,-23.0,-47.0,16,5.9
162.297,-6.647,0.1515,0.0144,-0.0144,-23.0,-47.0,16,5.9
162.297,-6.647,0.1515,0.0144,-0.0144,-50.0,-33.0,16,5.9
162.347,-6.647,0.1515,0.0144,-0.0144,-50.0,-33.0,16,5.9
162.356,-6.6468,0.1523,0.0173,0.0002,-50.0,-33.0,16,5.9
162.356,-6.6468,0.1523,0.0173,0.0002,-50.0,-33.0,16,5.9
162.407,-6.6468,0.1523,0.0173,0.0002,-50.0,-33.0,16,5.9
162.416,-6.6466,0.154,0.0173,0.0002,-50.0,-33.0,16,5.9
162.416,-6.6466,0.154,0.0173,0.0002,-48.0,-35.0,16,5.9
162.466,-6.6466,0.154,0.0173,0.0002,-48.0,-35.0,16,5.9
162.476,-6.6465,0.1549,0.0174,0.0291,-48.0,-35.0,16,5.9
162.476,-6.6465,0.1549,0.0174,0.0291,-60.0,-35.0,16,5.9
162.526,-6.6465,0.1549,0.0174,0.0291,-60.0,-35.0,16,5.9
162.536,-6.6462,0.1566,0.0231,0.0291,-60.0,-35.0,16,5.9
162.536,-6.6462,0.1566,0.0231,0.0291,-45.0,-37.0,16,5.9
162.586,-6.6462,0.1566,0.0231,0.0291,-45.0,-37.0,16,5.9
162.595,-6.6458,0.1592,0.0261,0.0146,-45.0,-37.0,16,5.9
162.596,-6.6458,0.1592,0.0261,0.0146,-38.0,-55.0,16,5.9
162.646,-6.6458,0.1592,0.0261,0.0146,-38.0,-55.0,16,5.9
162.656,-6.6456,0.1609,0.029,-0.0,-38.0,-55.0,16,5.9
162.656,-6.6456,0.1609,0.029,-0.0,-52.0,-55.0,16,5.9
162.707,-6.6456,0.1609,0.029,-0.0,-52.0,-55.0,16,5.9
162.716,-6.6455,0.1618,0.0261,0.0145,-52.0,-55.0,16,5.9
162.716,-6.6455,0.1618,0.0261,0.0145,-63.0,-63.0,16,5.9
162.766,-6.6455,0.1618,0.0261,0.0145,-63.0,-63.0,16,5.9
162.777,-6.6451,0.1644,0.0317,-0.0143,-63.0,-63.0,16,5.9
162.777,-6.6451,0.1644,0.0317,-0.0143,-72.0,-63.0,16,5.9
162.827,-6.6451,0.1644,0.0317,-0.0143,-72.0,-63.0,16,5.9
162.836,-6.6448,0.1661,0.0318,-0.0143,-72.0,-63.0,16,5.9
162.836,-6.6448,0.1661,0.0318,-0.0143,-88.0,-74.0,16,5.9
162.886,-6.6448,0.1661,0.0318,-0.0143,-88.0,-74.0,16,5.9
162.896,-6.6445,0.1687,0.0318,0.0147,-88.0,-74.0,16,5.9
162.896,-6.6445,0.1687,0.0318,0.0147,-104.0,-91.0,16,5.9
162.947,-6.6445,0.1687,0.0318,0.0147,-104.0,-91.0,16,5.9
162.956,-6.6441,0.1712,0.0347,0.0292,-104.0,-91.0,16,5.9
162.956,-6.6441,0.1712,0.0347,0.0292,-99.0,-99.0,16,5.9
163.006,-6.6441,0.1712,0.0347,0.0292,-99.0,-99.0,16,5.9
163.016,-6.6435,0.1755,0.0463,0.0002,-99.0,-99.0,16,5.9
163.016,-6.6435,0.1755,0.0463,0.0002,-105.0,-115.0,16,5.9
163.066,-6.6435,0.1755,0.0463,0.0002,-105.0,-115.0,16,5.9
163.076,-6.643,0.179,0.0493,0.0145,-105.0,-115.0,16,5.9
163.076,-6.643,0.179,0.0493,0.0145,-112.0,-123.0,16,5.9
163.126,-6.643,0.179,0.0493,0.0145,-112.0,-123.0,16,5.9
163.136,-6.642,0.1859,0.0666,0.0145,-112.0,-123.0,16,5.9
163.136,-6.642,0.1859,0.0666,0.0145,-117.0,-125.0,16,5.9
163.186,-6.642,0.1859,0.0666,0.0145,-117.0,-125.0,16,5.9
163.195,-6.6416,0.1884,0.0666,-0.0145,-117.0,-125.0,16,5.9
163.196,-6.6416,0.1884,0.0666,-0.0145,-121.0,-132.0,16,5.9
163.246,-6.6416,0.1884,0.0666,-0.0145,-121.0,-132.0,16,5.9
163.256,-6.6409,0.1936,0.0752,-0.0289,-121.0,-132.0,16,5.9
163.256,-6.6409,0.1936,0.0752,-0.0289,-120.0,-135.0,16,5.9
163.306,-6.6409,0.1936,0.0752,-0.0289,-120.0,-135.0,16,5.9
163.316,-6.6406,0.1953,0.0666,-0.0145,-120.0,-135.0,16,5.9
163.316,-6.6406,0.1953,0.0666,-0.0145,-121.0,-143.0,16,5.9
163.366,-6.6406,0.1953,0.0666,-0.0145,-121.0,-143.0,16,5.9
163.376,-6.6398,0.2005,0.0724,-0.0145,-121.0,-143.0,16,5.9
163.376,-6.6398,0.2005,0.0724,-0.0145,-117.0,-143.0,16,5.9
163.426,-6.6398,0.2005,0.0724,-0.0145,-117.0,-143.0,16,5.9
163.435,-6.6395,0.203,0.0579,-0.029,-117.0,-143.0,16,5.9
163.435,-6.6395,0.203,0.0579,-0.029,-124.0,-153.0,16,5.9
163.486,-6.6395,0.203,0.0579,-0.029,-124.0,-153.0,16,5.9
163.495,-6.6387,0.2082,0.0665,-0.0145,-124.0,-153.0,16,5.9
163.495,-6.6387,0.2082,0.0665,-0.0145,-126.0,-153.0,16,5.9
163.546,-6.6387,0.2082,0.0665,-0.0145,-126.0,-153.0,16,5.9
163.555,-6.6383,0.2108,0.0579,-0.029,-126.0,-153.0,16,5.9
163.555,-6.6383,0.2108,0.0579,-0.029,-134.0,-159.0,16,5.9
163.606,-6.6383,0.2108,0.0579,-0.029,-134.0,-159.0,16,5.9
163.615,-6.6375,0.2159,0.0695,-0.029,-134.0,-159.0,16,5.9
163.615,-6.6375,0.2159,0.0695,-0.029,-142.0,-154.0,16,5.9
163.666,-6.6375,0.2159,0.0695,-0.029,-142.0,-154.0,16,5.9
163.675,-6.6361,0.2245,0.081,-0.029,-142.0,-154.0,16,5.9
163.676,-6.6361,0.2245,0.081,-0.029,-144.0,-154.0,16,5.9
163.726,-6.6361,0.2245,0.081,-0.029,-144.0,-154.0,16,5.9
163.736,-6.6355,0.2288,0.0868,-0.0289,-144.0,-154.0,16,5.9
163.736,-6.6355,0.2288,0.0868,-0.0289,-131.0,-153.0,16,5.9
163.786,-6.6355,0.2288,0.0868,-0.0289,-131.0,-153.0,16,5.9
163.796,-6.6349,0.2322,0.081,-0.0289,-131.0,-153.0,16,5.9
163.796,-6.6349,0.2322,0.081,-0.0289,-116.0,-150.0,16,5.9
163.846,-6.6349,0.2322,0.081,-0.0289,-116.0,-150.0,16,5.9
163.855,-6.6342,0.2365,0.0868,-0.029,-116.0,-150.0,16,5.9
163.856,-6.6342,0.2365,0.0868,-0.029,-110.0,-145.0,16,5.9
163.906,-6.6342,0.2365,0.0868,-0.029,-110.0,-145.0,16,5.9
163.915,-6.6339,0.2382,0.0753,-0.029,-110.0,-145.0,16,5.9
163.916,-6.6339,0.2382,0.0753,-0.029,-103.0,-130.0,16,5.9
163.966,-6.6339,0.2382,0.0753,-0.029,-103.0,-130.0,16,5.9
163.976,-6.6332,0.2425,0.0608,-0.0434,-103.0,-130.0,16,5.9
163.976,-6.6332,0.2425,0.0608,-0.0434,-97.0,-124.0,16,5.9
164.027,-6.6332,0.2425,0.0608,-0.0434,-97.0,-124.0,16,5.9
164.036,-6.6329,0.2442,0.0521,-0.029,-97.0,-124.0,16,5.9
164.036,-6.6329,0.2442,0.0521,-0.029,-99.0,-122.0,16,5.9
164.086,-6.6329,0.2442,0.0521,-0.029,-99.0,-122.0,16,5.9
164.096,-6.6323,0.2476,0.0521,-0.029,-99.0,-122.0,16,5.9
164.096,-6.6323,0.2476,0.0521,-0.029,-95.0,-100.0,16,5.9
164.146,-6.632,0.2493,0.0446,-0.0145,-95.0,-100.0,16,5.9
164.146,-6.632,0.2493,0.0446,-0.0145,-97.0,-92.0,16,5.9
164.197,-6.632,0.2493,0.0446,-0.0145,-97.0,-92.0,16,5.9
164.206,-6.6315,0.2528,0.0504,-0.0145,-97.0,-92.0,16,5.9
164.206,-6.6315,0.2528,0.0504,-0.0145,-82.0,-90.0,16,6.0
164.256,-6.631,0.2553,0.0463,-0.0173,-82.0,-90.0,16,6.0
164.256,-6.631,0.2553,0.0463,-0.0173,-70.0,-91.0,16,5.9
164.306,-6.631,0.2553,0.0463,-0.0173,-70.0,-91.0,16,5.9
164.316,-6.6307,0.257,0.0463,-0.0173,-70.0,-91.0,16,5.9
164.317,-6.6307,0.257,0.0463,-0.0173,-67.0,-87.0,16,5.9
164.367,-6.6307,0.257,0.0463,-0.0173,-67.0,-87.0,16,5.9
164.377,-6.63,0.2613,0.0492,-0.0318,-67.0,-87.0,16,5.9
164.377,-6.63,0.2613,0.0492,-0.0318,-79.0,-86.0,16,5.9
164.428,-6.63,0.2613,0.0492,-0.0318,-79.0,-86.0,16,5.9
164.436,-6.6294,0.2647,0.0539,-0.0318,-79.0,-86.0,16,5.9
164.436,-6.6294,0.2647,0.0539,-0.0318,-86.0,-85.0,16,5.9
164.487,-6.6294,0.2647,0.0539,-0.0318,-86.0,-85.0,16,5.9
164.496,-6.6292,0.2656,0.0451,-0.0173,-86.0,-85.0,16,5.9
164.496,-6.6292,0.2656,0.0451,-0.0173,-80.0,-91.0,16,5.9
164.547,-6.6292,0.2656,0.0451,-0.0173,-80.0,-91.0,16,5.9
164.556,-6.6286,0.269,0.0463,-0.0,-80.0,-91.0,16,5.9
164.557,-6.6286,0.269,0.0463,-0.0,-77.0,-92.0,16,5.9
164.607,-6.6286,0.269,0.0463,-0.0,-77.0,-92.0,16,5.9
164.616,-6.6285,0.2699,0.0435,-0.0145,-77.0,-92.0,16,5.9
164.616,-6.6285,0.2699,0.0435,-0.0145,-67.0,-94.0,16,5.9
164.666,-6.6285,0.2699,0.0435,-0.0145,-67.0,-94.0,16,5.9
164.676,-6.6279,0.2733,0.0405,0.0,-67.0,-94.0,16,5.9
164.676,-6.6279,0.2733,0.0405,0.0,-67.0,-82.0,16,5.9
164.727,-6.6279,0.2733,0.0405,0.0,-67.0,-82.0,16,5.9
164.736,-6.6277,0.2741,0.0318,-0.0144,-67.0,-82.0,16,5.9
164.736,-6.6277,0.2741,0.0318,-0.0144,-58.0,-72.0,16,5.9
164.786,-6.6277,0.2741,0.0318,-0.0144,-58.0,-72.0,16,5.9
164.796,-6.6274,0.2759,0.0347,-0.0289,-58.0,-72.0,16,5.9
164.797,-6.6274,0.2759,0.0347,-0.0289,-53.0,-58.0,16,5.9
164.847,-6.6274,0.2759,0.0347,-0.0289,-53.0,-58.0,16,5.9
164.857,-6.6274,0.2759,0.0232,-0.0289,-53.0,-58.0,16,5.9
164.857,-6.6274,0.2759,0.0232,-0.0289,-53.0,-58.0,16,5.9
164.908,-6.6274,0.2759,0.0232,-0.0289,-53.0,-58.0,16,5.9
164.916,-6.6272,0.2767,0.0232,0.0,-53.0,-58.0,16,5.9
164.916,-6.6272,0.2767,0.0232,0.0,-34.0,0.0,16,5.9
164.966,-6.6272,0.2767,0.0232,0.0,-34.0,0.0,16,5.9
164.976,-6.6272,0.2767,0.0116,0.0,-34.0,0.0,16,5.9
164.976,-6.6272,0.2767,0.0116,0.0,0.0,0.0,16,5.9
165.027,-6.6272,0.2767,0.0116,0.0,0.0,0.0,16,5.9
165.036,-6.6272,0.2767,0.0087,0.0145,0.0,0.0,16,5.9
165.036,-6.6272,0.2767,0.0087,0.0145,0.0,0.0,16,5.9
165.086,-6.6272,0.2767,0.0087,0.0145,0.0,0.0,16,5.9
165.096,-6.6272,0.2767,0.0029,0.0145,0.0,0.0,16,5.9
165.096,-6.6272,0.2767,0.0029,0.0145,0.0,0.0,16,5.9
165.146,-6.6272,0.2767,0.0029,0.0145,0.0,0.0,16,5.9
165.156,-6.6272,0.2767,0.0029,0.0145,0.0,0.0,16,5.9
165.156,-6.6272,0.2767,0.0029,0.0145,0.0,0.0,16,5.9
165.206,-6.6272,0.2767,0.0029,0.0145,0.0,0.0,16,5.9
165.216,-6.6272,0.2767,0.0,0.0,0.0,0.0,16,5.9
165.216,-6.6272,0.2767,0.0,0.0,0.0,0.0,16,5.9
165.266,-6.6272,0.2767,0.0,0.0,0.0,0.0,16,5.9
165.276,-6.6272,0.2767,0.0,0.0,0.0,0.0,16,5.9
165.276,-6.6272,0.2767,0.0,0.0,0.0,0.0,16,5.9
165.326,-6.6272,0.2767,0.0,0.0,0.0,0.0,16,5.9
165.336,-6.6272,0.2767,0.0,0.0,0.0,0.0,16,5.9
165.336,-6.6272,0.2767,0.0,0.0,0.0,0.0,16,5.9
165.386,-6.6272,0.2767,0.0,0.0,0.0,0.0,16,5.9
165.396,-6.6272,0.2767,0.0,0.0,0.0,0.0,16,5.9
165.396,-6.6272,0.2767,0.0,0.0,0.0,0.0,16,5.9
165.446,-6.6272,0.2767,0.0,0.0,0.0,0.0,16,5.9
165.455,-6.6272,0.2767,0.0,0.0,0.0,0.0,16,5.9
165.456,-6.6272,0.2767,0.0,0.0,0.0,0.0,16,5.9
165.506,-6.6272,0.2767,0.0,0.0,0.0,0.0,16,5.9
165.516,-6.6272,0.2767,0.0,0.0,0.0,0.0,16,5.9
165.516,-6.6272,0.2767,0.0,0.0,0.0,0.0,16,5.9
165.566,-6.6272,0.2767,0.0,0.0,0.0,0.0,16,5.9
165.576,-6.6272,0.2767,0.0,0.0,0.0,0.0,16,5.9
165.576,-6.6272,0.2767,0.0,0.0,0.0,0.0,16,5.9
165.626,-6.6272,0.2767,0.0,0.0,0.0,0.0,16,5.9
165.636,-6.6272,0.2767,0.0,0.0,0.0,0.0,16,5.9
165.636,-6.6272,0.2767,0.0,0.0,0.0,0.0,16,5.9
165.686,-6.6272,0.2767,0.0,0.0,0.0,0.0,16,5.9
165.696,-6.6272,0.2767,0.0,0.0,0.0,0.0,16,5.9
165.696,-6.6272,0.2767,0.0,0.0,0.0,0.0,16,5.9
165.746,-6.6272,0.2767,0.0,0.0,0.0,0.0,16,5.9
165.756,-6.6272,0.2767,0.0,0.0,0.0,0.0,16,5.9
165.756,-6.6272,0.2767,0.0,0.0,0.0,0.0,16,5.9
165.806,-6.6272,0.2767,0.0,0.0,0.0,0.0,16,5.9
165.817,-6.6272,0.2767,0.0,0.0,0.0,0.0,16,5.9
165.818,-6.6272,0.2767,0.0,0.0,0.0,0.0,16,5.9
165.868,-6.6272,0.2767,0.0,0.0,0.0,0.0,16,5.9
165.876,-6.6272,0.2767,0.0,0.0,0.0,0.0,16,5.9
165.876,-6.6272,0.2767,0.0,0.0,0.0,0.0,16,5.9
165.926,-6.6272,0.2767,0.0,0.0,0.0,0.0,16,5.9
165.936,-6.6272,0.2767,0.0,0.0,0.0,0.0,16,5.9
165.936,-6.6272,0.2767,0.0,0.0,0.0,0.0,16,5.9
165.986,-6.6272,0.2767,0.0,0.0,0.0,0.0,16,5.9
165.995,-6.6272,0.2767,0.0,0.0,0.0,0.0,16,5.9
165.996,-6.6272,0.2767,0.0,0.0,0.0,0.0,16,5.9
166.046,-6.6272,0.2767,0.0,0.0,0.0,0.0,16,5.9
166.056,-6.6272,0.2767,0.0,0.0,0.0,0.0,16,5.9
166.056,-6.6272,0.2767,0.0,0.0,0.0,0.0,16,5.9
166.106,-6.6272,0.2767,0.0,0.0,0.0,0.0,16,5.9
166.115,-6.6272,0.2767,0.0,0.0,0.0,0.0,16,5.9
166.116,-6.6272,0.2767,0.0,0.0,0.0,0.0,16,5.9
166.166,-6.6272,0.2767,0.0,0.0,0.0,0.0,16,5.9
166.176,-6.6272,0.2767,0.0,0.0,0.0,0.0,16,5.9
166.176,-6.6272,0.2767,0.0,0.0,0.0,0.0,16,5.9
166.226,-6.6272,0.2767,0.0,0.0,0.0,0.0,16,5.9
166.236,-6.6272,0.2767,0.0,0.0,0.0,0.0,16,5.9
166.236,-6.6272,0.2767,0.0,0.0,0.0,0.0,16,5.9
166.286,-6.6272,0.2767,0.0,0.0,0.0,0.0,16,5.9
166.296,-6.6272,0.2767,0.0,0.0,0.0,0.0,16,5.9
166.296,-6.6272,0.2767,0.0,0.0,0.0,0.0,16,5.9
166.347,-6.6272,0.2767,0.0,0.0,0.0,0.0,16,5.9
166.356,-6.6272,0.2767,0.0,0.0,0.0,0.0,16,5.9
166.356,-6.6272,0.2767,0.0,0.0,0.0,0.0,16,5.9
166.406,-6.6272,0.2767,0.0,0.0,0.0,0.0,16,5.9
166.416,-6.6272,0.2767,0.0,0.0,0.0,0.0,16,5.9
166.416,-6.6272,0.2767,0.0,0.0,0.0,0.0,16,5.9
166.466,-6.6272,0.2767,0.0,0.0,0.0,0.0,16,5.9
166.476,-6.6272,0.2767,0.0,0.0,0.0,0.0,16,5.9
166.476,-6.6272,0.2767,0.0,0.0,0.0,0.0,16,5.9
166.527,-6.6272,0.2767,0.0,0.0,0.0,0.0,16,5.9
166.536,-6.6272,0.2767,0.0,0.0,0.0,0.0,16,5.9
166.536,-6.6272,0.2767,0.0,0.0,0.0,0.0,16,5.9
166.586,-6.6272,0.2767,0.0,0.0,0.0,0.0,16,5.9
166.596,-6.6272,0.2767,0.0,0.0,0.0,0.0,16,5.9
166.596,-6.6272,0.2767,0.0,0.0,0.0,0.0,16,5.9
166.646,-6.6272,0.2767,0.0,0.0,0.0,0.0,16,5.9
166.656,-6.6272,0.2767,0.0,0.0,0.0,0.0,16,5.9
166.656,-6.6272,0.2767,0.0,0.0,0.0,0.0,16,5.9
166.706,-6.6272,0.2767,0.0,0.0,0.0,0.0,16,5.9
166.716,-6.6272,0.2767,0.0,0.0,0.0,0.0,16,5.9
166.716,-6.6272,0.2767,0.0,0.0,0.0,0.0,16,5.9
166.766,-6.6272,0.2767,0.0,0.0,0.0,0.0,16,5.9
166.777,-6.6272,0.2767,0.0,0.0,0.0,0.0,16,5.9
166.777,-6.6272,0.2767,0.0,0.0,0.0,0.0,16,5.9
166.828,-6.6272,0.2767,0.0,0.0,0.0,0.0,16,5.9
166.836,-6.6272,0.2767,0.0,0.0,0.0,0.0,16,5.9
166.837,-6.6272,0.2767,0.0,0.0,0.0,0.0,16,5.9
166.887,-6.6272,0.2767,0.0,0.0,0.0,0.0,16,5.9
166.896,-6.6272,0.2767,0.0,0.0,0.0,0.0,16,5.9
166.896,-6.6272,0.2767,0.0,0.0,0.0,0.0,16,5.9
166.946,-6.6272,0.2767,0.0,0.0,0.0,0.0,16,5.9
166.956,-6.6272,0.2767,0.0,0.0,0.0,0.0,16,5.9
166.957,-6.6272,0.2767,0.0,0.0,0.0,0.0,16,5.9
167.007,-6.6272,0.2767,0.0,0.0,0.0,0.0,16,5.9
167.016,-6.6272,0.2767,0.0,0.0,0.0,0.0,16,5.9
167.016,-6.6272,0.2767,0.0,0.0,0.0,0.0,16,5.9
167.066,-6.6272,0.2767,0.0,0.0,0.0,0.0,16,5.9
167.076,-6.6272,0.2767,0.0,0.0,0.0,0.0,16,5.9
167.076,-6.6272,0.2767,0.0,0.0,0.0,0.0,16,5.9
167.126,-6.6272,0.2767,0.0,0.0,0.0,0.0,16,5.9
167.136,-6.6272,0.2767,0.0,0.0,0.0,0.0,16,5.9
167.136,-6.6272,0.2767,0.0,0.0,0.0,0.0,16,5.9
167.186,-6.6272,0.2767,0.0,0.0,0.0,0.0,16,5.9
167.196,-6.6272,0.2767,0.0,0.0,0.0,0.0,16,5.9
167.196,-6.6272,0.2767,0.0,0.0,0.0,0.0,16,5.9
167.246,-6.6272,0.2767,0.0,0.0,0.0,0.0,16,5.9
167.256,-6.6272,0.2767,0.0,0.0,0.0,0.0,16,5.9
167.256,-6.6272,0.2767,0.0,0.0,0.0,0.0,16,5.9
167.306,-6.6272,0.2767,0.0,0.0,0.0,0.0,16,5.9
167.316,-6.6272,0.2767,0.0,0.0,0.0,0.0,16,5.9
167.316,-6.6272,0.2767,0.0,0.0,0.0,0.0,16,5.9
167.366,-6.6272,0.2767,0.0,0.0,0.0,0.0,16,5.9
167.376,-6.6272,0.2767,0.0,0.0,0.0,0.0,16,5.9
167.376,-6.6272,0.2767,0.0,0.0,0.0,0.0,16,5.9
167.426,-6.6272,0.2767,0.0,0.0,0.0,0.0,16,5.9
167.436,-6.6272,0.2767,0.0,0.0,0.0,0.0,16,5.9
167.436,-6.6272,0.2767,0.0,0.0,0.0,0.0,16,5.9
167.486,-6.6272,0.2767,0.0,0.0,0.0,0.0,16,5.9
167.495,-6.6272,0.2767,0.0,0.0,0.0,0.0,16,5.9
167.496,-6.6272,0.2767,0.0,0.0,0.0,0.0,16,5.9
167.546,-6.6272,0.2767,0.0,0.0,0.0,0.0,16,5.9
167.555,-6.6272,0.2767,0.0,0.0,0.0,0.0,16,5.9
167.556,-6.6272,0.2767,0.0,0.0,0.0,0.0,16,5.9
167.606,-6.6272,0.2767,0.0,0.0,0.0,0.0,16,5.9
167.615,-6.6272,0.2767,0.0,0.0,0.0,0.0,16,5.9
167.616,-6.6272,0.2767,0.0,0.0,0.0,0.0,16,5.9
167.666,-6.6272,0.2767,0.0,0.0,0.0,0.0,16,5.9
167.676,-6.6272,0.2767,0.0,0.0,0.0,0.0,16,5.9
167.676,-6.6272,0.2767,0.0,0.0,0.0,0.0,16,5.9
167.727,-6.6272,0.2767,0.0,0.0,0.0,0.0,16,5.9
167.736,-6.6272,0.2767,0.0,0.0,0.0,0.0,16,5.9
167.736,-6.6272,0.2767,0.0,0.0,0.0,0.0,16,5.9
167.786,-6.6272,0.2767,0.0,0.0,0.0,0.0,16,5.9
167.796,-6.6272,0.2767,0.0,0.0,0.0,0.0,16,5.9
167.796,-6.6272,0.2767,0.0,0.0,0.0,0.0,16,5.9
167.846,-6.6272,0.2767,0.0,0.0,0.0,0.0,16,5.9
167.856,-6.6272,0.2767,0.0,0.0,0.0,0.0,16,5.9
167.856,-6.6272,0.2767,0.0,0.0,0.0,0.0,16,5.9
167.906,-6.6272,0.2767,0.0,0.0,0.0,0.0,16,5.9
167.915,-6.6272,0.2767,0.0,0.0,0.0,0.0,16,5.9
167.916,-6.6272,0.2767,0.0,0.0,0.0,0.0,16,5.9
167.966,-6.6272,0.2767,0.0,0.0,0.0,0.0,16,5.9
167.976,-6.6272,0.2767,0.0,0.0,0.0,0.0,16,5.9
167.976,-6.6272,0.2767,0.0,0.0,0.0,0.0,16,5.9
168.027,-6.6272,0.2767,0.0,0.0,0.0,0.0,16,5.9
168.035,-6.6272,0.2767,0.0,0.0,0.0,0.0,16,5.9
168.036,-6.6272,0.2767,0.0,0.0,0.0,0.0,16,5.9
168.086,-6.6272,0.2767,0.0,0.0,0.0,0.0,16,5.9
168.095,-6.6272,0.2767,0.0,0.0,0.0,0.0,16,5.9
168.096,-6.6272,0.2767,0.0,0.0,0.0,0.0,16,5.9
168.146,-6.6272,0.2767,0.0,0.0,0.0,0.0,16,5.9
168.156,-6.6272,0.2767,0.0,0.0,0.0,0.0,16,5.9
168.156,-6.6272,0.2767,0.0,0.0,0.0,0.0,16,5.9
168.206,-6.6272,0.2767,0.0,0.0,0.0,0.0,16,5.9
168.216,-6.6272,0.2767,0.0,0.0,0.0,0.0,16,5.9
168.216,-6.6272,0.2767,0.0,0.0,0.0,0.0,16,5.9
168.266,-6.6272,0.2767,0.0,0.0,0.0,0.0,16,5.9
168.276,-6.6272,0.2767,0.0,0.0,0.0,0.0,16,5.9
168.276,-6.6272,0.2767,0.0,0.0,0.0,0.0,16,5.9
168.326,-6.6272,0.2767,0.0,0.0,0.0,0.0,16,5.9
168.335,-6.6272,0.2767,0.0,0.0,0.0,0.0,16,5.9
168.336,-6.6272,0.2767,0.0,0.0,0.0,0.0,16,5.9
168.385,-6.6272,0.2767,0.0,0.0,0.0,0.0,16,5.9
168.386,-6.6272,0.2767,0.0,0.0,0.0,0.0,16,5.9
168.436,-6.6272,0.2767,0.0,0.0,0.0,0.0,16,5.9
168.445,-6.6272,0.2767,0.0,0.0,0.0,0.0,16,5.9
168.445,-6.6272,0.2767,0.0,0.0,0.0,0.0,16,5.9
168.496,-6.6272,0.2767,0.0,0.0,0.0,0.0,16,5.9
168.496,-6.6272,0.2767,0.0,0.0,0.0,0.0,16,5.9
168.546,-6.6272,0.2767,0.0,0.0,0.0,0.0,16,5.9
168.556,-6.6272,0.2767,0.0,0.0,0.0,0.0,16,5.9
168.556,-6.6272,0.2767,0.0,0.0,0.0,0.0,16,5.9
168.606,-6.6272,0.2767,0.0,0.0,0.0,0.0,16,5.9
168.616,-6.6272,0.2767,0.0,0.0,0.0,0.0,16,5.9
168.616,-6.6272,0.2767,0.0,0.0,0.0,0.0,16,5.9
168.666,-6.6272,0.2767,0.0,0.0,0.0,0.0,16,5.9
168.676,-6.6272,0.2767,0.0,0.0,0.0,0.0,16,5.9
168.676,-6.6272,0.2767,0.0,0.0,0.0,0.0,16,5.9
168.726,-6.6272,0.2767,0.0,0.0,0.0,0.0,16,5.9
168.736,-6.6272,0.2767,0.0,0.0,0.0,0.0,16,5.9
168.736,-6.6272,0.2767,0.0,0.0,0.0,0.0,16,5.9
168.786,-6.6272,0.2767,0.0,0.0,0.0,0.0,16,5.9
168.798,-6.6272,0.2767,0.0,0.0,0.0,0.0,16,5.9
168.799,-6.6272,0.2767,0.0,0.0,0.0,0.0,16,5.9
168.849,-6.6272,0.2767,0.0,0.0,0.0,0.0,16,5.9
168.856,-6.6272,0.2767,0.0,0.0,0.0,0.0,16,5.9
168.856,-6.6272,0.2767,0.0,0.0,0.0,0.0,16,5.9
168.906,-6.6272,0.2767,0.0,0.0,0.0,0.0,16,5.9
168.916,-6.6272,0.2767,0.0,0.0,0.0,0.0,16,5.9
168.916,-6.6272,0.2767,0.0,0.0,0.0,0.0,16,5.9
168.966,-6.6272,0.2767,0.0,0.0,0.0,0.0,16,5.9
168.975,-6.6272,0.2767,0.0,0.0,0.0,0.0,16,5.9
168.976,-6.6272,0.2767,0.0,0.0,0.0,0.0,16,5.9
169.026,-6.6272,0.2767,0.0,0.0,0.0,0.0,16,5.9
169.036,-6.6272,0.2767,0.0,0.0,0.0,0.0,16,5.9
169.036,-6.6272,0.2767,0.0,0.0,0.0,0.0,16,5.9
169.086,-6.6272,0.2767,0.0,0.0,0.0,0.0,16,5.9
169.086,-6.6272,0.2767,0.0,0.0,0.0,0.0,16,5.9
169.136,-6.6272,0.2767,0.0,0.0,0.0,0.0,16,5.9
169.146,-6.6272,0.2767,0.0,0.0,0.0,0.0,16,5.9
169.146,-6.6272,0.2767,0.0,0.0,0.0,0.0,16,5.9
169.196,-6.6272,0.2767,0.0,0.0,0.0,0.0,16,5.9
169.196,-6.6272,0.2767,0.0,0.0,0.0,0.0,16,5.9
169.246,-6.6272,0.2767,0.0,0.0,0.0,0.0,16,5.9
169.256,-6.6272,0.2767,0.0,0.0,0.0,0.0,16,5.9
169.256,-6.6272,0.2767,0.0,0.0,0.0,0.0,16,5.9
169.306,-6.6272,0.2767,0.0,0.0,0.0,0.0,16,5.9
169.316,-6.6272,0.2767,0.0,0.0,0.0,0.0,16,5.9
169.316,-6.6272,0.2767,0.0,0.0,0.0,0.0,16,5.9
169.366,-6.6272,0.2767,0.0,0.0,0.0,0.0,16,5.9
169.376,-6.6272,0.2767,0.0,0.0,0.0,0.0,16,5.9
169.376,-6.6272,0.2767,0.0,0.0,0.0,0.0,16,5.9
169.427,-6.6272,0.2767,0.0,0.0,0.0,0.0,16,5.9
169.435,-6.6272,0.2767,0.0,0.0,0.0,0.0,16,5.9
169.436,-6.6272,0.2767,0.0,0.0,0.0,0.0,16,5.9
169.486,-6.6272,0.2767,0.0,0.0,0.0,0.0,16,5.9
169.496,-6.6272,0.2767,0.0,0.0,0.0,0.0,16,5.9
169.496,-6.6272,0.2767,0.0,0.0,0.0,0.0,16,5.9
169.546,-6.6272,0.2767,0.0,0.0,0.0,0.0,16,5.9
169.556,-6.6272,0.2767,0.0,0.0,0.0,0.0,16,5.9
169.556,-6.6272,0.2767,0.0,0.0,0.0,0.0,16,5.9
169.606,-6.6272,0.2767,0.0,0.0,0.0,0.0,16,5.9
169.616,-6.6272,0.2767,0.0,0.0,0.0,0.0,16,5.9
169.616,-6.6272,0.2767,0.0,0.0,0.0,0.0,16,5.9
169.666,-6.6272,0.2767,0.0,0.0,0.0,0.0,16,5.9
169.676,-6.6272,0.2767,0.0,0.0,0.0,0.0,16,5.9
169.676,-6.6272,0.2767,0.0,0.0,0.0,0.0,16,5.9
169.726,-6.6272,0.2767,0.0,0.0,0.0,0.0,16,5.9
169.736,-6.6272,0.2767,0.0,0.0,0.0,0.0,16,5.9
169.736,-6.6272,0.2767,0.0,0.0,0.0,0.0,16,5.9
169.786,-6.6272,0.2767,0.0,0.0,0.0,0.0,16,5.9
169.796,-6.6272,0.2767,0.0,0.0,0.0,0.0,16,5.9
169.796,-6.6272,0.2767,0.0,0.0,0.0,0.0,16,5.9
169.847,-6.6272,0.2767,0.0,0.0,0.0,0.0,16,5.9
169.855,-6.6272,0.2767,0.0,0.0,0.0,0.0,16,5.9
169.856,-6.6272,0.2767,0.0,0.0,0.0,0.0,16,5.9
169.906,-6.6272,0.2767,0.0,0.0,0.0,0.0,16,5.9
169.916,-6.6272,0.2767,0.0,0.0,0.0,0.0,16,5.9
169.916,-6.6272,0.2767,0.0,0.0,0.0,0.0,16,5.9
169.966,-6.6272,0.2767,0.0,0.0,0.0,0.0,16,5.9
169.977,-6.6272,0.2767,0.0,0.0,0.0,0.0,16,5.9
169.977,-6.6272,0.2767,0.0,0.0,0.0,0.0,16,5.9
170.027,-6.6272,0.2767,0.0,0.0,0.0,0.0,16,5.9
170.036,-6.6272,0.2767,0.0,0.0,0.0,0.0,16,5.9
170.036,-6.6272,0.2767,0.0,0.0,0.0,0.0,16,5.9
170.086,-6.6272,0.2767,0.0,0.0,0.0,0.0,16,5.9
170.096,-6.6272,0.2767,0.0,0.0,0.0,0.0,16,5.9
170.096,-6.6272,0.2767,0.0,0.0,0.0,0.0,16,5.9
170.146,-6.6272,0.2767,0.0,0.0,0.0,0.0,16,5.9
170.156,-6.6272,0.2767,0.0,0.0,0.0,0.0,16,5.9
170.156,-6.6272,0.2767,0.0,0.0,0.0,0.0,16,5.9
170.206,-6.6272,0.2767,0.0,0.0,0.0,0.0,16,5.9
170.216,-6.6272,0.2767,0.0,0.0,0.0,0.0,16,5.9
170.216,-6.6272,0.2767,0.0,0.0,0.0,0.0,16,5.9
170.267,-6.6272,0.2767,0.0,0.0,0.0,0.0,16,5.9
170.276,-6.6272,0.2767,0.0,0.0,0.0,0.0,16,5.9
170.276,-6.6272,0.2767,0.0,0.0,0.0,0.0,16,5.9
170.327,-6.6272,0.2767,0.0,0.0,0.0,0.0,16,5.9
170.336,-6.6272,0.2767,0.0,0.0,0.0,0.0,16,5.9
170.336,-6.6272,0.2767,0.0,0.0,0.0,0.0,16,5.9
170.386,-6.6272,0.2767,0.0,0.0,0.0,0.0,16,5.9
170.396,-6.6272,0.2767,0.0,0.0,0.0,0.0,16,5.9
170.396,-6.6272,0.2767,0.0,0.0,0.0,0.0,16,5.9
170.446,-6.6272,0.2767,0.0,0.0,0.0,0.0,16,5.9
170.456,-6.6272,0.2767,0.0,0.0,0.0,0.0,16,5.9
170.456,-6.6272,0.2767,0.0,0.0,0.0,0.0,16,5.9
170.506,-6.6272,0.2767,0.0,0.0,0.0,0.0,16,5.9
170.518,-6.6272,0.2767,0.0,0.0,0.0,0.0,16,5.9
170.518,-6.6272,0.2767,0.0,0.0,0.0,0.0,16,5.9
170.569,-6.6272,0.2767,0.0,0.0,0.0,0.0,16,5.9
170.576,-6.6272,0.2767,0.0,0.0,0.0,0.0,16,5.9
170.576,-6.6272,0.2767,0.0,0.0,0.0,0.0,16,5.9
170.626,-6.6272,0.2767,0.0,0.0,0.0,0.0,16,5.9
170.636,-6.6272,0.2767,0.0,0.0,0.0,0.0,16,5.9
170.636,-6.6272,0.2767,0.0,0.0,0.0,0.0,16,5.9
170.686,-6.6272,0.2767,0.0,0.0,0.0,0.0,16,5.9
170.696,-6.6272,0.2767,0.0,0.0,0.0,0.0,16,5.9
170.696,-6.6272,0.2767,0.0,0.0,0.0,0.0,16,5.9
170.746,-6.6272,0.2767,0.0,0.0,0.0,0.0,16,5.9
170.756,-6.6272,0.2767,0.0,0.0,0.0,0.0,16,5.9
170.756,-6.6272,0.2767,0.0,0.0,0.0,0.0,16,5.9
170.806,-6.6272,0.2767,0.0,0.0,0.0,0.0,16,5.9
170.817,-6.6272,0.2767,0.0,0.0,0.0,0.0,16,5.9
170.817,-6.6272,0.2767,0.0,0.0,0.0,0.0,16,5.9
170.868,-6.6272,0.2767,0.0,0.0,0.0,0.0,16,5.9
170.876,-6.6272,0.2767,0.0,0.0,0.0,0.0,16,5.9
170.876,-6.6272,0.2767,0.0,0.0,0.0,0.0,16,5.9
170.927,-6.6272,0.2767,0.0,0.0,0.0,0.0,16,5.9
170.936,-6.6272,0.2767,0.0,0.0,0.0,0.0,16,5.9
170.936,-6.6272,0.2767,0.0,0.0,0.0,0.0,16,5.9
170.986,-6.6272,0.2767,0.0,0.0,0.0,0.0,16,5.9
170.996,-6.6272,0.2767,0.0,0.0,0.0,0.0,16,5.9
170.996,-6.6272,0.2767,0.0,0.0,0.0,0.0,16,5.9
171.046,-6.6272,0.2767,0.0,0.0,0.0,0.0,16,5.9
171.056,-6.6272,0.2767,0.0,0.0,0.0,0.0,16,5.9
171.056,-6.6272,0.2767,0.0,0.0,0.0,0.0,16,5.9
171.106,-6.6272,0.2767,0.0,0.0,0.0,0.0,16,5.9
171.116,-6.6272,0.2767,0.0,0.0,0.0,0.0,16,5.9
171.116,-6.6272,0.2767,0.0,0.0,0.0,0.0,16,5.9
171.166,-6.6272,0.2767,0.0,0.0,0.0,0.0,16,5.9
171.176,-6.6272,0.2767,0.0,0.0,0.0,0.0,16,5.9
171.176,-6.6272,0.2767,0.0,0.0,0.0,0.0,16,5.9
171.226,-6.6272,0.2767,0.0,0.0,0.0,0.0,16,5.9
171.236,-6.6272,0.2767,0.0,0.0,0.0,0.0,16,5.9
171.236,-6.6272,0.2767,0.0,0.0,0.0,0.0,16,5.9
171.286,-6.6272,0.2767,0.0,0.0,0.0,0.0,16,5.9
171.296,-6.6272,0.2767,0.0,0.0,0.0,0.0,16,5.9
171.296,-6.6272,0.2767,0.0,0.0,0.0,0.0,16,5.9
171.346,-6.6272,0.2767,0.0,0.0,0.0,0.0,16,5.9
171.356,-6.6272,0.2767,0.0,0.0,0.0,0.0,16,5.9
171.356,-6.6272,0.2767,0.0,0.0,0.0,0.0,16,5.9
171.407,-6.6272,0.2767,0.0,0.0,0.0,0.0,16,5.9
171.416,-6.6272,0.2767,0.0,0.0,0.0,0.0,16,5.9
171.416,-6.6272,0.2767,0.0,0.0,0.0,0.0,16,5.9
171.466,-6.6272,0.2767,0.0,0.0,0.0,0.0,16,5.9
171.476,-6.6272,0.2767,0.0,0.0,0.0,0.0,16,5.9
171.476,-6.6272,0.2767,0.0,0.0,0.0,0.0,16,5.9
171.527,-6.6272,0.2767,0.0,0.0,0.0,0.0,16,5.9
171.536,-6.6272,0.2767,0.0,0.0,0.0,0.0,16,5.9
171.536,-6.6272,0.2767,0.0,0.0,0.0,0.0,16,5.9
171.586,-6.6272,0.2767,0.0,0.0,0.0,0.0,16,5.9
171.596,-6.6272,0.2767,0.0,0.0,0.0,0.0,16,5.9
171.596,-6.6272,0.2767,0.0,0.0,0.0,0.0,16,5.9
171.646,-6.6272,0.2767,0.0,0.0,0.0,0.0,16,5.9
171.656,-6.6272,0.2767,0.0,0.0,0.0,0.0,16,5.9
171.656,-6.6272,0.2767,0.0,0.0,0.0,0.0,16,5.9
171.706,-6.6272,0.2767,0.0,0.0,0.0,0.0,16,5.9
171.716,-6.6272,0.2767,0.0,0.0,0.0,0.0,16,5.9
171.716,-6.6272,0.2767,0.0,0.0,0.0,0.0,16,5.9
171.766,-6.6272,0.2767,0.0,0.0,0.0,0.0,16,5.9
171.776,-6.6272,0.2767,0.0,0.0,0.0,0.0,16,5.9
171.776,-6.6272,0.2767,0.0,0.0,0.0,0.0,16,5.9
171.826,-6.6272,0.2767,0.0,0.0,0.0,0.0,16,5.9
171.836,-6.6272,0.2767,0.0,0.0,0.0,0.0,16,5.9
171.836,-6.6272,0.2767,0.0,0.0,0.0,0.0,16,5.9
171.886,-6.6272,0.2767,0.0,0.0,0.0,0.0,16,5.9
171.896,-6.6272,0.2767,0.0,0.0,0.0,0.0,16,5.9
171.896,-6.6272,0.2767,0.0,0.0,0.0,0.0,16,5.9
171.946,-6.6272,0.2767,0.0,0.0,0.0,0.0,16,5.9
171.956,-6.6272,0.2767,0.0,0.0,0.0,0.0,16,5.9
171.956,-6.6272,0.2767,0.0,0.0,0.0,0.0,16,5.9
172.006,-6.6272,0.2767,0.0,0.0,0.0,0.0,16,5.9
172.015,-6.6272,0.2767,0.0,0.0,0.0,0.0,16,5.9
172.016,-6.6272,0.2767,0.0,0.0,0.0,0.0,16,5.9
172.066,-6.6272,0.2767,0.0,0.0,0.0,0.0,16,5.9
172.076,-6.6272,0.2767,0.0,0.0,0.0,0.0,16,5.9
172.076,-6.6272,0.2767,0.0,0.0,0.0,0.0,16,5.9
172.127,-6.6272,0.2767,0.0,0.0,0.0,0.0,16,5.9
172.135,-6.6272,0.2767,0.0,0.0,0.0,0.0,16,5.9
172.136,-6.6272,0.2767,0.0,0.0,0.0,0.0,16,5.9
172.186,-6.6272,0.2767,0.0,0.0,0.0,0.0,16,5.9
172.196,-6.6272,0.2767,0.0,0.0,0.0,0.0,16,5.9
172.196,-6.6272,0.2767,0.0,0.0,0.0,0.0,16,5.9
172.246,-6.6272,0.2767,0.0,0.0,0.0,0.0,16,5.9
172.255,-6.6272,0.2767,0.0,0.0,0.0,0.0,16,5.9
172.256,-6.6272,0.2767,0.0,0.0,0.0,0.0,16,5.9
172.306,-6.6272,0.2767,0.0,0.0,0.0,0.0,16,5.9
172.316,-6.6272,0.2767,0.0,0.0,0.0,0.0,16,5.9
172.316,-6.6272,0.2767,0.0,0.0,0.0,0.0,16,5.9
172.366,-6.6272,0.2767,0.0,0.0,0.0,0.0,16,5.9
172.376,-6.6272,0.2767,0.0,0.0,0.0,0.0,16,5.9
172.376,-6.6272,0.2767,0.0,0.0,0.0,0.0,16,5.9
172.427,-6.6272,0.2767,0.0,0.0,0.0,0.0,16,5.9
172.435,-6.6272,0.2767,0.0,0.0,0.0,0.0,16,5.9
172.436,-6.6272,0.2767,0.0,0.0,0.0,0.0,16,5.9
172.486,-6.6272,0.2767,0.0,0.0,0.0,0.0,16,5.9
172.496,-6.6272,0.2767,0.0,0.0,0.0,0.0,16,5.9
172.496,-6.6272,0.2767,0.0,0.0,0.0,0.0,16,5.9
172.546,-6.6272,0.2767,0.0,0.0,0.0,0.0,16,5.9
172.556,-6.6272,0.2767,0.0,0.0,0.0,0.0,16,5.9
172.556,-6.6272,0.2767,0.0,0.0,0.0,0.0,16,5.9
172.606,-6.6272,0.2767,0.0,0.0,0.0,0.0,16,5.9
172.616,-6.6272,0.2767,0.0,0.0,0.0,0.0,16,5.9
172.616,-6.6272,0.2767,0.0,0.0,0.0,0.0,16,5.9
172.666,-6.6272,0.2767,0.0,0.0,0.0,0.0,16,5.9
172.676,-6.6272,0.2767,0.0,0.0,0.0,0.0,16,5.9
172.676,-6.6272,0.2767,0.0,0.0,0.0,0.0,16,5.9
172.726,-6.6272,0.2767,0.0,0.0,0.0,0.0,16,5.9
172.736,-6.6272,0.2767,0.0,0.0,0.0,0.0,16,5.9
172.736,-6.6272,0.2767,0.0,0.0,0.0,0.0,16,5.9
172.786,-6.6272,0.2767,0.0,0.0,0.0,0.0,16,5.9
172.796,-6.6272,0.2767,0.0,0.0,0.0,0.0,16,5.9
172.796,-6.6272,0.2767,0.0,0.0,0.0,0.0,16,5.9
172.846,-6.6272,0.2767,0.0,0.0,0.0,0.0,16,5.9
172.856,-6.6272,0.2767,0.0,0.0,0.0,0.0,16,5.9
172.856,-6.6272,0.2767,0.0,0.0,0.0,0.0,16,5.9
172.906,-6.6272,0.2767,0.0,0.0,0.0,0.0,16,5.9
172.916,-6.6272,0.2767,0.0,0.0,0.0,0.0,16,5.9
172.916,-6.6272,0.2767,0.0,0.0,0.0,0.0,16,5.9
172.966,-6.6272,0.2767,0.0,0.0,0.0,0.0,16,5.9
172.976,-6.6272,0.2767,0.0,0.0,0.0,0.0,16,5.9
172.977,-6.6272,0.2767,0.0,0.0,0.0,0.0,16,5.9
173.027,-6.6272,0.2767,0.0,0.0,0.0,0.0,16,5.9
173.036,-6.6272,0.2767,0.0,0.0,0.0,0.0,16,5.9
173.036,-6.6272,0.2767,0.0,0.0,0.0,0.0,16,5.9
173.086,-6.6272,0.2767,0.0,0.0,0.0,0.0,16,5.9
173.086,-6.6272,0.2767,0.0,0.0,0.0,0.0,16,5.9
173.136,-6.6272,0.2767,0.0,0.0,0.0,0.0,16,5.9
173.146,-6.6272,0.2767,0.0,0.0,0.0,0.0,16,5.9
173.196,-6.6272,0.2767,0.0,0.0,0.0,0.0,16,5.9
173.196,-6.6272,0.2767,0.0,0.0,0.0,0.0,16,5.9
173.246,-6.6272,0.2767,0.0,0.0,0.0,0.0,16,5.9
173.256,-6.6272,0.2767,0.0,0.0,0.0,0.0,16,5.9
173.256,-6.6272,0.2767,0.0,0.0,0.0,0.0,16,5.9
173.307,-6.6272,0.2767,0.0,0.0,0.0,0.0,16,5.9
173.316,-6.6272,0.2767,0.0,0.0,0.0,0.0,16,5.9
173.316,-6.6272,0.2767,0.0,0.0,0.0,0.0,16,5.9
173.366,-6.6272,0.2767,0.0,0.0,0.0,0.0,16,5.9
173.376,-6.6272,0.2767,0.0,0.0,0.0,0.0,16,5.9
173.376,-6.6272,0.2767,0.0,0.0,0.0,0.0,16,5.9
173.426,-6.6272,0.2767,0.0,0.0,0.0,0.0,16,5.9
173.436,-6.6272,0.2767,0.0,0.0,0.0,0.0,16,5.9
173.436,-6.6272,0.2767,0.0,0.0,0.0,0.0,16,5.9
173.486,-6.6272,0.2767,0.0,0.0,0.0,0.0,16,5.9
173.496,-6.6272,0.2767,0.0,0.0,0.0,0.0,16,5.9
173.496,-6.6272,0.2767,0.0,0.0,0.0,0.0,16,5.9
173.546,-6.6272,0.2767,0.0,0.0,0.0,0.0,16,5.9
173.556,-6.6272,0.2767,0.0,0.0,0.0,0.0,16,5.9
173.556,-6.6272,0.2767,0.0,0.0,0.0,0.0,16,5.9
173.607,-6.6272,0.2767,0.0,0.0,0.0,0.0,16,5.9
173.616,-6.6272,0.2767,0.0,0.0,0.0,0.0,16,5.9
173.616,-6.6272,0.2767,0.0,0.0,0.0,0.0,16,5.9
173.666,-6.6272,0.2767,0.0,0.0,0.0,0.0,16,5.9
173.676,-6.6272,0.2767,0.0,0.0,0.0,0.0,16,5.9
173.676,-6.6272,0.2767,0.0,0.0,0.0,0.0,16,5.9
173.726,-6.6272,0.2767,0.0,0.0,0.0,0.0,16,5.9
173.736,-6.6272,0.2767,0.0,0.0,0.0,0.0,16,5.9
173.736,-6.6272,0.2767,0.0,0.0,0.0,0.0,16,5.9
173.786,-6.6272,0.2767,0.0,0.0,0.0,0.0,16,5.9
173.796,-6.6272,0.2767,0.0,0.0,0.0,0.0,16,5.9
173.796,-6.6272,0.2767,0.0,0.0,0.0,0.0,16,5.9
173.846,-6.6272,0.2767,0.0,0.0,0.0,0.0,16,5.9
173.856,-6.6272,0.2767,0.0,0.0,0.0,0.0,16,5.9
173.856,-6.6272,0.2767,0.0,0.0,0.0,0.0,16,5.9
173.906,-6.6272,0.2767,0.0,0.0,0.0,0.0,16,5.9
173.916,-6.6272,0.2767,0.0,0.0,0.0,0.0,16,5.9
173.917,-6.6272,0.2767,0.0,0.0,0.0,0.0,16,5.9
173.967,-6.6272,0.2767,0.0,0.0,0.0,0.0,16,5.9
173.976,-6.6272,0.2767,0.0,0.0,0.0,0.0,16,5.9
173.976,-6.6272,0.2767,0.0,0.0,0.0,0.0,16,5.9
174.027,-6.6272,0.2767,0.0,0.0,0.0,0.0,16,5.9
174.036,-6.6272,0.2767,0.0,0.0,0.0,0.0,16,5.9
174.036,-6.6272,0.2767,0.0,0.0,0.0,0.0,16,5.9
174.086,-6.6272,0.2767,0.0,0.0,0.0,0.0,16,5.9
174.096,-6.6272,0.2767,0.0,0.0,0.0,0.0,16,5.9
174.096,-6.6272,0.2767,0.0,0.0,0.0,0.0,16,5.9
174.146,-6.6272,0.2767,0.0,0.0,0.0,0.0,16,5.9
174.155,-6.6272,0.2767,0.0,0.0,0.0,0.0,16,5.9
174.156,-6.6272,0.2767,0.0,0.0,0.0,0.0,16,5.9
174.206,-6.6272,0.2767,0.0,0.0,0.0,0.0,16,5.9
174.216,-6.6272,0.2767,0.0,0.0,0.0,0.0,16,5.9
174.216,-6.6272,0.2767,0.0,0.0,0.0,0.0,16,5.9
174.266,-6.6272,0.2767,0.0,0.0,0.0,0.0,16,5.9
174.276,-6.6272,0.2767,0.0,0.0,0.0,0.0,16,5.9
174.276,-6.6272,0.2767,0.0,0.0,0.0,0.0,16,5.9
174.326,-6.6272,0.2767,0.0,0.0,0.0,0.0,16,5.9
174.336,-6.6272,0.2767,0.0,0.0,0.0,0.0,16,5.9
174.336,-6.6272,0.2767,0.0,0.0,0.0,0.0,16,5.9
174.386,-6.6272,0.2767,0.0,0.0,0.0,0.0,16,5.9
174.396,-6.6272,0.2767,0.0,0.0,0.0,0.0,16,5.9
174.396,-6.6272,0.2767,0.0,0.0,0.0,0.0,16,5.9
174.446,-6.6272,0.2767,0.0,0.0,0.0,0.0,16,5.9
174.456,-6.6272,0.2767,0.0,0.0,0.0,0.0,16,5.9
174.456,-6.6272,0.2767,0.0,0.0,0.0,0.0,16,5.9
174.507,-6.6272,0.2767,0.0,0.0,0.0,0.0,16,5.9
174.516,-6.6272,0.2767,0.0,0.0,0.0,0.0,16,5.9
174.516,-6.6272,0.2767,0.0,0.0,0.0,0.0,16,5.9
174.566,-6.6272,0.2767,0.0,0.0,0.0,0.0,16,5.9
174.576,-6.6272,0.2767,0.0,0.0,0.0,0.0,16,5.9
174.576,-6.6272,0.2767,0.0,0.0,0.0,0.0,16,5.8
174.626,-6.6272,0.2767,0.0,0.0,0.0,0.0,16,5.8
174.635,-6.6272,0.2767,0.0,0.0,0.0,0.0,16,5.8
174.635,-6.6272,0.2767,0.0,0.0,0.0,0.0,16,5.9
174.686,-6.6272,0.2767,0.0,0.0,0.0,0.0,16,5.9
174.696,-6.6272,0.2767,0.0,0.0,0.0,0.0,16,5.9
174.696,-6.6272,0.2767,0.0,0.0,0.0,0.0,16,5.9
174.746,-6.6272,0.2767,0.0,0.0,0.0,0.0,16,5.9
174.756,-6.6272,0.2767,0.0,0.0,0.0,0.0,16,5.9
174.756,-6.6272,0.2767,0.0,0.0,0.0,0.0,16,5.9
174.807,-6.6272,0.2767,0.0,0.0,0.0,0.0,16,5.9
174.815,-6.6272,0.2767,0.0,0.0,0.0,0.0,16,5.9
174.816,-6.6272,0.2767,0.0,0.0,0.0,0.0,16,5.8
174.866,-6.6272,0.2767,0.0,0.0,0.0,0.0,16,5.8
174.876,-6.6272,0.2767,0.0,0.0,0.0,0.0,16,5.8
174.876,-6.6272,0.2767,0.0,0.0,0.0,0.0,16,5.9
174.927,-6.6272,0.2767,0.0,0.0,0.0,0.0,16,5.9
174.935,-6.6272,0.2767,0.0,0.0,0.0,0.0,16,5.9
174.935,-6.6272,0.2767,0.0,0.0,0.0,0.0,16,5.9
174.986,-6.6272,0.2767,0.0,0.0,0.0,0.0,16,5.9
174.996,-6.6272,0.2767,0.0,0.0,0.0,0.0,16,5.9
174.996,-6.6272,0.2767,0.0,0.0,0.0,0.0,16,5.8
175.047,-6.6272,0.2767,0.0,0.0,0.0,0.0,16,5.8
175.056,-6.6272,0.2767,0.0,0.0,0.0,0.0,16,5.8
175.056,-6.6272,0.2767,0.0,0.0,0.0,0.0,16,5.9
175.107,-6.6272,0.2767,0.0,0.0,0.0,0.0,16,5.9
175.115,-6.6272,0.2767,0.0,0.0,0.0,0.0,16,5.9
175.116,-6.6272,0.2767,0.0,0.0,0.0,0.0,16,5.8
175.166,-6.6272,0.2767,0.0,0.0,0.0,0.0,16,5.8
175.176,-6.6272,0.2767,0.0,0.0,0.0,0.0,16,5.8
175.176,-6.6272,0.2767,0.0,0.0,0.0,0.0,16,5.9
175.226,-6.6272,0.2767,0.0,0.0,0.0,0.0,16,5.9
175.236,-6.6272,0.2767,0.0,0.0,0.0,0.0,16,5.9
175.236,-6.6272,0.2767,0.0,0.0,0.0,0.0,16,5.9
175.286,-6.6272,0.2767,0.0,0.0,0.0,0.0,16,5.9
175.296,-6.6272,0.2767,0.0,0.0,0.0,0.0,16,5.9
175.296,-6.6272,0.2767,0.0,0.0,0.0,0.0,16,5.9
175.346,-6.6272,0.2767,0.0,0.0,0.0,0.0,16,5.9
175.356,-6.6272,0.2767,0.0,0.0,0.0,0.0,16,5.9
175.356,-6.6272,0.2767,0.0,0.0,0.0,0.0,16,5.9
175.406,-6.6272,0.2767,0.0,0.0,0.0,0.0,16,5.9
175.416,-6.6272,0.2767,0.0,0.0,0.0,0.0,16,5.9
175.416,-6.6272,0.2767,0.0,0.0,0.0,0.0,16,5.9
175.466,-6.6272,0.2767,0.0,0.0,0.0,0.0,16,5.9
175.476,-6.6272,0.2767,0.0,0.0,0.0,0.0,16,5.9
175.476,-6.6272,0.2767,0.0,0.0,0.0,0.0,16,5.9
175.527,-6.6272,0.2767,0.0,0.0,0.0,0.0,16,5.9
175.536,-6.6272,0.2767,0.0,0.0,0.0,0.0,16,5.9
175.536,-6.6272,0.2767,0.0,0.0,0.0,0.0,16,5.9
175.586,-6.6272,0.2767,0.0,0.0,0.0,0.0,16,5.9
175.596,-6.6272,0.2767,0.0,0.0,0.0,0.0,16,5.9
175.596,-6.6272,0.2767,0.0,0.0,0.0,0.0,16,5.9
175.646,-6.6272,0.2767,0.0,0.0,0.0,0.0,16,5.9
175.656,-6.6272,0.2767,0.0,0.0,0.0,0.0,16,5.9
175.656,-6.6272,0.2767,0.0,0.0,0.0,0.0,16,5.9
175.706,-6.6272,0.2767,0.0,0.0,0.0,0.0,16,5.9
175.716,-6.6272,0.2767,0.0,0.0,0.0,0.0,16,5.9
175.716,-6.6272,0.2767,0.0,0.0,0.0,0.0,16,5.9
175.766,-6.6272,0.2767,0.0,0.0,0.0,0.0,16,5.9
175.776,-6.6272,0.2767,0.0,0.0,0.0,0.0,16,5.9
175.776,-6.6272,0.2767,0.0,0.0,0.0,0.0,16,5.9
175.826,-6.6272,0.2767,0.0,0.0,0.0,0.0,16,5.9
175.836,-6.6272,0.2767,0.0,0.0,0.0,0.0,16,5.9
175.836,-6.6272,0.2767,0.0,0.0,0.0,0.0,16,5.9
175.886,-6.6272,0.2767,0.0,0.0,0.0,0.0,16,5.9
175.896,-6.6272,0.2767,0.0,0.0,0.0,0.0,16,5.9
175.896,-6.6272,0.2767,0.0,0.0,0.0,0.0,16,5.9
175.946,-6.6272,0.2767,0.0,0.0,0.0,0.0,16,5.9
175.956,-6.6272,0.2767,0.0,0.0,0.0,0.0,16,5.9
175.956,-6.6272,0.2767,0.0,0.0,0.0,0.0,16,5.8
176.006,-6.6272,0.2767,0.0,0.0,0.0,0.0,16,5.8
176.016,-6.6272,0.2767,0.0,0.0,0.0,0.0,16,5.8
176.016,-6.6272,0.2767,0.0,0.0,0.0,0.0,16,5.9
176.066,-6.6272,0.2767,0.0,0.0,0.0,0.0,16,5.9
176.076,-6.6272,0.2767,0.0,0.0,0.0,0.0,16,5.9
176.076,-6.6272,0.2767,0.0,0.0,0.0,0.0,16,5.8
176.126,-6.6272,0.2767,0.0,0.0,0.0,0.0,16,5.8
176.136,-6.6272,0.2767,0.0,0.0,0.0,0.0,16,5.8
176.136,-6.6272,0.2767,0.0,0.0,0.0,0.0,16,5.9
176.186,-6.6272,0.2767,0.0,0.0,0.0,0.0,16,5.9
176.196,-6.6272,0.2767,0.0,0.0,0.0,0.0,16,5.9
176.196,-6.6272,0.2767,0.0,0.0,0.0,0.0,16,5.8
176.246,-6.6272,0.2767,0.0,0.0,0.0,0.0,16,5.8
176.256,-6.6272,0.2767,0.0,0.0,0.0,0.0,16,5.8
176.256,-6.6272,0.2767,0.0,0.0,0.0,0.0,16,5.8
176.307,-6.6272,0.2767,0.0,0.0,0.0,0.0,16,5.8
176.316,-6.6272,0.2767,0.0,0.0,0.0,0.0,16,5.8
176.316,-6.6272,0.2767,0.0,0.0,0.0,0.0,16,5.9
176.366,-6.6272,0.2767,0.0,0.0,0.0,0.0,16,5.9
176.377,-6.6272,0.2767,0.0,0.0,0.0,0.0,16,5.9
176.377,-6.6272,0.2767,0.0,0.0,0.0,0.0,16,5.9
176.427,-6.6272,0.2767,0.0,0.0,0.0,0.0,16,5.9
176.436,-6.6272,0.2767,0.0,0.0,0.0,0.0,16,5.9
176.436,-6.6272,0.2767,0.0,0.0,0.0,0.0,16,5.9
176.486,-6.6272,0.2767,0.0,0.0,0.0,0.0,16,5.9
176.496,-6.6272,0.2767,0.0,0.0,0.0,0.0,16,5.9
176.496,-6.6272,0.2767,0.0,0.0,0.0,0.0,16,5.9
176.546,-6.6272,0.2767,0.0,0.0,0.0,0.0,16,5.9
176.556,-6.6272,0.2767,0.0,0.0,0.0,0.0,16,5.9
176.556,-6.6272,0.2767,0.0,0.0,0.0,0.0,16,5.9
176.606,-6.6272,0.2767,0.0,0.0,0.0,0.0,16,5.9
176.616,-6.6272,0.2767,0.0,0.0,0.0,0.0,16,5.9
176.616,-6.6272,0.2767,0.0,0.0,0.0,0.0,16,5.8
176.667,-6.6272,0.2767,0.0,0.0,0.0,0.0,16,5.8
176.676,-6.6272,0.2767,0.0,0.0,0.0,0.0,16,5.8
176.676,-6.6272,0.2767,0.0,0.0,0.0,0.0,16,5.9
176.726,-6.6272,0.2767,0.0,0.0,0.0,0.0,16,5.9
176.735,-6.6272,0.2767,0.0,0.0,0.0,0.0,16,5.9
176.736,-6.6272,0.2767,0.0,0.0,0.0,0.0,16,5.9
176.786,-6.6272,0.2767,0.0,0.0,0.0,0.0,16,5.9
176.796,-6.6272,0.2767,0.0,0.0,0.0,0.0,16,5.9
176.796,-6.6272,0.2767,0.0,0.0,0.0,0.0,16,5.9
176.846,-6.6272,0.2767,0.0,0.0,0.0,0.0,16,5.9
176.846,-6.6272,0.2767,0.0,0.0,0.0,0.0,16,5.9
176.897,-6.6272,0.2767,0.0,0.0,0.0,0.0,16,5.9
176.905,-6.6272,0.2767,0.0,0.0,0.0,0.0,16,5.9
176.905,-6.6272,0.2767,0.0,0.0,0.0,0.0,16,5.9
176.956,-6.6272,0.2767,0.0,0.0,0.0,0.0,16,5.9
176.956,-6.6272,0.2767,0.0,0.0,0.0,0.0,16,5.9
177.006,-6.6272,0.2767,0.0,0.0,0.0,0.0,16,5.9
177.016,-6.6272,0.2767,0.0,0.0,0.0,0.0,16,5.9
177.016,-6.6272,0.2767,0.0,0.0,0.0,0.0,16,5.9
177.066,-6.6272,0.2767,0.0,0.0,0.0,0.0,16,5.9
177.076,-6.6272,0.2767,0.0,0.0,0.0,0.0,16,5.9
177.076,-6.6272,0.2767,0.0,0.0,0.0,0.0,16,5.9
177.126,-6.6272,0.2767,0.0,0.0,0.0,0.0,16,5.9
177.135,-6.6272,0.2767,0.0,0.0,0.0,0.0,16,5.9
177.135,-6.6272,0.2767,0.0,0.0,0.0,0.0,16,5.9
177.186,-6.6272,0.2767,0.0,0.0,0.0,0.0,16,5.9
177.196,-6.6272,0.2767,0.0,0.0,0.0,0.0,16,5.9
177.196,-6.6272,0.2767,0.0,0.0,0.0,0.0,16,5.9
177.246,-6.6272,0.2767,0.0,0.0,0.0,0.0,16,5.9
177.256,-6.6272,0.2767,0.0,0.0,0.0,0.0,16,5.9
177.256,-6.6272,0.2767,0.0,0.0,0.0,0.0,16,5.9
177.306,-6.6272,0.2767,0.0,0.0,0.0,0.0,16,5.9
177.315,-6.6272,0.2767,0.0,0.0,0.0,0.0,16,5.9
177.316,-6.6272,0.2767,0.0,0.0,0.0,0.0,16,5.9
177.366,-6.6272,0.2767,0.0,0.0,0.0,0.0,16,5.9
177.376,-6.6272,0.2767,0.0,0.0,0.0,0.0,16,5.9
177.376,-6.6272,0.2767,0.0,0.0,0.0,0.0,16,5.9
177.427,-6.6272,0.2767,0.0,0.0,0.0,0.0,16,5.9
177.436,-6.6272,0.2767,0.0,0.0,0.0,0.0,16,5.9
177.436,-6.6272,0.2767,0.0,0.0,0.0,0.0,16,5.9
177.486,-6.6272,0.2767,0.0,0.0,0.0,0.0,16,5.9
177.496,-6.6272,0.2767,0.0,0.0,0.0,0.0,16,5.9
177.496,-6.6272,0.2767,0.0,0.0,0.0,0.0,16,5.9
177.546,-6.6272,0.2767,0.0,0.0,0.0,0.0,16,5.9
177.556,-6.6272,0.2767,0.0,0.0,0.0,0.0,16,5.9
177.556,-6.6272,0.2767,0.0,0.0,0.0,0.0,16,5.8
177.607,-6.6272,0.2767,0.0,0.0,0.0,0.0,16,5.8
177.616,-6.6272,0.2767,0.0,0.0,0.0,0.0,16,5.8
177.616,-6.6272,0.2767,0.0,0.0,0.0,0.0,16,5.8
177.666,-6.6272,0.2767,0.0,0.0,0.0,0.0,16,5.8
177.676,-6.6272,0.2767,0.0,0.0,0.0,0.0,16,5.8
177.676,-6.6272,0.2767,0.0,0.0,0.0,0.0,16,5.9
177.727,-6.6272,0.2767,0.0,0.0,0.0,0.0,16,5.9
177.736,-6.6272,0.2767,0.0,0.0,0.0,0.0,16,5.9
177.736,-6.6272,0.2767,0.0,0.0,0.0,0.0,16,5.9
177.786,-6.6272,0.2767,0.0,0.0,0.0,0.0,16,5.9
177.796,-6.6272,0.2767,0.0,0.0,0.0,0.0,16,5.9
177.796,-6.6272,0.2767,0.0,0.0,0.0,0.0,16,5.8
177.846,-6.6272,0.2767,0.0,0.0,0.0,0.0,16,5.8
177.856,-6.6272,0.2767,0.0,0.0,0.0,0.0,16,5.8
177.856,-6.6272,0.2767,0.0,0.0,0.0,0.0,16,5.9
177.906,-6.6272,0.2767,0.0,0.0,0.0,0.0,16,5.9
177.916,-6.6272,0.2767,0.0,0.0,0.0,0.0,16,5.9
177.916,-6.6272,0.2767,0.0,0.0,0.0,0.0,16,5.8
177.966,-6.6272,0.2767,0.0,0.0,0.0,0.0,16,5.8
177.976,-6.6272,0.2767,0.0,0.0,0.0,0.0,16,5.8
177.976,-6.6272,0.2767,0.0,0.0,0.0,0.0,16,5.9
178.027,-6.6272,0.2767,0.0,0.0,0.0,0.0,16,5.9
178.036,-6.6272,0.2767,0.0,0.0,0.0,0.0,16,5.9
178.036,-6.6272,0.2767,0.0,0.0,0.0,0.0,16,5.9
178.086,-6.6272,0.2767,0.0,0.0,0.0,0.0,16,5.9
178.096,-6.6272,0.2767,0.0,0.0,0.0,0.0,16,5.9
178.096,-6.6272,0.2767,0.0,0.0,0.0,0.0,16,5.9
178.146,-6.6272,0.2767,0.0,0.0,0.0,0.0,16,5.9
178.155,-6.6272,0.2767,0.0,0.0,0.0,0.0,16,5.9
178.156,-6.6272,0.2767,0.0,0.0,0.0,0.0,16,5.9
178.206,-6.6272,0.2767,0.0,0.0,0.0,0.0,16,5.9
178.215,-6.6272,0.2767,0.0,0.0,0.0,0.0,16,5.9
178.216,-6.6272,0.2767,0.0,0.0,0.0,0.0,16,5.9
178.266,-6.6272,0.2767,0.0,0.0,0.0,0.0,16,5.9
178.276,-6.6272,0.2767,0.0,0.0,0.0,0.0,16,5.9
178.276,-6.6272,0.2767,0.0,0.0,0.0,0.0,16,5.9
178.326,-6.6272,0.2767,0.0,0.0,0.0,0.0,16,5.9
178.336,-6.6272,0.2767,0.0,0.0,0.0,0.0,16,5.9
178.336,-6.6272,0.2767,0.0,0.0,0.0,0.0,16,5.9
178.386,-6.6272,0.2767,0.0,0.0,0.0,0.0,16,5.9
178.396,-6.6272,0.2767,0.0,0.0,0.0,0.0,16,5.9
178.396,-6.6272,0.2767,0.0,0.0,0.0,0.0,16,5.9
178.446,-6.6272,0.2767,0.0,0.0,0.0,0.0,16,5.9
178.455,-6.6272,0.2767,0.0,0.0,0.0,0.0,16,5.9
178.456,-6.6272,0.2767,0.0,0.0,0.0,0.0,16,5.9
178.506,-6.6272,0.2767,0.0,0.0,0.0,0.0,16,5.9
178.515,-6.6272,0.2767,0.0,0.0,0.0,0.0,16,5.9
178.516,-6.6272,0.2767,0.0,0.0,0.0,0.0,16,5.9
178.566,-6.6272,0.2767,0.0,0.0,0.0,0.0,16,5.9
178.575,-6.6272,0.2767,0.0,0.0,0.0,0.0,16,5.9
178.576,-6.6272,0.2767,0.0,0.0,0.0,0.0,16,5.9
178.626,-6.6272,0.2767,0.0,0.0,0.0,0.0,16,5.9
178.636,-6.6272,0.2767,0.0,0.0,0.0,0.0,16,5.9
178.636,-6.6272,0.2767,0.0,0.0,0.0,0.0,16,5.9
178.686,-6.6272,0.2767,0.0,0.0,0.0,0.0,16,5.9
178.696,-6.6272,0.2767,0.0,0.0,0.0,0.0,16,5.9
178.696,-6.6272,0.2767,0.0,0.0,0.0,0.0,16,5.9
178.746,-6.6272,0.2767,0.0,0.0,0.0,0.0,16,5.9
178.756,-6.6272,0.2767,0.0,0.0,0.0,0.0,16,5.9
178.756,-6.6272,0.2767,0.0,0.0,0.0,0.0,16,5.9
178.806,-6.6272,0.2767,0.0,0.0,0.0,0.0,16,5.9
178.816,-6.6272,0.2767,0.0,0.0,0.0,0.0,16,5.9
178.816,-6.6272,0.2767,0.0,0.0,0.0,0.0,16,5.9
178.866,-6.6272,0.2767,0.0,0.0,0.0,0.0,16,5.9
178.876,-6.6272,0.2767,0.0,0.0,0.0,0.0,16,5.9
178.876,-6.6272,0.2767,0.0,0.0,0.0,0.0,16,5.8
178.926,-6.6272,0.2767,0.0,0.0,0.0,0.0,16,5.8
178.935,-6.6272,0.2767,0.0,0.0,0.0,0.0,16,5.8
178.936,-6.6272,0.2767,0.0,0.0,0.0,0.0,16,5.9
178.986,-6.6272,0.2767,0.0,0.0,0.0,0.0,16,5.9
178.996,-6.6272,0.2767,0.0,0.0,0.0,0.0,16,5.9
178.996,-6.6272,0.2767,0.0,0.0,0.0,0.0,16,5.9
179.046,-6.6272,0.2767,0.0,0.0,0.0,0.0,16,5.9
179.055,-6.6272,0.2767,0.0,0.0,0.0,0.0,16,5.9
179.056,-6.6272,0.2767,0.0,0.0,0.0,0.0,16,5.9
179.106,-6.6272,0.2767,0.0,0.0,0.0,0.0,16,5.9
179.116,-6.6272,0.2767,0.0,0.0,0.0,0.0,16,5.9
179.116,-6.6272,0.2767,0.0,0.0,0.0,0.0,16,5.9
179.166,-6.6272,0.2767,0.0,0.0,0.0,0.0,16,5.9
179.176,-6.6272,0.2767,0.0,0.0,0.0,0.0,16,5.9
179.176,-6.6272,0.2767,0.0,0.0,0.0,0.0,16,5.9
179.226,-6.6272,0.2767,0.0,0.0,0.0,0.0,16,5.9
179.236,-6.6272,0.2767,0.0,0.0,0.0,0.0,16,5.9
179.236,-6.6272,0.2767,0.0,0.0,0.0,0.0,16,5.9
179.286,-6.6272,0.2767,0.0,0.0,0.0,0.0,16,5.9
179.296,-6.6272,0.2767,0.0,0.0,0.0,0.0,16,5.9
179.296,-6.6272,0.2767,0.0,0.0,0.0,0.0,16,5.8
179.346,-6.6272,0.2767,0.0,0.0,0.0,0.0,16,5.8
179.355,-6.6272,0.2767,0.0,0.0,0.0,0.0,16,5.8
179.356,-6.6272,0.2767,0.0,0.0,0.0,0.0,16,5.8
179.406,-6.6272,0.2767,0.0,0.0,0.0,0.0,16,5.8
179.416,-6.6272,0.2767,0.0,0.0,0.0,0.0,16,5.8
179.416,-6.6272,0.2767,0.0,0.0,0.0,0.0,16,5.9
179.466,-6.6272,0.2767,0.0,0.0,0.0,0.0,16,5.9
179.476,-6.6272,0.2767,0.0,0.0,0.0,0.0,16,5.9
179.476,-6.6272,0.2767,0.0,0.0,0.0,0.0,16,5.9
179.526,-6.6272,0.2767,0.0,0.0,0.0,0.0,16,5.9
179.536,-6.6272,0.2767,0.0,0.0,0.0,0.0,16,5.9
179.536,-6.6272,0.2767,0.0,0.0,0.0,0.0,16,5.9
179.586,-6.6272,0.2767,0.0,0.0,0.0,0.0,16,5.9
179.595,-6.6272,0.2767,0.0,0.0,0.0,0.0,16,5.9
179.596,-6.6272,0.2767,0.0,0.0,0.0,0.0,16,5.9
179.646,-6.6272,0.2767,0.0,0.0,0.0,0.0,16,5.9
179.655,-6.6272,0.2767,0.0,0.0,0.0,0.0,16,5.9
179.656,-6.6272,0.2767,0.0,0.0,0.0,0.0,16,5.9
179.706,-6.6272,0.2767,0.0,0.0,0.0,0.0,16,5.9
179.715,-6.6272,0.2767,0.0,0.0,0.0,0.0,16,5.9
179.716,-6.6272,0.2767,0.0,0.0,0.0,0.0,16,5.9
179.766,-6.6272,0.2767,0.0,0.0,0.0,0.0,16,5.9
179.777,-6.6272,0.2767,0.0,0.0,0.0,0.0,16,5.9
179.777,-6.6272,0.2767,0.0,0.0,0.0,0.0,16,5.9
179.828,-6.6272,0.2767,0.0,0.0,0.0,0.0,16,5.9
179.836,-6.6272,0.2767,0.0,0.0,0.0,0.0,16,5.9
179.836,-6.6272,0.2767,0.0,0.0,0.0,0.0,16,5.8
179.886,-6.6272,0.2767,0.0,0.0,0.0,0.0,16,5.8
179.896,-6.6272,0.2767,0.0,0.0,0.0,0.0,16,5.8
179.896,-6.6272,0.2767,0.0,0.0,0.0,0.0,16,5.9
179.946,-6.6272,0.2767,0.0,0.0,0.0,0.0,16,5.9
179.956,-6.6272,0.2767,0.0,0.0,0.0,0.0,16,5.9
179.956,-6.6272,0.2767,0.0,0.0,0.0,0.0,16,5.8
180.006,-6.6272,0.2767,0.0,0.0,0.0,0.0,16,5.8
180.015,-6.6272,0.2767,0.0,0.0,0.0,0.0,16,5.8
180.015,-6.6272,0.2767,0.0,0.0,0.0,0.0,16,5.9
180.066,-6.6272,0.2767,0.0,0.0,0.0,0.0,16,5.9
180.075,-6.6272,0.2767,0.0,0.0,0.0,0.0,16,5.9
180.076,-6.6272,0.2767,0.0,0.0,0.0,0.0,16,5.9
180.126,-6.6272,0.2767,0.0,0.0,0.0,0.0,16,5.9
180.136,-6.6272,0.2767,0.0,0.0,0.0,0.0,16,5.9
180.136,-6.6272,0.2767,0.0,0.0,0.0,0.0,16,5.9
180.186,-6.6272,0.2767,0.0,0.0,0.0,0.0,16,5.9
180.195,-6.6272,0.2767,0.0,0.0,0.0,0.0,16,5.9
180.196,-6.6272,0.2767,0.0,0.0,0.0,0.0,16,5.9
180.246,-6.6272,0.2767,0.0,0.0,0.0,0.0,16,5.9
180.256,-6.6272,0.2767,0.0,0.0,0.0,0.0,16,5.9
180.256,-6.6272,0.2767,0.0,0.0,0.0,0.0,16,5.9
180.306,-6.6272,0.2767,0.0,0.0,0.0,0.0,16,5.9
180.316,-6.6272,0.2767,0.0,0.0,0.0,0.0,16,5.9
180.316,-6.6272,0.2767,0.0,0.0,0.0,0.0,16,5.9
180.367,-6.6272,0.2767,0.0,0.0,0.0,0.0,16,5.9
180.377,-6.6272,0.2767,0.0,0.0,0.0,0.0,16,5.9
180.377,-6.6272,0.2767,0.0,0.0,0.0,0.0,16,5.9
180.427,-6.6272,0.2767,0.0,0.0,0.0,0.0,16,5.9
180.435,-6.6272,0.2767,0.0,0.0,0.0,0.0,16,5.9
180.436,-6.6272,0.2767,0.0,0.0,0.0,0.0,16,5.9
180.486,-6.6272,0.2767,0.0,0.0,0.0,0.0,16,5.9
180.496,-6.6272,0.2767,0.0,0.0,0.0,0.0,16,5.9
180.496,-6.6272,0.2767,0.0,0.0,0.0,0.0,16,5.9
180.547,-6.6272,0.2767,0.0,0.0,0.0,0.0,16,5.9
180.556,-6.6272,0.2767,0.0,0.0,0.0,0.0,16,5.9
180.556,-6.6272,0.2767,0.0,0.0,0.0,0.0,16,5.8
180.606,-6.6272,0.2767,0.0,0.0,0.0,0.0,16,5.8
180.616,-6.6272,0.2767,0.0,0.0,0.0,0.0,16,5.8
180.616,-6.6272,0.2767,0.0,0.0,0.0,0.0,16,5.9
180.666,-6.6272,0.2767,0.0,0.0,0.0,0.0,16,5.9
180.677,-6.6272,0.2767,0.0,0.0,0.0,0.0,16,5.9
180.677,-6.6272,0.2767,0.0,0.0,0.0,0.0,16,5.9
180.728,-6.6272,0.2767,0.0,0.0,0.0,0.0,16,5.9
180.736,-6.6272,0.2767,0.0,0.0,0.0,0.0,16,5.9
180.736,-6.6272,0.2767,0.0,0.0,0.0,0.0,16,5.9
180.786,-6.6272,0.2767,0.0,0.0,0.0,0.0,16,5.9
180.796,-6.6272,0.2767,0.0,0.0,0.0,0.0,16,5.9
180.796,-6.6272,0.2767,0.0,0.0,0.0,0.0,16,5.8
180.847,-6.6272,0.2767,0.0,0.0,0.0,0.0,16,5.8
180.856,-6.6272,0.2767,0.0,0.0,0.0,0.0,16,5.8
180.856,-6.6272,0.2767,0.0,0.0,0.0,0.0,16,5.8
180.907,-6.6272,0.2767,0.0,0.0,0.0,0.0,16,5.8
180.916,-6.6272,0.2767,0.0,0.0,0.0,0.0,16,5.8
180.916,-6.6272,0.2767,0.0,0.0,0.0,0.0,16,5.9
180.966,-6.6272,0.2767,0.0,0.0,0.0,0.0,16,5.9
180.976,-6.6272,0.2767,0.0,0.0,0.0,0.0,16,5.9
180.977,-6.6272,0.2767,0.0,0.0,0.0,0.0,16,5.9
181.027,-6.6272,0.2767,0.0,0.0,0.0,0.0,16,5.9
181.035,-6.6272,0.2767,0.0,0.0,0.0,0.0,16,5.9
181.036,-6.6272,0.2767,0.0,0.0,0.0,0.0,16,5.9
181.086,-6.6272,0.2767,0.0,0.0,0.0,0.0,16,5.9
181.096,-6.6272,0.2767,0.0,0.0,0.0,0.0,16,5.9
181.096,-6.6272,0.2767,0.0,0.0,0.0,0.0,16,5.8
181.147,-6.6272,0.2767,0.0,0.0,0.0,0.0,16,5.8
181.156,-6.6272,0.2767,0.0,0.0,0.0,0.0,16,5.8
181.156,-6.6272,0.2767,0.0,0.0,0.0,0.0,16,5.8
181.206,-6.6272,0.2767,0.0,0.0,0.0,0.0,16,5.8
181.216,-6.6272,0.2767,0.0,0.0,0.0,0.0,16,5.8
181.216,-6.6272,0.2767,0.0,0.0,0.0,0.0,16,5.9
181.267,-6.6272,0.2767,0.0,0.0,0.0,0.0,16,5.9
181.276,-6.6272,0.2767,0.0,0.0,0.0,0.0,16,5.9
181.276,-6.6272,0.2767,0.0,0.0,0.0,0.0,16,5.9
181.327,-6.6272,0.2767,0.0,0.0,0.0,0.0,16,5.9
181.336,-6.6272,0.2767,0.0,0.0,0.0,0.0,16,5.9
181.336,-6.6272,0.2767,0.0,0.0,0.0,0.0,16,5.9
181.386,-6.6272,0.2767,0.0,0.0,0.0,0.0,16,5.9
181.396,-6.6272,0.2767,0.0,0.0,0.0,0.0,16,5.9
181.396,-6.6272,0.2767,0.0,0.0,0.0,0.0,16,5.9
181.446,-6.6272,0.2767,0.0,0.0,0.0,0.0,16,5.9
181.456,-6.6272,0.2767,0.0,0.0,0.0,0.0,16,5.9
181.456,-6.6272,0.2767,0.0,0.0,0.0,0.0,16,5.8
181.506,-6.6272,0.2767,0.0,0.0,0.0,0.0,16,5.8
181.516,-6.6272,0.2767,0.0,0.0,0.0,0.0,16,5.8
181.516,-6.6272,0.2767,0.0,0.0,0.0,0.0,16,5.9
181.566,-6.6272,0.2767,0.0,0.0,0.0,0.0,16,5.9
181.576,-6.6272,0.2767,0.0,0.0,0.0,0.0,16,5.9
181.576,-6.6272,0.2767,0.0,0.0,0.0,0.0,16,5.8
181.627,-6.6272,0.2767,0.0,0.0,0.0,0.0,16,5.8
181.636,-6.6272,0.2767,0.0,0.0,0.0,0.0,16,5.8
181.636,-6.6272,0.2767,0.0,0.0,0.0,0.0,16,5.8
181.686,-6.6272,0.2767,0.0,0.0,0.0,0.0,16,5.8
181.696,-6.6272,0.2767,0.0,0.0,0.0,0.0,16,5.8
181.696,-6.6272,0.2767,0.0,0.0,0.0,0.0,16,5.8
181.746,-6.6272,0.2767,0.0,0.0,0.0,0.0,16,5.8
181.755,-6.6272,0.2767,0.0,0.0,0.0,0.0,16,5.8
181.756,-6.6272,0.2767,0.0,0.0,0.0,0.0,16,5.9
181.806,-6.6272,0.2767,0.0,0.0,0.0,0.0,16,5.9
181.816,-6.6272,0.2767,0.0,0.0,0.0,0.0,16,5.9
181.816,-6.6272,0.2767,0.0,0.0,0.0,0.0,16,5.8
181.866,-6.6272,0.2767,0.0,0.0,0.0,0.0,16,5.8
181.876,-6.6272,0.2767,0.0,0.0,0.0,0.0,16,5.8
181.876,-6.6272,0.2767,0.0,0.0,0.0,0.0,16,5.8
181.926,-6.6272,0.2767,0.0,0.0,0.0,0.0,16,5.8
181.936,-6.6272,0.2767,0.0,0.0,0.0,0.0,16,5.8
181.936,-6.6272,0.2767,0.0,0.0,0.0,0.0,16,5.9
181.986,-6.6272,0.2767,0.0,0.0,0.0,0.0,16,5.9
181.996,-6.6272,0.2767,0.0,0.0,0.0,0.0,16,5.9
181.996,-6.6272,0.2767,0.0,0.0,0.0,0.0,16,5.9
182.046,-6.6272,0.2767,0.0,0.0,0.0,0.0,16,5.9
182.055,-6.6272,0.2767,0.0,0.0,0.0,0.0,16,5.9
182.056,-6.6272,0.2767,0.0,0.0,0.0,0.0,16,5.8
182.106,-6.6272,0.2767,0.0,0.0,0.0,0.0,16,5.8
182.116,-6.6272,0.2767,0.0,0.0,0.0,0.0,16,5.8
182.116,-6.6272,0.2767,0.0,0.0,0.0,0.0,16,5.9
182.166,-6.6272,0.2767,0.0,0.0,0.0,0.0,16,5.9
182.176,-6.6272,0.2767,0.0,0.0,0.0,0.0,16,5.9
182.176,-6.6272,0.2767,0.0,0.0,0.0,0.0,16,5.9
182.226,-6.6272,0.2767,0.0,0.0,0.0,0.0,16,5.9
182.236,-6.6272,0.2767,0.0,0.0,0.0,0.0,16,5.9
182.236,-6.6272,0.2767,0.0,0.0,0.0,0.0,16,5.8
182.286,-6.6272,0.2767,0.0,0.0,0.0,0.0,16,5.8
182.296,-6.6272,0.2767,0.0,0.0,0.0,0.0,16,5.8
182.296,-6.6272,0.2767,0.0,0.0,0.0,0.0,16,5.8
182.347,-6.6272,0.2767,0.0,0.0,0.0,0.0,16,5.8
182.355,-6.6272,0.2767,0.0,0.0,0.0,0.0,16,5.8
182.356,-6.6272,0.2767,0.0,0.0,0.0,0.0,16,5.9
182.406,-6.6272,0.2767,0.0,0.0,0.0,0.0,16,5.9
182.416,-6.6272,0.2767,0.0,0.0,0.0,0.0,16,5.9
182.417,-6.6272,0.2767,0.0,0.0,0.0,0.0,16,5.9
182.467,-6.6272,0.2767,0.0,0.0,0.0,0.0,16,5.9
182.476,-6.6272,0.2767,0.0,0.0,0.0,0.0,16,5.9
182.476,-6.6272,0.2767,0.0,0.0,0.0,0.0,16,5.8
182.526,-6.6272,0.2767,0.0,0.0,0.0,0.0,16,5.8
182.535,-6.6272,0.2767,0.0,0.0,0.0,0.0,16,5.8
182.536,-6.6272,0.2767,0.0,0.0,0.0,0.0,16,5.9
182.586,-6.6272,0.2767,0.0,0.0,0.0,0.0,16,5.9
182.596,-6.6272,0.2767,0.0,0.0,0.0,0.0,16,5.9
182.596,-6.6272,0.2767,0.0,0.0,0.0,0.0,16,5.8
182.646,-6.6272,0.2767,0.0,0.0,0.0,0.0,16,5.8
182.655,-6.6272,0.2767,0.0,0.0,0.0,0.0,16,5.8
182.655,-6.6272,0.2767,0.0,0.0,0.0,0.0,16,5.8
182.706,-6.6272,0.2767,0.0,0.0,0.0,0.0,16,5.8
182.716,-6.6272,0.2767,0.0,0.0,0.0,0.0,16,5.8
182.716,-6.6272,0.2767,0.0,0.0,0.0,0.0,16,5.8
182.766,-6.6272,0.2767,0.0,0.0,0.0,0.0,16,5.8
182.776,-6.6272,0.2767,0.0,0.0,0.0,0.0,16,5.8
182.777,-6.6272,0.2767,0.0,0.0,0.0,0.0,16,5.9
182.827,-6.6272,0.2767,0.0,0.0,0.0,0.0,16,5.9
182.835,-6.6272,0.2767,0.0,0.0,0.0,0.0,16,5.9
182.835,-6.6272,0.2767,0.0,0.0,0.0,0.0,16,5.8
182.886,-6.6272,0.2767,0.0,0.0,0.0,0.0,16,5.8
182.896,-6.6272,0.2767,0.0,0.0,0.0,0.0,16,5.8
182.896,-6.6272,0.2767,0.0,0.0,0.0,0.0,16,5.8
182.946,-6.6272,0.2767,0.0,0.0,0.0,0.0,16,5.8
182.955,-6.6272,0.2767,0.0,0.0,0.0,0.0,16,5.8
182.956,-6.6272,0.2767,0.0,0.0,0.0,0.0,16,5.9
183.006,-6.6272,0.2767,0.0,0.0,0.0,0.0,16,5.9
183.016,-6.6272,0.2767,0.0,0.0,0.0,0.0,16,5.9
183.016,-6.6272,0.2767,0.0,0.0,0.0,0.0,16,5.8
183.066,-6.6272,0.2767,0.0,0.0,0.0,0.0,16,5.8
183.076,-6.6272,0.2767,0.0,0.0,0.0,0.0,16,5.8
183.076,-6.6272,0.2767,0.0,0.0,0.0,0.0,16,5.9
183.127,-6.6272,0.2767,0.0,0.0,0.0,0.0,16,5.9
183.136,-6.6272,0.2767,0.0,0.0,0.0,0.0,16,5.9
183.136,-6.6272,0.2767,0.0,0.0,0.0,0.0,16,5.8
183.186,-6.6272,0.2767,0.0,0.0,0.0,0.0,16,5.8
183.196,-6.6272,0.2767,0.0,0.0,0.0,0.0,16,5.8
183.196,-6.6272,0.2767,0.0,0.0,0.0,0.0,16,5.8
183.246,-6.6272,0.2767,0.0,0.0,0.0,0.0,16,5.8
183.255,-6.6272,0.2767,0.0,0.0,0.0,0.0,16,5.8
183.256,-6.6272,0.2767,0.0,0.0,0.0,0.0,16,5.9
183.306,-6.6272,0.2767,0.0,0.0,0.0,0.0,16,5.9
183.315,-6.6272,0.2767,0.0,0.0,0.0,0.0,16,5.9
183.316,-6.6272,0.2767,0.0,0.0,0.0,0.0,16,5.8
183.366,-6.6272,0.2767,0.0,0.0,0.0,0.0,16,5.8
183.376,-6.6272,0.2767,0.0,0.0,0.0,0.0,16,5.8
183.376,-6.6272,0.2767,0.0,0.0,0.0,0.0,16,5.8
183.426,-6.6272,0.2767,0.0,0.0,0.0,0.0,16,5.8
183.436,-6.6272,0.2767,0.0,0.0,0.0,0.0,16,5.8
183.436,-6.6272,0.2767,0.0,0.0,0.0,0.0,16,5.8
183.486,-6.6272,0.2767,0.0,0.0,0.0,0.0,16,5.8
183.496,-6.6272,0.2767,0.0,0.0,0.0,0.0,16,5.8
183.496,-6.6272,0.2767,0.0,0.0,0.0,0.0,16,5.8
183.546,-6.6272,0.2767,0.0,0.0,0.0,0.0,16,5.8
183.556,-6.6272,0.2767,0.0,0.0,0.0,0.0,16,5.8
183.556,-6.6272,0.2767,0.0,0.0,0.0,0.0,16,5.9
183.606,-6.6272,0.2767,0.0,0.0,0.0,0.0,16,5.9
183.615,-6.6272,0.2767,0.0,0.0,0.0,0.0,16,5.9
183.616,-6.6272,0.2767,0.0,0.0,0.0,0.0,16,5.9
183.666,-6.6272,0.2767,0.0,0.0,0.0,0.0,16,5.9
183.676,-6.6272,0.2767,0.0,0.0,0.0,0.0,16,5.9
183.676,-6.6272,0.2767,0.0,0.0,0.0,0.0,16,5.9
183.727,-6.6272,0.2767,0.0,0.0,0.0,0.0,16,5.9
183.736,-6.6272,0.2767,0.0,0.0,0.0,0.0,16,5.9
183.736,-6.6272,0.2767,0.0,0.0,0.0,0.0,16,5.9
183.786,-6.6272,0.2767,0.0,0.0,0.0,0.0,16,5.9
183.796,-6.6272,0.2767,0.0,0.0,0.0,0.0,16,5.9
183.796,-6.6272,0.2767,0.0,0.0,0.0,0.0,16,5.9
183.847,-6.6272,0.2767,0.0,0.0,0.0,0.0,16,5.9
183.856,-6.6272,0.2767,0.0,0.0,0.0,0.0,16,5.9
183.856,-6.6272,0.2767,0.0,0.0,0.0,0.0,16,5.9
183.906,-6.6272,0.2767,0.0,0.0,0.0,0.0,16,5.9
183.916,-6.6272,0.2767,0.0,0.0,0.0,0.0,16,5.9
183.916,-6.6272,0.2767,0.0,0.0,0.0,0.0,16,5.8
183.966,-6.6272,0.2767,0.0,0.0,0.0,0.0,16,5.8
183.976,-6.6272,0.2767,0.0,0.0,0.0,0.0,16,5.8
183.976,-6.6272,0.2767,0.0,0.0,0.0,0.0,16,5.8
184.027,-6.6272,0.2767,0.0,0.0,0.0,0.0,16,5.8
184.035,-6.6272,0.2767,0.0,0.0,0.0,0.0,16,5.8
184.036,-6.6272,0.2767,0.0,0.0,0.0,0.0,16,5.9
184.086,-6.6272,0.2767,0.0,0.0,0.0,0.0,16,5.9
184.096,-6.6272,0.2767,0.0,0.0,0.0,0.0,16,5.9
184.097,-6.6272,0.2767,0.0,0.0,0.0,0.0,16,5.8
184.147,-6.6272,0.2767,0.0,0.0,0.0,0.0,16,5.8
184.155,-6.6272,0.2767,0.0,0.0,0.0,0.0,16,5.8
184.156,-6.6272,0.2767,0.0,0.0,0.0,0.0,16,5.8
184.206,-6.6272,0.2767,0.0,0.0,0.0,0.0,16,5.8
184.216,-6.6272,0.2767,0.0,0.0,0.0,0.0,16,5.8
184.216,-6.6272,0.2767,0.0,0.0,0.0,0.0,16,5.9
184.266,-6.6272,0.2767,0.0,0.0,0.0,0.0,16,5.9
184.276,-6.6272,0.2767,0.0,0.0,0.0,0.0,16,5.9
184.276,-6.6272,0.2767,0.0,0.0,0.0,0.0,16,5.8
184.326,-6.6272,0.2767,0.0,0.0,0.0,0.0,16,5.8
184.335,-6.6272,0.2767,0.0,0.0,0.0,0.0,16,5.8
184.336,-6.6272,0.2767,0.0,0.0,0.0,0.0,16,5.8
184.386,-6.6272,0.2767,0.0,0.0,0.0,0.0,16,5.8
184.396,-6.6272,0.2767,0.0,0.0,0.0,0.0,16,5.8
184.396,-6.6272,0.2767,0.0,0.0,0.0,0.0,16,5.8
184.446,-6.6272,0.2767,0.0,0.0,0.0,0.0,16,5.8
184.455,-6.6272,0.2767,0.0,0.0,0.0,0.0,16,5.8
184.455,-6.6272,0.2767,0.0,0.0,0.0,0.0,16,5.8
184.506,-6.6272,0.2767,0.0,0.0,0.0,0.0,16,5.8
184.515,-6.6272,0.2767,0.0,0.0,0.0,0.0,16,5.8
184.516,-6.6272,0.2767,0.0,0.0,0.0,0.0,16,5.8
184.566,-6.6272,0.2767,0.0,0.0,0.0,0.0,16,5.8
184.576,-6.6272,0.2767,0.0,0.0,0.0,0.0,16,5.8
184.576,-6.6272,0.2767,0.0,0.0,0.0,0.0,16,5.8
184.626,-6.6272,0.2767,0.0,0.0,0.0,0.0,16,5.8
184.636,-6.6272,0.2767,0.0,0.0,0.0,0.0,16,5.8
184.636,-6.6272,0.2767,0.0,0.0,0.0,0.0,16,5.8
184.686,-6.6272,0.2767,0.0,0.0,0.0,0.0,16,5.8
184.696,-6.6272,0.2767,0.0,0.0,0.0,0.0,16,5.8
184.696,-6.6272,0.2767,0.0,0.0,0.0,0.0,16,5.9
184.746,-6.6272,0.2767,0.0,0.0,0.0,0.0,16,5.9
184.755,-6.6272,0.2767,0.0,0.0,0.0,0.0,16,5.9
184.756,-6.6272,0.2767,0.0,0.0,0.0,0.0,16,5.9
184.806,-6.6272,0.2767,0.0,0.0,0.0,0.0,16,5.9
184.816,-6.6272,0.2767,0.0,0.0,0.0,0.0,16,5.9
184.816,-6.6272,0.2767,0.0,0.0,0.0,0.0,16,5.9
184.866,-6.6272,0.2767,0.0,0.0,0.0,0.0,16,5.9
184.876,-6.6272,0.2767,0.0,0.0,0.0,0.0,16,5.9
184.876,-6.6272,0.2767,0.0,0.0,0.0,0.0,16,5.8
184.926,-6.6272,0.2767,0.0,0.0,0.0,0.0,16,5.8
184.936,-6.6272,0.2767,0.0,0.0,0.0,0.0,16,5.8
184.936,-6.6272,0.2767,0.0,0.0,0.0,0.0,16,5.8
184.986,-6.6272,0.2767,0.0,0.0,0.0,0.0,16,5.8
184.996,-6.6272,0.2767,0.0,0.0,0.0,0.0,16,5.8
184.996,-6.6272,0.2767,0.0,0.0,0.0,0.0,16,5.8
185.046,-6.6272,0.2767,0.0,0.0,0.0,0.0,16,5.8
185.055,-6.6272,0.2767,0.0,0.0,0.0,0.0,16,5.8
185.056,-6.6272,0.2767,0.0,0.0,0.0,0.0,16,5.8
185.106,-6.6272,0.2767,0.0,0.0,0.0,0.0,16,5.8
185.116,-6.6272,0.2767,0.0,0.0,0.0,0.0,16,5.8
185.116,-6.6272,0.2767,0.0,0.0,0.0,0.0,16,5.9
185.166,-6.6272,0.2767,0.0,0.0,0.0,0.0,16,5.9
185.176,-6.6272,0.2767,0.0,0.0,0.0,0.0,16,5.9
185.176,-6.6272,0.2767,0.0,0.0,0.0,0.0,16,5.8
185.226,-6.6272,0.2767,0.0,0.0,0.0,0.0,16,5.8
185.236,-6.6272,0.2767,0.0,0.0,0.0,0.0,16,5.8
185.236,-6.6272,0.2767,0.0,0.0,0.0,0.0,16,5.8
185.286,-6.6272,0.2767,0.0,0.0,0.0,0.0,16,5.8
185.296,-6.6272,0.2767,0.0,0.0,0.0,0.0,16,5.8
185.296,-6.6272,0.2767,0.0,0.0,0.0,0.0,16,5.8
185.347,-6.6272,0.2767,0.0,0.0,0.0,0.0,16,5.8
185.356,-6.6272,0.2767,0.0,0.0,0.0,0.0,16,5.8
185.356,-6.6272,0.2767,0.0,0.0,0.0,0.0,16,5.8
185.406,-6.6272,0.2767,0.0,0.0,0.0,0.0,16,5.8
185.416,-6.6272,0.2767,0.0,0.0,0.0,0.0,16,5.8
185.416,-6.6272,0.2767,0.0,0.0,0.0,0.0,16,5.8
185.466,-6.6272,0.2767,0.0,0.0,0.0,0.0,16,5.8
185.476,-6.6272,0.2767,0.0,0.0,0.0,0.0,16,5.8
185.476,-6.6272,0.2767,0.0,0.0,0.0,0.0,16,5.9
185.526,-6.6272,0.2767,0.0,0.0,0.0,0.0,16,5.9
185.536,-6.6272,0.2767,0.0,0.0,0.0,0.0,16,5.9
185.536,-6.6272,0.2767,0.0,0.0,0.0,0.0,16,5.9
185.586,-6.6272,0.2767,0.0,0.0,0.0,0.0,16,5.9
185.596,-6.6272,0.2767,0.0,0.0,0.0,0.0,16,5.9
185.596,-6.6272,0.2767,0.0,0.0,0.0,0.0,16,5.8
185.647,-6.6272,0.2767,0.0,0.0,0.0,0.0,16,5.8
185.658,-6.6272,0.2767,0.0,0.0,0.0,0.0,16,5.8
185.658,-6.6272,0.2767,0.0,0.0,0.0,0.0,16,5.9
185.708,-6.6272,0.2767,0.0,0.0,0.0,0.0,16,5.9
185.716,-6.6272,0.2767,0.0,0.0,0.0,0.0,16,5.9
185.716,-6.6272,0.2767,0.0,0.0,0.0,0.0,16,5.8
185.766,-6.6272,0.2767,0.0,0.0,0.0,0.0,16,5.8
185.776,-6.6272,0.2767,0.0,0.0,0.0,0.0,16,5.8
185.776,-6.6272,0.2767,0.0,0.0,0.0,0.0,16,5.8
185.826,-6.6272,0.2767,0.0,0.0,0.0,0.0,16,5.8
185.836,-6.6272,0.2767,0.0,0.0,0.0,0.0,16,5.8
185.836,-6.6272,0.2767,0.0,0.0,0.0,0.0,16,5.8
185.886,-6.6272,0.2767,0.0,0.0,0.0,0.0,16,5.8
185.896,-6.6272,0.2767,0.0,0.0,0.0,0.0,16,5.8
185.896,-6.6272,0.2767,0.0,0.0,0.0,0.0,16,5.9
185.946,-6.6272,0.2767,0.0,0.0,0.0,0.0,16,5.9
185.955,-6.6272,0.2767,0.0,0.0,0.0,0.0,16,5.9
185.956,-6.6272,0.2767,0.0,0.0,0.0,0.0,16,5.8
186.006,-6.6272,0.2767,0.0,0.0,0.0,0.0,16,5.8
186.016,-6.6272,0.2767,0.0,0.0,0.0,0.0,16,5.8
186.016,-6.6272,0.2767,0.0,0.0,0.0,0.0,16,5.8
186.066,-6.6272,0.2767,0.0,0.0,0.0,0.0,16,5.8
186.076,-6.6272,0.2767,0.0,0.0,0.0,0.0,16,5.8
186.077,-6.6272,0.2767,0.0,0.0,0.0,0.0,16,5.8
186.127,-6.6272,0.2767,0.0,0.0,0.0,0.0,16,5.8
186.136,-6.6272,0.2767,0.0,0.0,0.0,0.0,16,5.8
186.136,-6.6272,0.2767,0.0,0.0,0.0,0.0,16,5.9
186.186,-6.6272,0.2767,0.0,0.0,0.0,0.0,16,5.9
186.196,-6.6272,0.2767,0.0,0.0,0.0,0.0,16,5.9
186.196,-6.6272,0.2767,0.0,0.0,0.0,0.0,16,5.9
186.247,-6.6272,0.2767,0.0,0.0,0.0,0.0,16,5.9
186.256,-6.6272,0.2767,0.0,0.0,0.0,0.0,16,5.9
186.256,-6.6272,0.2767,0.0,0.0,0.0,0.0,16,5.9
186.306,-6.6272,0.2767,0.0,0.0,0.0,0.0,16,5.9
186.316,-6.6272,0.2767,0.0,0.0,0.0,0.0,16,5.9
186.316,-6.6272,0.2767,0.0,0.0,0.0,0.0,16,5.9
186.366,-6.6272,0.2767,0.0,0.0,0.0,0.0,16,5.9
186.376,-6.6272,0.2767,0.0,0.0,0.0,0.0,16,5.9
186.376,-6.6272,0.2767,0.0,0.0,0.0,0.0,16,5.8
186.427,-6.6272,0.2767,0.0,0.0,0.0,0.0,16,5.8
186.436,-6.6272,0.2767,0.0,0.0,0.0,0.0,16,5.8
186.436,-6.6272,0.2767,0.0,0.0,0.0,0.0,16,5.8
186.486,-6.6272,0.2767,0.0,0.0,0.0,0.0,16,5.8
186.496,-6.6272,0.2767,0.0,0.0,0.0,0.0,16,5.8
186.496,-6.6272,0.2767,0.0,0.0,0.0,0.0,16,5.9
186.546,-6.6272,0.2767,0.0,0.0,0.0,0.0,16,5.9
186.556,-6.6272,0.2767,0.0,0.0,0.0,0.0,16,5.9
186.556,-6.6272,0.2767,0.0,0.0,0.0,0.0,16,5.8
186.606,-6.6272,0.2767,0.0,0.0,0.0,0.0,16,5.8
186.616,-6.6272,0.2767,0.0,0.0,0.0,0.0,16,5.8
186.616,-6.6272,0.2767,0.0,0.0,0.0,0.0,16,5.8
186.666,-6.6272,0.2767,0.0,0.0,0.0,0.0,16,5.8
186.676,-6.6272,0.2767,0.0,0.0,0.0,0.0,16,5.8
186.676,-6.6272,0.2767,0.0,0.0,0.0,0.0,16,5.8
186.726,-6.6272,0.2767,0.0,0.0,0.0,0.0,16,5.8
186.736,-6.6272,0.2767,0.0,0.0,0.0,0.0,16,5.8
186.736,-6.6272,0.2767,0.0,0.0,0.0,0.0,16,5.8
186.786,-6.6272,0.2767,0.0,0.0,0.0,0.0,16,5.8
186.795,-6.6272,0.2767,0.0,0.0,0.0,0.0,16,5.8
186.796,-6.6272,0.2767,0.0,0.0,0.0,0.0,16,5.8
186.846,-6.6272,0.2767,0.0,0.0,0.0,0.0,16,5.8
186.855,-6.6272,0.2767,0.0,0.0,0.0,0.0,16,5.8
186.856,-6.6272,0.2767,0.0,0.0,0.0,0.0,16,5.8
186.906,-6.6272,0.2767,0.0,0.0,0.0,0.0,16,5.8
186.915,-6.6272,0.2767,0.0,0.0,0.0,0.0,16,5.8
186.916,-6.6272,0.2767,0.0,0.0,0.0,0.0,16,5.8
186.966,-6.6272,0.2767,0.0,0.0,0.0,0.0,16,5.8
186.976,-6.6272,0.2767,0.0,0.0,0.0,0.0,16,5.8
186.976,-6.6272,0.2767,0.0,0.0,0.0,0.0,16,5.8
187.027,-6.6272,0.2767,0.0,0.0,0.0,0.0,16,5.8
187.036,-6.6272,0.2767,0.0,0.0,0.0,0.0,16,5.8
187.036,-6.6272,0.2767,0.0,0.0,0.0,0.0,16,5.8
187.086,-6.6272,0.2767,0.0,0.0,0.0,0.0,16,5.8
187.097,-6.6272,0.2767,0.0,0.0,0.0,0.0,16,5.8
187.097,-6.6272,0.2767,0.0,0.0,0.0,0.0,16,5.8
187.147,-6.6272,0.2767,0.0,0.0,0.0,0.0,16,5.8
187.157,-6.6272,0.2767,0.0,0.0,0.0,0.0,16,5.8
187.157,-6.6272,0.2767,0.0,0.0,0.0,0.0,16,5.8
187.208,-6.6272,0.2767,0.0,0.0,0.0,0.0,16,5.8
187.216,-6.6272,0.2767,0.0,0.0,0.0,0.0,16,5.8
187.216,-6.6272,0.2767,0.0,0.0,0.0,0.0,16,5.8
187.266,-6.6272,0.2767,0.0,0.0,0.0,0.0,16,5.8
187.276,-6.6272,0.2767,0.0,0.0,0.0,0.0,16,5.8
187.276,-6.6272,0.2767,0.0,0.0,0.0,0.0,16,5.8
187.326,-6.6272,0.2767,0.0,0.0,0.0,0.0,16,5.8
187.336,-6.6272,0.2767,0.0,0.0,0.0,0.0,16,5.8
187.336,-6.6272,0.2767,0.0,0.0,0.0,0.0,16,5.9
187.386,-6.6272,0.2767,0.0,0.0,0.0,0.0,16,5.9
187.396,-6.6272,0.2767,0.0,0.0,0.0,0.0,16,5.9
187.396,-6.6272,0.2767,0.0,0.0,0.0,0.0,16,5.8
187.446,-6.6272,0.2767,0.0,0.0,0.0,0.0,16,5.8
187.456,-6.6272,0.2767,0.0,0.0,0.0,0.0,16,5.8
187.456,-6.6272,0.2767,0.0,0.0,0.0,0.0,16,5.9
187.506,-6.6272,0.2767,0.0,0.0,0.0,0.0,16,5.9
187.516,-6.6272,0.2767,0.0,0.0,0.0,0.0,16,5.9
187.516,-6.6272,0.2767,0.0,0.0,0.0,0.0,16,5.9
187.566,-6.6272,0.2767,0.0,0.0,0.0,0.0,16,5.9
187.576,-6.6272,0.2767,0.0,0.0,0.0,0.0,16,5.9
187.577,-6.6272,0.2767,0.0,0.0,0.0,0.0,16,5.8
187.627,-6.6272,0.2767,0.0,0.0,0.0,0.0,16,5.8
187.636,-6.6272,0.2767,0.0,0.0,0.0,0.0,16,5.8
187.636,-6.6272,0.2767,0.0,0.0,0.0,0.0,16,5.8
187.687,-6.6272,0.2767,0.0,0.0,0.0,0.0,16,5.8
187.696,-6.6272,0.2767,0.0,0.0,0.0,0.0,16,5.8
187.696,-6.6272,0.2767,0.0,0.0,0.0,0.0,16,5.8
187.746,-6.6272,0.2767,0.0,0.0,0.0,0.0,16,5.8
187.755,-6.6272,0.2767,0.0,0.0,0.0,0.0,16,5.8
187.756,-6.6272,0.2767,0.0,0.0,0.0,0.0,16,5.8
187.806,-6.6272,0.2767,0.0,0.0,0.0,0.0,16,5.8
187.816,-6.6272,0.2767,0.0,0.0,0.0,0.0,16,5.8
187.816,-6.6272,0.2767,0.0,0.0,0.0,0.0,16,5.9
187.866,-6.6272,0.2767,0.0,0.0,0.0,0.0,16,5.9
187.877,-6.6272,0.2767,0.0,0.0,0.0,0.0,16,5.9
187.877,-6.6272,0.2767,0.0,0.0,0.0,0.0,16,5.8
187.928,-6.6272,0.2767,0.0,0.0,0.0,0.0,16,5.8
187.936,-6.6272,0.2767,0.0,0.0,0.0,0.0,16,5.8
187.936,-6.6272,0.2767,0.0,0.0,0.0,0.0,16,5.9
187.986,-6.6272,0.2767,0.0,0.0,0.0,0.0,16,5.9
187.995,-6.6272,0.2767,0.0,0.0,0.0,0.0,16,5.9
187.996,-6.6272,0.2767,0.0,0.0,0.0,0.0,16,5.9
188.046,-6.6272,0.2767,0.0,0.0,0.0,0.0,16,5.9
188.046,-6.6272,0.2767,0.0,0.0,0.0,0.0,16,5.9
188.096,-6.6272,0.2767,0.0,0.0,0.0,0.0,16,5.9
188.096,-6.6272,0.2767,0.0,0.0,0.0,0.0,16,5.8
188.146,-6.6272,0.2767,0.0,0.0,0.0,0.0,16,5.8
188.156,-6.6272,0.2767,0.0,0.0,0.0,0.0,16,5.8
188.156,-6.6272,0.2767,0.0,0.0,0.0,0.0,16,5.9
188.206,-6.6272,0.2767,0.0,0.0,0.0,0.0,16,5.9
188.216,-6.6272,0.2767,0.0,0.0,0.0,0.0,16,5.9
188.216,-6.6272,0.2767,0.0,0.0,0.0,0.0,16,5.8
188.266,-6.6272,0.2767,0.0,0.0,0.0,0.0,16,5.8
188.277,-6.6272,0.2767,0.0,0.0,0.0,0.0,16,5.8
188.277,-6.6272,0.2767,0.0,0.0,0.0,0.0,16,5.8
188.328,-6.6272,0.2767,0.0,0.0,0.0,0.0,16,5.8
188.336,-6.6272,0.2767,0.0,0.0,0.0,0.0,16,5.8
188.336,-6.6272,0.2767,0.0,0.0,0.0,0.0,16,5.8
188.387,-6.6272,0.2767,0.0,0.0,0.0,0.0,16,5.8
188.396,-6.6272,0.2767,0.0,0.0,0.0,0.0,16,5.8
188.396,-6.6272,0.2767,0.0,0.0,0.0,0.0,16,5.8
188.446,-6.6272,0.2767,0.0,0.0,0.0,0.0,16,5.8
188.456,-6.6272,0.2767,0.0,0.0,0.0,0.0,16,5.8
188.456,-6.6272,0.2767,0.0,0.0,0.0,0.0,16,5.9
188.506,-6.6272,0.2767,0.0,0.0,0.0,0.0,16,5.9
188.516,-6.6272,0.2767,0.0,0.0,0.0,0.0,16,5.9
188.516,-6.6272,0.2767,0.0,0.0,0.0,0.0,16,5.8
188.566,-6.6272,0.2767,0.0,0.0,0.0,0.0,16,5.8
188.578,-6.6272,0.2767,0.0,0.0,0.0,0.0,16,5.8
188.578,-6.6272,0.2767,0.0,0.0,0.0,0.0,16,5.8
188.628,-6.6272,0.2767,0.0,0.0,0.0,0.0,16,5.8
188.636,-6.6272,0.2767,0.0,0.0,0.0,0.0,16,5.8
188.636,-6.6272,0.2767,0.0,0.0,0.0,0.0,16,5.8
188.686,-6.6272,0.2767,0.0,0.0,0.0,0.0,16,5.8
188.696,-6.6272,0.2767,0.0,0.0,0.0,0.0,16,5.8
188.696,-6.6272,0.2767,0.0,0.0,0.0,0.0,16,5.9
188.746,-6.6272,0.2767,0.0,0.0,0.0,0.0,16,5.9
188.756,-6.6272,0.2767,0.0,0.0,0.0,0.0,16,5.9
188.756,-6.6272,0.2767,0.0,0.0,0.0,0.0,16,5.8
188.807,-6.6272,0.2767,0.0,0.0,0.0,0.0,16,5.8
188.816,-6.6272,0.2767,0.0,0.0,0.0,0.0,16,5.8
188.816,-6.6272,0.2767,0.0,0.0,0.0,0.0,16,5.8
188.866,-6.6272,0.2767,0.0,0.0,0.0,0.0,16,5.8
188.878,-6.6272,0.2767,0.0,0.0,0.0,0.0,16,5.8
188.878,-6.6272,0.2767,0.0,0.0,0.0,0.0,16,5.8
188.928,-6.6272,0.2767,0.0,0.0,0.0,0.0,16,5.8
188.936,-6.6272,0.2767,0.0,0.0,0.0,0.0,16,5.8
188.936,-6.6272,0.2767,0.0,0.0,0.0,0.0,16,5.8
188.986,-6.6272,0.2767,0.0,0.0,0.0,0.0,16,5.8
188.996,-6.6272,0.2767,0.0,0.0,0.0,0.0,16,5.8
188.996,-6.6272,0.2767,0.0,0.0,0.0,0.0,16,5.8
189.046,-6.6272,0.2767,0.0,0.0,0.0,0.0,16,5.8
189.055,-6.6272,0.2767,0.0,0.0,0.0,0.0,16,5.8
189.056,-6.6272,0.2767,0.0,0.0,0.0,0.0,16,5.8
189.106,-6.6272,0.2767,0.0,0.0,0.0,0.0,16,5.8
189.116,-6.6272,0.2767,0.0,0.0,0.0,0.0,16,5.8
189.116,-6.6272,0.2767,0.0,0.0,0.0,0.0,16,5.8
189.166,-6.6272,0.2767,0.0,0.0,0.0,0.0,16,5.8
189.176,-6.6272,0.2767,0.0,0.0,0.0,0.0,16,5.8
189.177,-6.6272,0.2767,0.0,0.0,0.0,0.0,16,5.8
189.227,-6.6272,0.2767,0.0,0.0,0.0,0.0,16,5.8
189.235,-6.6272,0.2767,0.0,0.0,0.0,0.0,16,5.8
189.235,-6.6272,0.2767,0.0,0.0,0.0,0.0,16,5.8
189.286,-6.6272,0.2767,0.0,0.0,0.0,0.0,16,5.8
189.296,-6.6272,0.2767,0.0,0.0,0.0,0.0,16,5.8
189.296,-6.6272,0.2767,0.0,0.0,0.0,0.0,16,5.8
189.346,-6.6272,0.2767,0.0,0.0,0.0,0.0,16,5.8
189.355,-6.6272,0.2767,0.0,0.0,0.0,0.0,16,5.8
189.356,-6.6272,0.2767,0.0,0.0,0.0,0.0,16,5.8
189.406,-6.6272,0.2767,0.0,0.0,0.0,0.0,16,5.8
189.416,-6.6272,0.2767,0.0,0.0,0.0,0.0,16,5.8
189.416,-6.6272,0.2767,0.0,0.0,0.0,0.0,16,5.8
189.466,-6.6272,0.2767,0.0,0.0,0.0,0.0,16,5.8
189.476,-6.6272,0.2767,0.0,0.0,0.0,0.0,16,5.8
189.476,-6.6272,0.2767,0.0,0.0,0.0,0.0,16,5.8
189.527,-6.6272,0.2767,0.0,0.0,0.0,0.0,16,5.8
189.535,-6.6272,0.2767,0.0,0.0,0.0,0.0,16,5.8
189.536,-6.6272,0.2767,0.0,0.0,0.0,0.0,16,5.8
189.586,-6.6272,0.2767,0.0,0.0,0.0,0.0,16,5.8
189.596,-6.6272,0.2767,0.0,0.0,0.0,0.0,16,5.8
189.596,-6.6272,0.2767,0.0,0.0,0.0,0.0,16,5.8
189.646,-6.6272,0.2767,0.0,0.0,0.0,0.0,16,5.8
189.655,-6.6272,0.2767,0.0,0.0,0.0,0.0,16,5.8
189.696,-6.6272,0.2767,0.0,0.0,0.0,0.0,16,5.8
189.715,-6.6272,0.2767,0.0,0.0,0.0,0.0,16,5.8
189.756,-6.6272,0.2767,0.0,0.0,0.0,0.0,16,5.8
189.776,-6.6272,0.2767,0.0,0.0,0.0,0.0,16,5.8
189.816,-6.6272,0.2767,0.0,0.0,0.0,0.0,16,5.8
189.835,-6.6272,0.2767,0.0,0.0,0.0,0.0,16,5.8
189.876,-6.6272,0.2767,0.0,0.0,0.0,0.0,16,5.8
189.896,-6.6272,0.2767,0.0,0.0,0.0,0.0,16,5.8
189.936,-6.6272,0.2767,0.0,0.0,0.0,0.0,16,5.8
189.955,-6.6272,0.2767,0.0,0.0,0.0,0.0,16,5.8
189.996,-6.6272,0.2767,0.0,0.0,0.0,0.0,16,5.8
190.015,-6.6272,0.2767,0.0,0.0,0.0,0.0,16,5.8
190.056,-6.6272,0.2767,0.0,0.0,0.0,0.0,16,5.8
190.078,-6.6272,0.2767,0.0,0.0,0.0,0.0,16,5.8
190.115,-6.6272,0.2767,0.0,0.0,0.0,0.0,16,5.8
190.135,-6.6272,0.2767,0.0,0.0,0.0,0.0,16,5.8
190.177,-6.6272,0.2767,0.0,0.0,0.0,0.0,16,5.8
190.196,-6.6272,0.2767,0.0,0.0,0.0,0.0,16,5.9
190.236,-6.6272,0.2767,0.0,0.0,0.0,0.0,16,5.9
190.255,-6.6272,0.2767,0.0,0.0,0.0,0.0,16,5.8
190.296,-6.6272,0.2767,0.0,0.0,0.0,0.0,16,5.8
190.315,-6.6272,0.2767,0.0,0.0,0.0,0.0,16,5.8
190.356,-6.6272,0.2767,0.0,0.0,0.0,0.0,16,5.8
190.376,-6.6272,0.2767,0.0,0.0,0.0,0.0,16,5.8
190.416,-6.6272,0.2767,0.0,0.0,0.0,0.0,16,5.8
190.435,-6.6272,0.2767,0.0,0.0,0.0,0.0,16,5.8
190.477,-6.6272,0.2767,0.0,0.0,0.0,0.0,16,5.8
190.495,-6.6272,0.2767,0.0,0.0,0.0,0.0,16,5.8
190.536,-6.6272,0.2767,0.0,0.0,0.0,0.0,16,5.8
190.556,-6.6272,0.2767,0.0,0.0,0.0,0.0,16,5.8
190.596,-6.6272,0.2767,0.0,0.0,0.0,0.0,16,5.8
190.616,-6.6272,0.2767,0.0,0.0,0.0,0.0,16,5.8
190.656,-6.6272,0.2767,0.0,0.0,0.0,0.0,16,5.8
190.677,-6.6272,0.2767,0.0,0.0,0.0,0.0,16,5.8
190.716,-6.6272,0.2767,0.0,0.0,0.0,0.0,16,5.8
190.735,-6.6272,0.2767,0.0,0.0,0.0,0.0,16,5.8
190.776,-6.6272,0.2767,0.0,0.0,0.0,0.0,16,5.8
190.796,-6.6272,0.2767,0.0,0.0,0.0,0.0,16,5.8
190.836,-6.6272,0.2767,0.0,0.0,0.0,0.0,16,5.8
190.855,-6.6272,0.2767,0.0,0.0,0.0,0.0,16,5.8
190.886,-6.6272,0.2767,0.0,0.0,0.0,0.0,16,5.8
190.916,-6.6272,0.2767,0.0,0.0,0.0,0.0,16,5.8
190.946,-6.6272,0.2767,0.0,0.0,0.0,0.0,16,5.8
190.977,-6.6272,0.2767,0.0,0.0,0.0,0.0,16,5.8
190.996,-6.6272,0.2767,0.0,0.0,0.0,0.0,16,5.8
191.035,-6.6272,0.2767,0.0,0.0,0.0,0.0,16,5.9
191.055,-6.6272,0.2767,0.0,0.0,0.0,0.0,16,5.9
191.085,-6.6272,0.2767,0.0,0.0,0.0,0.0,16,5.8
191.115,-6.6272,0.2767,0.0,0.0,0.0,0.0,16,5.8
191.145,-6.6272,0.2767,0.0,0.0,0.0,0.0,16,5.8
191.178,-6.6272,0.2767,0.0,0.0,0.0,0.0,16,5.8
191.196,-6.6272,0.2767,0.0,0.0,0.0,0.0,16,5.8
191.236,-6.6272,0.2767,0.0,0.0,0.0,0.0,16,5.8
191.246,-6.6272,0.2767,0.0,0.0,0.0,0.0,16,5.8
191.296,-6.6272,0.2767,0.0,0.0,0.0,0.0,16,5.8
191.296,-6.6272,0.2767,0.0,0.0,0.0,0.0,16,5.9
191.346,-6.6272,0.2767,0.0,0.0,0.0,0.0,16,5.9
191.356,-6.6272,0.2767,0.0,0.0,0.0,0.0,16,5.9
191.356,-6.6272,0.2767,0.0,0.0,0.0,0.0,16,5.8
191.406,-6.6272,0.2767,0.0,0.0,0.0,0.0,16,5.8
191.417,-6.6272,0.2767,0.0,0.0,0.0,0.0,16,5.8
191.417,-6.6272,0.2767,0.0,0.0,0.0,0.0,16,5.8
191.467,-6.6272,0.2767,0.0,0.0,0.0,0.0,16,5.8
191.476,-6.6272,0.2767,0.0,0.0,0.0,0.0,16,5.8
191.476,-6.6272,0.2767,0.0,0.0,0.0,0.0,16,5.8
191.527,-6.6272,0.2767,0.0,0.0,0.0,0.0,16,5.8
191.536,-6.6272,0.2767,0.0,0.0,0.0,0.0,16,5.8
191.536,-6.6272,0.2767,0.0,0.0,0.0,0.0,16,5.8
191.586,-6.6272,0.2767,0.0,0.0,0.0,0.0,16,5.8
191.596,-6.6272,0.2767,0.0,0.0,0.0,0.0,16,5.8
191.596,-6.6272,0.2767,0.0,0.0,0.0,0.0,16,5.8
191.646,-6.6272,0.2767,0.0,0.0,0.0,0.0,16,5.8
191.646,-6.6272,0.2767,0.0,0.0,0.0,0.0,16,5.8
191.696,-6.6272,0.2767,0.0,0.0,0.0,0.0,16,5.8
191.705,-6.6272,0.2767,0.0,0.0,0.0,0.0,16,5.8
191.706,-6.6272,0.2767,0.0,0.0,0.0,0.0,16,5.8
191.756,-6.6272,0.2767,0.0,0.0,0.0,0.0,16,5.8
191.756,-6.6272,0.2767,0.0,0.0,0.0,0.0,16,5.8
191.806,-6.6272,0.2767,0.0,0.0,0.0,0.0,16,5.8
191.816,-6.6272,0.2767,0.0,0.0,0.0,0.0,16,5.8
191.816,-6.6272,0.2767,0.0,0.0,0.0,0.0,16,5.8
191.866,-6.6272,0.2767,0.0,0.0,0.0,0.0,16,5.8
191.876,-6.6272,0.2767,0.0,0.0,0.0,0.0,16,5.8
191.876,-6.6272,0.2767,0.0,0.0,0.0,0.0,16,5.8
191.927,-6.6272,0.2767,0.0,0.0,0.0,0.0,16,5.8
191.936,-6.6272,0.2767,0.0,0.0,0.0,0.0,16,5.8
191.936,-6.6272,0.2767,0.0,0.0,0.0,0.0,16,5.8
191.986,-6.6272,0.2767,0.0,0.0,0.0,0.0,16,5.8
191.996,-6.6272,0.2767,0.0,0.0,0.0,0.0,16,5.8
191.996,-6.6272,0.2767,0.0,0.0,0.0,0.0,16,5.8
192.046,-6.6272,0.2767,0.0,0.0,0.0,0.0,16,5.8
192.056,-6.6272,0.2767,0.0,0.0,0.0,0.0,16,5.8
192.056,-6.6272,0.2767,0.0,0.0,0.0,0.0,16,5.8
192.107,-6.6272,0.2767,0.0,0.0,0.0,0.0,16,5.8
192.116,-6.6272,0.2767,0.0,0.0,0.0,0.0,16,5.8
192.116,-6.6272,0.2767,0.0,0.0,0.0,0.0,16,5.8
192.166,-6.6272,0.2767,0.0,0.0,0.0,0.0,16,5.8
192.178,-6.6272,0.2767,0.0,0.0,0.0,0.0,16,5.8
192.178,-6.6272,0.2767,0.0,0.0,0.0,0.0,16,5.8
192.228,-6.6272,0.2767,0.0,0.0,0.0,0.0,16,5.8
192.235,-6.6272,0.2767,0.0,0.0,0.0,0.0,16,5.8
192.236,-6.6272,0.2767,0.0,0.0,0.0,0.0,16,5.8
192.286,-6.6272,0.2767,0.0,0.0,0.0,0.0,16,5.8
192.296,-6.6272,0.2767,0.0,0.0,0.0,0.0,16,5.8
192.296,-6.6272,0.2767,0.0,0.0,0.0,0.0,16,5.8
192.346,-6.6272,0.2767,0.0,0.0,0.0,0.0,16,5.8
192.356,-6.6272,0.2767,0.0,0.0,0.0,0.0,16,5.8
192.356,-6.6272,0.2767,0.0,0.0,0.0,0.0,16,5.8
192.406,-6.6272,0.2767,0.0,0.0,0.0,0.0,16,5.8
192.415,-6.6272,0.2767,0.0,0.0,0.0,0.0,16,5.8
192.416,-6.6272,0.2767,0.0,0.0,0.0,0.0,16,5.8
192.466,-6.6272,0.2767,0.0,0.0,0.0,0.0,16,5.8
192.476,-6.6272,0.2767,0.0,0.0,0.0,0.0,16,5.8
192.476,-6.6272,0.2767,0.0,0.0,0.0,0.0,16,5.8
192.526,-6.6272,0.2767,0.0,0.0,0.0,0.0,16,5.8
192.536,-6.6272,0.2767,0.0,0.0,0.0,0.0,16,5.8
192.536,-6.6272,0.2767,0.0,0.0,0.0,0.0,16,5.9
192.586,-6.6272,0.2767,0.0,0.0,0.0,0.0,16,5.9
192.596,-6.6272,0.2767,0.0,0.0,0.0,0.0,16,5.9
192.596,-6.6272,0.2767,0.0,0.0,0.0,0.0,16,5.8
192.646,-6.6272,0.2767,0.0,0.0,0.0,0.0,16,5.8
192.656,-6.6272,0.2767,0.0,0.0,0.0,0.0,16,5.8
192.656,-6.6272,0.2767,0.0,0.0,0.0,0.0,16,5.8
192.706,-6.6272,0.2767,0.0,0.0,0.0,0.0,16,5.8
192.716,-6.6272,0.2767,0.0,0.0,0.0,0.0,16,5.8
192.716,-6.6272,0.2767,0.0,0.0,0.0,0.0,16,5.9
192.766,-6.6272,0.2767,0.0,0.0,0.0,0.0,16,5.9
192.776,-6.6272,0.2767,0.0,0.0,0.0,0.0,16,5.9
192.776,-6.6272,0.2767,0.0,0.0,0.0,0.0,16,5.8
192.827,-6.6272,0.2767,0.0,0.0,0.0,0.0,16,5.8
192.836,-6.6272,0.2767,0.0,0.0,0.0,0.0,16,5.8
192.836,-6.6272,0.2767,0.0,0.0,0.0,0.0,16,5.8
192.886,-6.6272,0.2767,0.0,0.0,0.0,0.0,16,5.8
192.896,-6.6272,0.2767,0.0,0.0,0.0,0.0,16,5.8
192.896,-6.6272,0.2767,0.0,0.0,0.0,0.0,16,5.8
192.947,-6.6272,0.2767,0.0,0.0,0.0,0.0,16,5.8
192.956,-6.6272,0.2767,0.0,0.0,0.0,0.0,16,5.8
192.956,-6.6272,0.2767,0.0,0.0,0.0,0.0,16,5.9
193.006,-6.6272,0.2767,0.0,0.0,0.0,0.0,16,5.9
193.016,-6.6272,0.2767,0.0,0.0,0.0,0.0,16,5.9
193.017,-6.6272,0.2767,0.0,0.0,0.0,0.0,16,5.8
193.067,-6.6272,0.2767,0.0,0.0,0.0,0.0,16,5.8
193.076,-6.6272,0.2767,0.0,0.0,0.0,0.0,16,5.8
193.076,-6.6272,0.2767,0.0,0.0,0.0,0.0,16,5.8
193.126,-6.6272,0.2767,0.0,0.0,0.0,0.0,16,5.8
193.136,-6.6272,0.2767,0.0,0.0,0.0,0.0,16,5.8
193.136,-6.6272,0.2767,0.0,0.0,0.0,0.0,16,5.8
193.186,-6.6272,0.2767,0.0,0.0,0.0,0.0,16,5.8
193.196,-6.6272,0.2767,0.0,0.0,0.0,0.0,16,5.8
193.196,-6.6272,0.2767,0.0,0.0,0.0,0.0,16,5.8
193.246,-6.6272,0.2767,0.0,0.0,0.0,0.0,16,5.8
193.256,-6.6272,0.2767,0.0,0.0,0.0,0.0,16,5.8
193.256,-6.6272,0.2767,0.0,0.0,0.0,0.0,16,5.8
193.306,-6.6272,0.2767,0.0,0.0,0.0,0.0,16,5.8
193.316,-6.6272,0.2767,0.0,0.0,0.0,0.0,16,5.8
193.316,-6.6272,0.2767,0.0,0.0,0.0,0.0,16,5.8
193.366,-6.6272,0.2767,0.0,0.0,0.0,0.0,16,5.8
193.375,-6.6272,0.2767,0.0,0.0,0.0,0.0,16,5.8
193.376,-6.6272,0.2767,0.0,0.0,0.0,0.0,16,5.8
193.426,-6.6272,0.2767,0.0,0.0,0.0,0.0,16,5.8
193.436,-6.6272,0.2767,0.0,0.0,0.0,0.0,16,5.8
193.436,-6.6272,0.2767,0.0,0.0,0.0,0.0,16,5.8
193.486,-6.6272,0.2767,0.0,0.0,0.0,0.0,16,5.8
193.496,-6.6272,0.2767,0.0,0.0,0.0,0.0,16,5.8
193.496,-6.6272,0.2767,0.0,0.0,0.0,0.0,16,5.8
193.547,-6.6272,0.2767,0.0,0.0,0.0,0.0,16,5.8
193.556,-6.6272,0.2767,0.0,0.0,0.0,0.0,16,5.8
193.556,-6.6272,0.2767,0.0,0.0,0.0,0.0,16,5.8
193.606,-6.6272,0.2767,0.0,0.0,0.0,0.0,16,5.8
193.616,-6.6272,0.2767,0.0,0.0,0.0,0.0,16,5.8
193.616,-6.6272,0.2767,0.0,0.0,0.0,0.0,16,5.8
193.667,-6.6272,0.2767,0.0,0.0,0.0,0.0,16,5.8
193.676,-6.6272,0.2767,0.0,0.0,0.0,0.0,16,5.8
193.676,-6.6272,0.2767,0.0,0.0,0.0,0.0,16,5.8
193.726,-6.6272,0.2767,0.0,0.0,0.0,0.0,16,5.8
193.736,-6.6272,0.2767,0.0,0.0,0.0,0.0,16,5.8
193.736,-6.6272,0.2767,0.0,0.0,0.0,0.0,16,5.9
193.786,-6.6272,0.2767,0.0,0.0,0.0,0.0,16,5.9
193.796,-6.6272,0.2767,0.0,0.0,0.0,0.0,16,5.9
193.796,-6.6272,0.2767,0.0,0.0,0.0,0.0,16,5.8
193.846,-6.6272,0.2767,0.0,0.0,0.0,0.0,16,5.8
193.856,-6.6272,0.2767,0.0,0.0,0.0,0.0,16,5.8
193.856,-6.6272,0.2767,0.0,0.0,0.0,0.0,16,5.8
193.906,-6.6272,0.2767,0.0,0.0,0.0,0.0,16,5.8
193.916,-6.6272,0.2767,0.0,0.0,0.0,0.0,16,5.8
193.917,-6.6272,0.2767,0.0,0.0,0.0,0.0,16,5.8
193.967,-6.6272,0.2767,0.0,0.0,0.0,0.0,16,5.8
193.976,-6.6272,0.2767,0.0,0.0,0.0,0.0,16,5.8
193.976,-6.6272,0.2767,0.0,0.0,0.0,0.0,16,5.8
194.027,-6.6272,0.2767,0.0,0.0,0.0,0.0,16,5.8
194.036,-6.6272,0.2767,0.0,0.0,0.0,0.0,16,5.8
194.036,-6.6272,0.2767,0.0,0.0,0.0,0.0,16,5.8
194.086,-6.6272,0.2767,0.0,0.0,0.0,0.0,16,5.8
194.096,-6.6272,0.2767,0.0,0.0,0.0,0.0,16,5.8
194.096,-6.6272,0.2767,0.0,0.0,0.0,0.0,16,5.8
194.146,-6.6272,0.2767,0.0,0.0,0.0,0.0,16,5.8
194.156,-6.6272,0.2767,0.0,0.0,0.0,0.0,16,5.8
194.156,-6.6272,0.2767,0.0,0.0,0.0,0.0,16,5.8
194.206,-6.6272,0.2767,0.0,0.0,0.0,0.0,16,5.8
194.216,-6.6272,0.2767,0.0,0.0,0.0,0.0,16,5.8
194.216,-6.6272,0.2767,0.0,0.0,0.0,0.0,16,5.8
194.266,-6.6272,0.2767,0.0,0.0,0.0,0.0,16,5.8
194.276,-6.6272,0.2767,0.0,0.0,0.0,0.0,16,5.8
194.276,-6.6272,0.2767,0.0,0.0,0.0,0.0,16,5.8
194.326,-6.6272,0.2767,0.0,0.0,0.0,0.0,16,5.8
194.336,-6.6272,0.2767,0.0,0.0,0.0,0.0,16,5.8
194.336,-6.6272,0.2767,0.0,0.0,0.0,0.0,16,5.8
194.386,-6.6272,0.2767,0.0,0.0,0.0,0.0,16,5.8
194.396,-6.6272,0.2767,0.0,0.0,0.0,0.0,16,5.8
194.396,-6.6272,0.2767,0.0,0.0,0.0,0.0,16,5.8
194.447,-6.6272,0.2767,0.0,0.0,0.0,0.0,16,5.8
194.456,-6.6272,0.2767,0.0,0.0,0.0,0.0,16,5.8
194.456,-6.6272,0.2767,0.0,0.0,0.0,0.0,16,5.9
194.506,-6.6272,0.2767,0.0,0.0,0.0,0.0,16,5.9
194.519,-6.6272,0.2767,0.0,0.0,0.0,0.0,16,5.9
194.519,-6.6272,0.2767,0.0,0.0,0.0,0.0,16,5.8
194.569,-6.6272,0.2767,0.0,0.0,0.0,0.0,16,5.8
194.577,-6.6272,0.2767,0.0,0.0,0.0,0.0,16,5.8
194.577,-6.6272,0.2767,0.0,0.0,0.0,0.0,16,5.8
194.628,-6.6272,0.2767,0.0,0.0,0.0,0.0,16,5.8
194.636,-6.6272,0.2767,0.0,0.0,0.0,0.0,16,5.8
194.636,-6.6272,0.2767,0.0,0.0,0.0,0.0,16,5.9
194.686,-6.6272,0.2767,0.0,0.0,0.0,0.0,16,5.9
194.696,-6.6272,0.2767,0.0,0.0,0.0,0.0,16,5.9
194.696,-6.6272,0.2767,0.0,0.0,0.0,0.0,16,5.8
194.746,-6.6272,0.2767,0.0,0.0,0.0,0.0,16,5.8
194.756,-6.6272,0.2767,0.0,0.0,0.0,0.0,16,5.8
194.756,-6.6272,0.2767,0.0,0.0,0.0,0.0,16,5.8
194.806,-6.6272,0.2767,0.0,0.0,0.0,0.0,16,5.8
194.817,-6.6272,0.2767,0.0,0.0,0.0,0.0,16,5.8
194.817,-6.6272,0.2767,0.0,0.0,0.0,0.0,16,5.8
194.868,-6.6272,0.2767,0.0,0.0,0.0,0.0,16,5.8
194.876,-6.6272,0.2767,0.0,0.0,0.0,0.0,16,5.8
194.876,-6.6272,0.2767,0.0,0.0,0.0,0.0,16,5.8
194.926,-6.6272,0.2767,0.0,0.0,0.0,0.0,16,5.8
194.936,-6.6272,0.2767,0.0,0.0,0.0,0.0,16,5.8
194.936,-6.6272,0.2767,0.0,0.0,0.0,0.0,16,5.8
194.986,-6.6272,0.2767,0.0,0.0,0.0,0.0,16,5.8
194.996,-6.6272,0.2767,0.0,0.0,0.0,0.0,16,5.8
194.996,-6.6272,0.2767,0.0,0.0,0.0,0.0,16,5.8
195.046,-6.6272,0.2767,0.0,0.0,0.0,0.0,16,5.8
195.055,-6.6272,0.2767,0.0,0.0,0.0,0.0,16,5.8
195.056,-6.6272,0.2767,0.0,0.0,0.0,0.0,16,5.8
195.106,-6.6272,0.2767,0.0,0.0,0.0,0.0,16,5.8
195.116,-6.6272,0.2767,0.0,0.0,0.0,0.0,16,5.8
195.116,-6.6272,0.2767,0.0,0.0,0.0,0.0,16,5.8
195.166,-6.6272,0.2767,0.0,0.0,0.0,0.0,16,5.8
195.176,-6.6272,0.2767,0.0,0.0,0.0,0.0,16,5.8
195.176,-6.6272,0.2767,0.0,0.0,0.0,0.0,16,5.8
195.227,-6.6272,0.2767,0.0,0.0,0.0,0.0,16,5.8
195.236,-6.6272,0.2767,0.0,0.0,0.0,0.0,16,5.8
195.236,-6.6272,0.2767,0.0,0.0,0.0,0.0,16,5.8
195.286,-6.6272,0.2767,0.0,0.0,0.0,0.0,16,5.8
195.296,-6.6272,0.2767,0.0,0.0,0.0,0.0,16,5.8
195.296,-6.6272,0.2767,0.0,0.0,0.0,0.0,16,5.8
195.346,-6.6272,0.2767,0.0,0.0,0.0,0.0,16,5.8
195.356,-6.6272,0.2767,0.0,0.0,0.0,0.0,16,5.8
195.356,-6.6272,0.2767,0.0,0.0,0.0,0.0,16,5.9
195.406,-6.6272,0.2767,0.0,0.0,0.0,0.0,16,5.9
195.416,-6.6272,0.2767,0.0,0.0,0.0,0.0,16,5.9
195.416,-6.6272,0.2767,0.0,0.0,0.0,0.0,16,5.8
195.466,-6.6272,0.2767,0.0,0.0,0.0,0.0,16,5.8
195.476,-6.6272,0.2767,0.0,0.0,0.0,0.0,16,5.8
195.476,-6.6272,0.2767,0.0,0.0,0.0,0.0,16,5.8
195.527,-6.6272,0.2767,0.0,0.0,0.0,0.0,16,5.8
195.536,-6.6272,0.2767,0.0,0.0,0.0,0.0,16,5.8
195.536,-6.6272,0.2767,0.0,0.0,0.0,0.0,16,5.8
195.586,-6.6272,0.2767,0.0,0.0,0.0,0.0,16,5.8
195.596,-6.6272,0.2767,0.0,0.0,0.0,0.0,16,5.8
195.596,-6.6272,0.2767,0.0,0.0,0.0,0.0,16,5.8
195.646,-6.6272,0.2767,0.0,0.0,0.0,0.0,16,5.8
195.656,-6.6272,0.2767,0.0,0.0,0.0,0.0,16,5.8
195.656,-6.6272,0.2767,0.0,0.0,0.0,0.0,16,5.8
195.706,-6.6272,0.2767,0.0,0.0,0.0,0.0,16,5.8
195.715,-6.6272,0.2767,0.0,0.0,0.0,0.0,16,5.8
195.716,-6.6272,0.2767,0.0,0.0,0.0,0.0,16,5.8
195.766,-6.6272,0.2767,0.0,0.0,0.0,0.0,16,5.8
195.776,-6.6272,0.2767,0.0,0.0,0.0,0.0,16,5.8
195.776,-6.6272,0.2767,0.0,0.0,0.0,0.0,16,5.8
195.826,-6.6272,0.2767,0.0,0.0,0.0,0.0,16,5.8
195.836,-6.6272,0.2767,0.0,0.0,0.0,0.0,16,5.8
195.836,-6.6272,0.2767,0.0,0.0,0.0,0.0,16,5.8
195.886,-6.6272,0.2767,0.0,0.0,0.0,0.0,16,5.8
195.896,-6.6272,0.2767,0.0,0.0,0.0,0.0,16,5.8
195.896,-6.6272,0.2767,0.0,0.0,0.0,0.0,16,5.8
195.947,-6.6272,0.2767,0.0,0.0,0.0,0.0,16,5.8
195.956,-6.6272,0.2767,0.0,0.0,0.0,0.0,16,5.8
195.956,-6.6272,0.2767,0.0,0.0,0.0,0.0,16,5.8
196.006,-6.6272,0.2767,0.0,0.0,0.0,0.0,16,5.8
196.016,-6.6272,0.2767,0.0,0.0,0.0,0.0,16,5.8
196.016,-6.6272,0.2767,0.0,0.0,0.0,0.0,16,5.8
196.066,-6.6272,0.2767,0.0,0.0,0.0,0.0,16,5.8
196.076,-6.6272,0.2767,0.0,0.0,0.0,0.0,16,5.8
196.076,-6.6272,0.2767,0.0,0.0,0.0,0.0,16,5.8
196.127,-6.6272,0.2767,0.0,0.0,0.0,0.0,16,5.8
196.136,-6.6272,0.2767,0.0,0.0,0.0,0.0,16,5.8
196.136,-6.6272,0.2767,0.0,0.0,0.0,0.0,16,5.8
196.186,-6.6272,0.2767,0.0,0.0,0.0,0.0,16,5.8
196.196,-6.6272,0.2767,0.0,0.0,0.0,0.0,16,5.8
196.196,-6.6272,0.2767,0.0,0.0,0.0,0.0,16,5.8
196.247,-6.6272,0.2767,0.0,0.0,0.0,0.0,16,5.8
196.256,-6.6272,0.2767,0.0,0.0,0.0,0.0,16,5.8
196.256,-6.6272,0.2767,0.0,0.0,0.0,0.0,16,5.8
196.306,-6.6272,0.2767,0.0,0.0,0.0,0.0,16,5.8
196.316,-6.6272,0.2767,0.0,0.0,0.0,0.0,16,5.8
196.316,-6.6272,0.2767,0.0,0.0,0.0,0.0,16,5.8
196.366,-6.6272,0.2767,0.0,0.0,0.0,0.0,16,5.8
196.376,-6.6272,0.2767,0.0,0.0,0.0,0.0,16,5.8
196.376,-6.6272,0.2767,0.0,0.0,0.0,0.0,16,5.8
196.426,-6.6272,0.2767,0.0,0.0,0.0,0.0,16,5.8
196.436,-6.6272,0.2767,0.0,0.0,0.0,0.0,16,5.8
196.436,-6.6272,0.2767,0.0,0.0,0.0,0.0,16,5.9
196.486,-6.6272,0.2767,0.0,0.0,0.0,0.0,16,5.9
196.496,-6.6272,0.2767,0.0,0.0,0.0,0.0,16,5.9
196.496,-6.6272,0.2767,0.0,0.0,0.0,0.0,16,5.8
196.547,-6.6272,0.2767,0.0,0.0,0.0,0.0,16,5.8
196.556,-6.6272,0.2767,0.0,0.0,0.0,0.0,16,5.8
196.556,-6.6272,0.2767,0.0,0.0,0.0,0.0,16,5.8
196.606,-6.6272,0.2767,0.0,0.0,0.0,0.0,16,5.8
196.615,-6.6272,0.2767,0.0,0.0,0.0,0.0,16,5.8
196.615,-6.6272,0.2767,0.0,0.0,0.0,0.0,16,5.8
196.666,-6.6272,0.2767,0.0,0.0,0.0,0.0,16,5.8
196.677,-6.6272,0.2767,0.0,0.0,0.0,0.0,16,5.8
196.677,-6.6272,0.2767,0.0,0.0,0.0,0.0,16,5.8
196.727,-6.6272,0.2767,0.0,0.0,0.0,0.0,16,5.8
196.736,-6.6272,0.2767,0.0,0.0,0.0,0.0,16,5.8
196.736,-6.6272,0.2767,0.0,0.0,0.0,0.0,16,5.8
196.786,-6.6272,0.2767,0.0,0.0,0.0,0.0,16,5.8
196.796,-6.6272,0.2767,0.0,0.0,0.0,0.0,16,5.8
196.796,-6.6272,0.2767,0.0,0.0,0.0,0.0,16,5.8
196.846,-6.6272,0.2767,0.0,0.0,0.0,0.0,16,5.8
196.849,-6.6272,0.2767,0.0,0.0,0.0,0.0,16,5.8
196.849,-6.6272,0.2767,0.0,0.0,0.0,0.0,16,5.8
196.856,-6.6272,0.2767,0.0,0.0,0.0,0.0,16,5.8
196.856,-6.6272,0.2767,0.0,0.0,0.0,0.0,16,5.8
196.906,-6.6272,0.2767,0.0,0.0,0.0,0.0,16,5.8
196.916,-6.6272,0.2767,0.0,0.0,0.0,0.0,16,5.8
196.916,-6.6272,0.2767,0.0,0.0,0.0,0.0,16,5.8
196.966,-6.6272,0.2767,0.0,0.0,0.0,0.0,16,5.8
196.976,-6.6272,0.2767,0.0,0.0,0.0,0.0,16,5.8
196.976,-6.6272,0.2767,0.0,0.0,0.0,0.0,16,5.8
197.026,-6.6272,0.2767,0.0,0.0,0.0,0.0,16,5.8
197.036,-6.6272,0.2767,0.0,0.0,0.0,0.0,16,5.8
197.036,-6.6272,0.2767,0.0,0.0,0.0,0.0,16,5.8
197.086,-6.6272,0.2767,0.0,0.0,0.0,0.0,16,5.8
197.096,-6.6272,0.2767,0.0,0.0,0.0,0.0,16,5.8
197.096,-6.6272,0.2767,0.0,0.0,0.0,0.0,16,5.8
197.147,-6.6272,0.2767,0.0,0.0,0.0,0.0,16,5.8
197.156,-6.6272,0.2767,0.0,0.0,0.0,0.0,16,5.8
197.156,-6.6272,0.2767,0.0,0.0,0.0,0.0,16,5.8
197.206,-6.6272,0.2767,0.0,0.0,0.0,0.0,16,5.8
197.215,-6.6272,0.2767,0.0,0.0,0.0,0.0,16,5.8
197.216,-6.6272,0.2767,0.0,0.0,0.0,0.0,16,5.8
197.266,-6.6272,0.2767,0.0,0.0,0.0,0.0,16,5.8
197.276,-6.6272,0.2767,0.0,0.0,0.0,0.0,16,5.8
197.276,-6.6272,0.2767,0.0,0.0,0.0,0.0,16,5.8
197.326,-6.6272,0.2767,0.0,0.0,0.0,0.0,16,5.8
197.336,-6.6272,0.2767,0.0,0.0,0.0,0.0,16,5.8
197.336,-6.6272,0.2767,0.0,0.0,0.0,0.0,16,5.8
197.386,-6.6272,0.2767,0.0,0.0,0.0,0.0,16,5.8
197.399,-6.6272,0.2767,0.0,0.0,0.0,0.0,16,5.8
197.399,-6.6272,0.2767,0.0,0.0,0.0,0.0,16,5.8
197.449,-6.6272,0.2767,0.0,0.0,0.0,0.0,16,5.8
197.456,-6.6272,0.2767,0.0,0.0,0.0,0.0,16,5.8
197.456,-6.6272,0.2767,0.0,0.0,0.0,0.0,16,5.8
197.507,-6.6272,0.2767,0.0,0.0,0.0,0.0,16,5.8
197.516,-6.6272,0.2767,0.0,0.0,0.0,0.0,16,5.8
197.516,-6.6272,0.2767,0.0,0.0,0.0,0.0,16,5.8
197.566,-6.6272,0.2767,0.0,0.0,0.0,0.0,16,5.8
197.576,-6.6272,0.2767,0.0,0.0,0.0,0.0,16,5.8
197.576,-6.6272,0.2767,0.0,0.0,0.0,0.0,16,5.8
197.627,-6.6272,0.2767,0.0,0.0,0.0,0.0,16,5.8
197.636,-6.6272,0.2767,0.0,0.0,0.0,0.0,16,5.8
197.636,-6.6272,0.2767,0.0,0.0,0.0,0.0,16,5.8
197.686,-6.6272,0.2767,0.0,0.0,0.0,0.0,16,5.8
197.696,-6.6272,0.2767,0.0,0.0,0.0,0.0,16,5.8
197.696,-6.6272,0.2767,0.0,0.0,0.0,0.0,16,5.8
197.746,-6.6272,0.2767,0.0,0.0,0.0,0.0,16,5.8
197.756,-6.6272,0.2767,0.0,0.0,0.0,0.0,16,5.8
197.756,-6.6272,0.2767,0.0,0.0,0.0,0.0,16,5.8
197.806,-6.6272,0.2767,0.0,0.0,0.0,0.0,16,5.8
197.816,-6.6272,0.2767,0.0,0.0,0.0,0.0,16,5.8
197.816,-6.6272,0.2767,0.0,0.0,0.0,0.0,16,5.9
197.866,-6.6272,0.2767,0.0,0.0,0.0,0.0,16,5.9
197.877,-6.6272,0.2767,0.0,0.0,0.0,0.0,16,5.9
197.877,-6.6272,0.2767,0.0,0.0,0.0,0.0,16,5.8
197.927,-6.6272,0.2767,0.0,0.0,0.0,0.0,16,5.8
197.938,-6.6272,0.2767,0.0,0.0,0.0,0.0,16,5.8
197.938,-6.6272,0.2767,0.0,0.0,0.0,0.0,16,5.8
197.988,-6.6272,0.2767,0.0,0.0,0.0,0.0,16,5.8
197.996,-6.6272,0.2767,0.0,0.0,0.0,0.0,16,5.8
197.996,-6.6272,0.2767,0.0,0.0,0.0,0.0,16,5.8
198.047,-6.6272,0.2767,0.0,0.0,0.0,0.0,16,5.8
198.056,-6.6272,0.2767,0.0,0.0,0.0,0.0,16,5.8
198.056,-6.6272,0.2767,0.0,0.0,0.0,0.0,16,5.8
198.107,-6.6272,0.2767,0.0,0.0,0.0,0.0,16,5.8
198.116,-6.6272,0.2767,0.0,0.0,0.0,0.0,16,5.8
198.116,-6.6272,0.2767,0.0,0.0,0.0,0.0,16,5.8
198.166,-6.6272,0.2767,0.0,0.0,0.0,0.0,16,5.8
198.176,-6.6272,0.2767,0.0,0.0,0.0,0.0,16,5.8
198.176,-6.6272,0.2767,0.0,0.0,0.0,0.0,16,5.8
198.227,-6.6272,0.2767,0.0,0.0,0.0,0.0,16,5.8
198.235,-6.6272,0.2767,0.0,0.0,0.0,0.0,16,5.8
198.236,-6.6272,0.2767,0.0,0.0,0.0,0.0,16,5.8
198.286,-6.6272,0.2767,0.0,0.0,0.0,0.0,16,5.8
198.296,-6.6272,0.2767,0.0,0.0,0.0,0.0,16,5.8
198.296,-6.6272,0.2767,0.0,0.0,0.0,0.0,16,5.8
198.346,-6.6272,0.2767,0.0,0.0,0.0,0.0,16,5.8
198.356,-6.6272,0.2767,0.0,0.0,0.0,0.0,16,5.8
198.357,-6.6272,0.2767,0.0,0.0,0.0,0.0,16,5.8
198.407,-6.6272,0.2767,0.0,0.0,0.0,0.0,16,5.8
198.416,-6.6272,0.2767,0.0,0.0,0.0,0.0,16,5.8
198.416,-6.6272,0.2767,0.0,0.0,0.0,0.0,16,5.8
198.466,-6.6272,0.2767,0.0,0.0,0.0,0.0,16,5.8
198.476,-6.6272,0.2767,0.0,0.0,0.0,0.0,16,5.8
198.476,-6.6272,0.2767,0.0,0.0,0.0,0.0,16,5.8
198.527,-6.6272,0.2767,0.0,0.0,0.0,0.0,16,5.8
198.536,-6.6272,0.2767,0.0,0.0,0.0,0.0,16,5.8
198.536,-6.6272,0.2767,0.0,0.0,0.0,0.0,16,5.8
198.586,-6.6272,0.2767,0.0,0.0,0.0,0.0,16,5.8
198.596,-6.6272,0.2767,0.0,0.0,0.0,0.0,16,5.8
198.597,-6.6272,0.2767,0.0,0.0,0.0,0.0,16,5.8
198.647,-6.6272,0.2767,0.0,0.0,0.0,0.0,16,5.8
198.655,-6.6272,0.2767,0.0,0.0,0.0,0.0,16,5.8
198.656,-6.6272,0.2767,0.0,0.0,0.0,0.0,16,5.8
198.706,-6.6272,0.2767,0.0,0.0,0.0,0.0,16,5.8
198.716,-6.6272,0.2767,0.0,0.0,0.0,0.0,16,5.8
198.716,-6.6272,0.2767,0.0,0.0,0.0,0.0,16,5.8
198.766,-6.6272,0.2767,0.0,0.0,0.0,0.0,16,5.8
198.777,-6.6272,0.2767,0.0,0.0,0.0,0.0,16,5.8
198.778,-6.6272,0.2767,0.0,0.0,0.0,0.0,16,5.8
198.828,-6.6272,0.2767,0.0,0.0,0.0,0.0,16,5.8
198.836,-6.6272,0.2767,0.0,0.0,0.0,0.0,16,5.8
198.836,-6.6272,0.2767,0.0,0.0,0.0,0.0,16,5.8
198.886,-6.6272,0.2767,0.0,0.0,0.0,0.0,16,5.8
198.896,-6.6272,0.2767,0.0,0.0,0.0,0.0,16,5.8
198.896,-6.6272,0.2767,0.0,0.0,0.0,0.0,16,5.8
198.946,-6.6272,0.2767,0.0,0.0,0.0,0.0,16,5.8
198.959,-6.6272,0.2767,0.0,0.0,0.0,0.0,16,5.8
198.959,-6.6272,0.2767,0.0,0.0,0.0,0.0,16,5.8
199.01,-6.6272,0.2767,0.0,0.0,0.0,0.0,16,5.8
199.016,-6.6272,0.2767,0.0,0.0,0.0,0.0,16,5.8
199.016,-6.6272,0.2767,0.0,0.0,0.0,0.0,16,5.8
199.066,-6.6272,0.2767,0.0,0.0,0.0,0.0,16,5.8
199.076,-6.6272,0.2767,0.0,0.0,0.0,0.0,16,5.8
199.076,-6.6272,0.2767,0.0,0.0,0.0,0.0,16,5.8
199.126,-6.6272,0.2767,0.0,0.0,0.0,0.0,16,5.8
199.136,-6.6272,0.2767,0.0,0.0,0.0,0.0,16,5.8
199.136,-6.6272,0.2767,0.0,0.0,0.0,0.0,16,5.8
199.186,-6.6272,0.2767,0.0,0.0,0.0,0.0,16,5.8
199.196,-6.6272,0.2767,0.0,0.0,0.0,0.0,16,5.8
199.196,-6.6272,0.2767,0.0,0.0,0.0,0.0,16,5.8
199.246,-6.6272,0.2767,0.0,0.0,0.0,0.0,16,5.8
199.255,-6.6272,0.2767,0.0,0.0,0.0,0.0,16,5.8
199.256,-6.6272,0.2767,0.0,0.0,0.0,0.0,16,5.8
199.306,-6.6272,0.2767,0.0,0.0,0.0,0.0,16,5.8
199.318,-6.6272,0.2767,0.0,0.0,0.0,0.0,16,5.8
199.318,-6.6272,0.2767,0.0,0.0,0.0,0.0,16,5.8
199.368,-6.6272,0.2767,0.0,0.0,0.0,0.0,16,5.8
199.376,-6.6272,0.2767,0.0,0.0,0.0,0.0,16,5.8
199.376,-6.6272,0.2767,0.0,0.0,0.0,0.0,16,5.8
199.427,-6.6272,0.2767,0.0,0.0,0.0,0.0,16,5.8
199.436,-6.6272,0.2767,0.0,0.0,0.0,0.0,16,5.8
199.436,-6.6272,0.2767,0.0,0.0,0.0,0.0,16,5.8
199.486,-6.6272,0.2767,0.0,0.0,0.0,0.0,16,5.8
199.496,-6.6272,0.2767,0.0,0.0,0.0,0.0,16,5.8
199.497,-6.6272,0.2767,0.0,0.0,0.0,0.0,16,5.8
199.547,-6.6272,0.2767,0.0,0.0,0.0,0.0,16,5.8
199.556,-6.6272,0.2767,0.0,0.0,0.0,0.0,16,5.8
199.556,-6.6272,0.2767,0.0,0.0,0.0,0.0,16,5.8
199.606,-6.6272,0.2767,0.0,0.0,0.0,0.0,16,5.8
199.616,-6.6272,0.2767,0.0,0.0,0.0,0.0,16,5.8
199.616,-6.6272,0.2767,0.0,0.0,0.0,0.0,16,5.8
199.666,-6.6272,0.2767,0.0,0.0,0.0,0.0,16,5.8
199.676,-6.6272,0.2767,0.0,0.0,0.0,0.0,16,5.8
199.676,-6.6272,0.2767,0.0,0.0,0.0,0.0,16,5.8
199.726,-6.6272,0.2767,0.0,0.0,0.0,0.0,16,5.8
199.736,-6.6272,0.2767,0.0,0.0,0.0,0.0,16,5.8
199.736,-6.6272,0.2767,0.0,0.0,0.0,0.0,16,5.8
199.786,-6.6272,0.2767,0.0,0.0,0.0,0.0,16,5.8
199.796,-6.6272,0.2767,0.0,0.0,0.0,0.0,16,5.8
199.797,-6.6272,0.2767,0.0,0.0,0.0,0.0,16,5.8
199.847,-6.6272,0.2767,0.0,0.0,0.0,0.0,16,5.8
199.856,-6.6272,0.2767,0.0,0.0,0.0,0.0,16,5.8
199.856,-6.6272,0.2767,0.0,0.0,0.0,0.0,16,5.8
199.906,-6.6272,0.2767,0.0,0.0,0.0,0.0,16,5.8
199.916,-6.6272,0.2767,0.0,0.0,0.0,0.0,16,5.8
199.916,-6.6272,0.2767,0.0,0.0,0.0,0.0,16,5.8
199.966,-6.6272,0.2767,0.0,0.0,0.0,0.0,16,5.8
199.976,-6.6272,0.2767,0.0,0.0,0.0,0.0,16,5.8
199.976,-6.6272,0.2767,0.0,0.0,0.0,0.0,16,5.8
200.026,-6.6272,0.2767,0.0,0.0,0.0,0.0,16,5.8
200.036,-6.6272,0.2767,0.0,0.0,0.0,0.0,16,5.8
200.036,-6.6272,0.2767,0.0,0.0,0.0,0.0,16,5.8
200.086,-6.6272,0.2767,0.0,0.0,0.0,0.0,16,5.8
200.096,-6.6272,0.2767,0.0,0.0,0.0,0.0,16,5.8
200.096,-6.6272,0.2767,0.0,0.0,0.0,0.0,16,5.8
200.147,-6.6272,0.2767,0.0,0.0,0.0,0.0,16,5.8
200.156,-6.6272,0.2767,0.0,0.0,0.0,0.0,16,5.8
200.156,-6.6272,0.2767,0.0,0.0,0.0,0.0,16,5.8
200.206,-6.6272,0.2767,0.0,0.0,0.0,0.0,16,5.8
200.216,-6.6272,0.2767,0.0,0.0,0.0,0.0,16,5.8
200.216,-6.6272,0.2767,0.0,0.0,0.0,0.0,16,5.8
200.266,-6.6272,0.2767,0.0,0.0,0.0,0.0,16,5.8
200.276,-6.6272,0.2767,0.0,0.0,0.0,0.0,16,5.8
200.276,-6.6272,0.2767,0.0,0.0,0.0,0.0,16,5.8
200.327,-6.6272,0.2767,0.0,0.0,0.0,0.0,16,5.8
200.336,-6.6272,0.2767,0.0,0.0,0.0,0.0,16,5.8
200.336,-6.6272,0.2767,0.0,0.0,0.0,0.0,16,5.8
200.386,-6.6272,0.2767,0.0,0.0,0.0,0.0,16,5.8
200.386,-6.6272,0.2767,0.0,0.0,0.0,0.0,16,5.8
200.436,-6.6272,0.2767,0.0,0.0,0.0,0.0,16,5.8
200.446,-6.6272,0.2767,0.0,0.0,0.0,0.0,16,5.8
200.446,-6.6272,0.2767,0.0,0.0,0.0,0.0,16,5.9
200.496,-6.6272,0.2767,0.0,0.0,0.0,0.0,16,5.9
200.496,-6.6272,0.2767,0.0,0.0,0.0,0.0,16,5.8
200.546,-6.6272,0.2767,0.0,0.0,0.0,0.0,16,5.8
200.556,-6.6272,0.2767,0.0,0.0,0.0,0.0,16,5.8
200.556,-6.6272,0.2767,0.0,0.0,0.0,0.0,16,5.8
200.606,-6.6272,0.2767,0.0,0.0,0.0,0.0,16,5.8
200.615,-6.6272,0.2767,0.0,0.0,0.0,0.0,16,5.8
200.616,-6.6272,0.2767,0.0,0.0,0.0,0.0,16,5.8
200.666,-6.6272,0.2767,0.0,0.0,0.0,0.0,16,5.8
200.676,-6.6272,0.2767,0.0,0.0,0.0,0.0,16,5.8
200.676,-6.6272,0.2767,0.0,0.0,0.0,0.0,16,5.8
200.726,-6.6272,0.2767,0.0,0.0,0.0,0.0,16,5.8
200.736,-6.6272,0.2767,0.0,0.0,0.0,0.0,16,5.8
200.736,-6.6272,0.2767,0.0,0.0,0.0,0.0,16,5.8
200.786,-6.6272,0.2767,0.0,0.0,0.0,0.0,16,5.8
200.786,-6.6272,0.2767,0.0,0.0,0.0,0.0,16,5.8
200.836,-6.6272,0.2767,0.0,0.0,0.0,0.0,16,5.8
200.846,-6.6272,0.2767,0.0,0.0,0.0,0.0,16,5.8
200.846,-6.6272,0.2767,0.0,0.0,0.0,0.0,16,5.8
200.896,-6.6272,0.2767,0.0,0.0,0.0,0.0,16,5.8
200.896,-6.6272,0.2767,0.0,0.0,0.0,0.0,16,5.8
200.946,-6.6272,0.2767,0.0,0.0,0.0,0.0,16,5.8
200.956,-6.6272,0.2767,0.0,0.0,0.0,0.0,16,5.8
200.956,-6.6272,0.2767,0.0,0.0,0.0,0.0,16,5.8
201.006,-6.6272,0.2767,0.0,0.0,0.0,0.0,16,5.8
201.016,-6.6272,0.2767,0.0,0.0,0.0,0.0,16,5.8
201.016,-6.6272,0.2767,0.0,0.0,0.0,0.0,16,5.8
201.066,-6.6272,0.2767,0.0,0.0,0.0,0.0,16,5.8
201.076,-6.6272,0.2767,0.0,0.0,0.0,0.0,16,5.8
201.076,-6.6272,0.2767,0.0,0.0,0.0,0.0,16,5.8
201.127,-6.6272,0.2767,0.0,0.0,0.0,0.0,16,5.8
201.136,-6.6272,0.2767,0.0,0.0,0.0,0.0,16,5.8
201.136,-6.6272,0.2767,0.0,0.0,0.0,0.0,16,5.8
201.186,-6.6272,0.2767,0.0,0.0,0.0,0.0,16,5.8
201.196,-6.6269,0.2784,0.0058,0.0,0.0,0.0,16,5.8
201.196,-6.6269,0.2784,0.0058,0.0,-11.0,-88.0,16,5.8
201.246,-6.6269,0.2784,0.0058,0.0,-11.0,-88.0,16,5.8
201.255,-6.6268,0.2793,0.0087,0.0145,-11.0,-88.0,16,5.8
201.256,-6.6268,0.2793,0.0087,0.0145,-61.0,-88.0,16,5.8
201.306,-6.6268,0.2793,0.0087,0.0145,-61.0,-88.0,16,5.8
201.315,-6.6263,0.2818,0.0174,0.0289,-61.0,-88.0,16,5.8
201.316,-6.6263,0.2818,0.0174,0.0289,-136.0,-35.0,16,5.8
201.366,-6.6263,0.2818,0.0174,0.0289,-136.0,-35.0,16,5.8
201.377,-6.6256,0.2861,0.0315,0.0431,-136.0,-35.0,16,5.8
201.377,-6.6256,0.2861,0.0315,0.0431,-158.0,-94.0,16,5.8
201.428,-6.6256,0.2861,0.0315,0.0431,-158.0,-94.0,16,5.8
201.436,-6.6238,0.2973,0.07,0.0579,-158.0,-94.0,16,5.8
201.436,-6.6238,0.2973,0.07,0.0579,-253.0,-225.0,16,5.9
201.487,-6.6238,0.2973,0.07,0.0579,-253.0,-225.0,16,5.9
201.496,-6.623,0.3024,0.0816,0.0579,-253.0,-225.0,16,5.9
201.496,-6.623,0.3024,0.0816,0.0579,-286.0,-253.0,16,5.8
201.546,-6.623,0.3024,0.0816,0.0579,-286.0,-253.0,16,5.8
201.556,-6.6214,0.3127,0.1134,0.0723,-286.0,-253.0,16,5.8
201.556,-6.6214,0.3127,0.1134,0.0723,-318.0,-289.0,16,5.8
201.606,-6.6214,0.3127,0.1134,0.0723,-318.0,-289.0,16,5.8
201.615,-6.6195,0.3247,0.1453,0.0579,-318.0,-289.0,16,5.8
201.616,-6.6195,0.3247,0.1453,0.0579,-360.0,-313.0,16,5.8
201.666,-6.6195,0.3247,0.1453,0.0579,-360.0,-313.0,16,5.8
201.676,-6.6186,0.3307,0.1511,0.058,-360.0,-313.0,16,5.8
201.676,-6.6186,0.3307,0.1511,0.058,-380.0,-346.0,16,5.8
201.727,-6.6186,0.3307,0.1511,0.058,-380.0,-346.0,16,5.8
201.736,-6.6165,0.3453,0.1622,0.0578,-380.0,-346.0,16,5.8
201.736,-6.6165,0.3453,0.1622,0.0578,-404.0,-358.0,16,5.8
201.786,-6.6165,0.3453,0.1622,0.0578,-404.0,-358.0,16,5.8
201.796,-6.6155,0.3522,0.1681,0.0578,-404.0,-358.0,16,5.8
201.796,-6.6155,0.3522,0.1681,0.0578,-439.0,-385.0,16,5.8
201.846,-6.6155,0.3522,0.1681,0.0578,-439.0,-385.0,16,5.8
201.856,-6.6133,0.3677,0.1856,0.0579,-439.0,-385.0,16,5.8
201.856,-6.6133,0.3677,0.1856,0.0579,-450.0,-382.0,16,5.8
201.906,-6.6133,0.3677,0.1856,0.0579,-450.0,-382.0,16,5.8
201.916,-6.6123,0.3754,0.171,0.0723,-450.0,-382.0,16,5.8
201.916,-6.6123,0.3754,0.171,0.0723,-484.0,-407.0,16,5.9
201.966,-6.6123,0.3754,0.171,0.0723,-484.0,-407.0,16,5.9
201.978,-6.609,0.4013,0.2346,0.0859,-484.0,-407.0,16,5.9
201.978,-6.609,0.4013,0.2346,0.0859,-499.0,-448.0,16,5.9
202.029,-6.609,0.4013,0.2346,0.0859,-499.0,-448.0,16,5.9
202.036,-6.6069,0.4194,0.2483,0.0864,-499.0,-448.0,16,5.9
202.036,-6.6069,0.4194,0.2483,0.0864,-511.0,-468.0,16,5.9
202.086,-6.6069,0.4194,0.2483,0.0864,-511.0,-468.0,16,5.9
202.096,-6.6059,0.428,0.254,0.0864,-511.0,-468.0,16,5.9
202.096,-6.6059,0.428,0.254,0.0864,-540.0,-503.0,16,5.9
202.146,-6.6059,0.428,0.254,0.0864,-540.0,-503.0,16,5.9
202.156,-6.6036,0.4479,0.2684,0.0718,-540.0,-503.0,16,5.9
202.156,-6.6036,0.4479,0.2684,0.0718,-565.0,-541.0,16,5.9
202.206,-6.6036,0.4479,0.2684,0.0718,-565.0,-541.0,16,5.9
202.216,-6.6012,0.4686,0.3118,0.0574,-565.0,-541.0,16,5.9
202.216,-6.6012,0.4686,0.3118,0.0574,-590.0,-559.0,16,5.9
202.266,-6.6012,0.4686,0.3118,0.0574,-590.0,-559.0,16,5.9
202.277,-6.6,0.4798,0.2653,0.0438,-590.0,-559.0,16,5.9
202.277,-6.6,0.4798,0.2653,0.0438,-613.0,-602.0,16,5.9
202.327,-6.6,0.4798,0.2653,0.0438,-613.0,-602.0,16,5.9
202.336,-6.5974,0.5031,0.2814,0.0141,-613.0,-602.0,16,5.9
202.336,-6.5974,0.5031,0.2814,0.0141,-630.0,-631.0,16,5.9
202.386,-6.5974,0.5031,0.2814,0.0141,-630.0,-631.0,16,5.9
202.396,-6.5961,0.5143,0.29,-0.0004,-630.0,-631.0,16,5.9
202.396,-6.5961,0.5143,0.29,-0.0004,-635.0,-682.0,16,5.9
202.446,-6.5961,0.5143,0.29,-0.0004,-635.0,-682.0,16,5.9
202.456,-6.5933,0.5385,0.3046,-0.0149,-635.0,-682.0,16,5.9
202.456,-6.5933,0.5385,0.3046,-0.0149,-653.0,-709.0,16,5.9
202.506,-6.5933,0.5385,0.3046,-0.0149,-653.0,-709.0,16,5.9
202.516,-6.5918,0.5514,0.2785,-0.0293,-653.0,-709.0,16,5.9
202.516,-6.5918,0.5514,0.2785,-0.0293,-664.0,-723.0,16,5.9
202.566,-6.5918,0.5514,0.2785,-0.0293,-664.0,-723.0,16,5.9
202.578,-6.5871,0.5885,0.3618,-0.0576,-664.0,-723.0,16,5.9
202.578,-6.5871,0.5885,0.3618,-0.0576,-640.0,-684.0,16,5.9
202.628,-6.5871,0.5885,0.3618,-0.0576,-640.0,-684.0,16,5.9
202.636,-6.5841,0.6117,0.3635,-0.0579,-640.0,-684.0,16,5.9
202.636,-6.5841,0.6117,0.3635,-0.0579,-628.0,-680.0,16,5.9
202.686,-6.5841,0.6117,0.3635,-0.0579,-628.0,-680.0,16,5.9
202.696,-6.5827,0.6229,0.3635,-0.0579,-628.0,-680.0,16,5.9
202.696,-6.5827,0.6229,0.3635,-0.0579,-607.0,-659.0,16,5.9
202.746,-6.5827,0.6229,0.3635,-0.0579,-607.0,-659.0,16,5.9
202.756,-6.5795,0.6461,0.3605,-0.0724,-607.0,-659.0,16,5.9
202.756,-6.5795,0.6461,0.3605,-0.0724,-628.0,-642.0,16,5.9
202.806,-6.5795,0.6461,0.3605,-0.0724,-628.0,-642.0,16,5.9
202.816,-6.5764,0.6685,0.3923,-0.058,-628.0,-642.0,16,5.9
202.816,-6.5764,0.6685,0.3923,-0.058,-630.0,-638.0,16,5.9
202.866,-6.5764,0.6685,0.3923,-0.058,-630.0,-638.0,16,5.9
202.878,-6.5747,0.6806,0.3113,-0.044,-630.0,-638.0,16,5.9
202.878,-6.5747,0.6806,0.3113,-0.044,-636.0,-623.0,16,5.9
202.928,-6.5747,0.6806,0.3113,-0.044,-636.0,-623.0,16,5.9
202.936,-6.5716,0.7029,0.3079,-0.029,-636.0,-623.0,16,5.9
202.936,-6.5716,0.7029,0.3079,-0.029,-632.0,-617.0,16,5.9
202.986,-6.5716,0.7029,0.3079,-0.029,-632.0,-617.0,16,5.9
202.995,-6.5701,0.7141,0.308,0.0,-632.0,-617.0,16,5.9
202.996,-6.5701,0.7141,0.308,0.0,-639.0,-611.0,16,5.9
203.046,-6.5701,0.7141,0.308,0.0,-639.0,-611.0,16,5.9
203.055,-6.567,0.7373,0.3079,0.029,-639.0,-611.0,16,5.9
203.056,-6.567,0.7373,0.3079,0.029,-631.0,-619.0,16,5.9
203.106,-6.567,0.7373,0.3079,0.029,-631.0,-619.0,16,5.9
203.115,-6.5623,0.7726,0.3514,0.0145,-631.0,-619.0,16,5.9
203.116,-6.5623,0.7726,0.3514,0.0145,-632.0,-651.0,16,5.9
203.166,-6.5623,0.7726,0.3514,0.0145,-632.0,-651.0,16,5.9
203.176,-6.5607,0.7847,0.3524,0.0145,-632.0,-651.0,16,5.9
203.176,-6.5607,0.7847,0.3524,0.0145,-673.0,-701.0,16,5.9
203.226,-6.5607,0.7847,0.3524,0.0145,-673.0,-701.0,16,5.9
203.236,-6.5573,0.8096,0.3589,0.0,-673.0,-701.0,16,5.9
203.236,-6.5573,0.8096,0.3589,0.0,-685.0,-713.0,16,5.9
203.286,-6.5573,0.8096,0.3589,0.0,-685.0,-713.0,16,5.9
203.296,-6.5555,0.8225,0.3648,-0.029,-685.0,-713.0,16,5.9
203.296,-6.5555,0.8225,0.3648,-0.029,-714.0,-758.0,16,5.9
203.346,-6.5555,0.8225,0.3648,-0.029,-714.0,-758.0,16,5.9
203.356,-6.5515,0.85,0.3791,-0.0435,-714.0,-758.0,16,5.9
203.356,-6.5515,0.85,0.3791,-0.0435,-729.0,-792.0,16,5.9
203.406,-6.5515,0.85,0.3791,-0.0435,-729.0,-792.0,16,5.9
203.416,-6.5497,0.8629,0.3039,-0.0435,-729.0,-792.0,16,5.9
203.416,-6.5497,0.8629,0.3039,-0.0435,-717.0,-766.0,16,6.0
203.466,-6.5497,0.8629,0.3039,-0.0435,-717.0,-766.0,16,6.0
203.476,-6.5455,0.8904,0.3559,-0.0723,-717.0,-766.0,16,6.0
203.477,-6.5455,0.8904,0.3559,-0.0723,-739.0,-760.0,16,6.0
203.527,-6.5455,0.8904,0.3559,-0.0723,-739.0,-760.0,16,6.0
203.536,-6.5415,0.917,0.3617,-0.0434,-739.0,-760.0,16,6.0
203.536,-6.5415,0.917,0.3617,-0.0434,-735.0,-752.0,16,6.0
203.586,-6.5415,0.917,0.3617,-0.0434,-735.0,-752.0,16,6.0
203.596,-6.5394,0.9308,0.3645,-0.0289,-735.0,-752.0,16,6.0
203.596,-6.5394,0.9308,0.3645,-0.0289,-766.0,-749.0,16,6.0
203.646,-6.5394,0.9308,0.3645,-0.0289,-766.0,-749.0,16,6.0
203.656,-6.5331,0.972,0.4112,-0.0289,-766.0,-749.0,16,6.0
203.656,-6.5331,0.972,0.4112,-0.0289,-768.0,-760.0,16,6.0
203.706,-6.5331,0.972,0.4112,-0.0289,-768.0,-760.0,16,6.0
203.716,-6.5289,0.9995,0.4603,-0.0144,-768.0,-760.0,16,6.0
203.716,-6.5289,0.9995,0.4603,-0.0144,-757.0,-761.0,16,6.0
203.766,-6.5289,0.9995,0.4603,-0.0144,-757.0,-761.0,16,6.0
203.776,-6.5271,1.0115,0.4084,0.0145,-757.0,-761.0,16,6.0
203.776,-6.5271,1.0115,0.4084,0.0145,-688.0,-746.0,16,6.0
203.827,-6.5271,1.0115,0.4084,0.0145,-688.0,-746.0,16,6.0
203.836,-6.5228,1.0389,0.4112,-0.0289,-688.0,-746.0,16,6.0
203.836,-6.5228,1.0389,0.4112,-0.0289,-693.0,-768.0,16,6.0
203.886,-6.5228,1.0389,0.4112,-0.0289,-693.0,-768.0,16,6.0
203.896,-6.5207,1.0518,0.4083,-0.0434,-693.0,-768.0,16,6.0
203.896,-6.5207,1.0518,0.4083,-0.0434,-670.0,-761.0,16,6.0
203.946,-6.5207,1.0518,0.4083,-0.0434,-670.0,-761.0,16,6.0
203.956,-6.5163,1.0775,0.356,-0.0724,-670.0,-761.0,16,6.0
203.956,-6.5163,1.0775,0.356,-0.0724,-666.0,-762.0,16,6.0
204.006,-6.5163,1.0775,0.356,-0.0724,-666.0,-762.0,16,6.0
204.016,-6.5141,1.0903,0.3069,-0.0868,-666.0,-762.0,16,6.0
204.016,-6.5141,1.0903,0.3069,-0.0868,-708.0,-792.0,16,6.1
204.066,-6.5141,1.0903,0.3069,-0.0868,-708.0,-792.0,16,6.1
204.076,-6.5093,1.1168,0.356,-0.1013,-708.0,-792.0,16,6.1
204.076,-6.5093,1.1168,0.356,-0.1013,-711.0,-754.0,16,6.1
204.127,-6.5093,1.1168,0.356,-0.1013,-711.0,-754.0,16,6.1
204.136,-6.5044,1.1433,0.353,-0.0868,-711.0,-754.0,16,6.1
204.136,-6.5044,1.1433,0.353,-0.0868,-716.0,-734.0,16,6.0
204.186,-6.5044,1.1433,0.353,-0.0868,-716.0,-734.0,16,6.0
204.196,-6.4973,1.1817,0.4402,-0.0578,-716.0,-734.0,16,6.0
204.196,-6.4973,1.1817,0.4402,-0.0578,-739.0,-719.0,16,6.0
204.246,-6.4973,1.1817,0.4402,-0.0578,-739.0,-719.0,16,6.0
204.256,-6.4948,1.1954,0.3996,-0.0288,-739.0,-719.0,16,6.0
204.256,-6.4948,1.1954,0.3996,-0.0288,-737.0,-711.0,16,6.0
204.306,-6.4948,1.1954,0.3996,-0.0288,-737.0,-711.0,16,6.0
204.316,-6.4901,1.221,0.443,-0.0144,-737.0,-711.0,16,6.0
204.316,-6.4901,1.221,0.443,-0.0144,-740.0,-719.0,16,6.1
204.366,-6.4901,1.221,0.443,-0.0144,-740.0,-719.0,16,6.1
204.376,-6.4878,1.2338,0.3967,0.0145,-740.0,-719.0,16,6.1
204.376,-6.4878,1.2338,0.3967,0.0145,-737.0,-726.0,16,6.1
204.426,-6.4878,1.2338,0.3967,0.0145,-737.0,-726.0,16,6.1
204.436,-6.4829,1.2612,0.3999,0.029,-737.0,-726.0,16,6.1
204.436,-6.4829,1.2612,0.3999,0.029,-745.0,-727.0,16,6.0
204.486,-6.4829,1.2612,0.3999,0.029,-745.0,-727.0,16,6.0
204.496,-6.4807,1.274,0.3126,0.0289,-745.0,-727.0,16,6.0
204.496,-6.4807,1.274,0.3126,0.0289,-746.0,-735.0,16,6.1
204.546,-6.4807,1.274,0.3126,0.0289,-746.0,-735.0,16,6.1
204.555,-6.476,1.3005,0.3562,0.0144,-746.0,-735.0,16,6.1
204.555,-6.476,1.3005,0.3562,0.0144,-739.0,-737.0,16,6.1
204.606,-6.476,1.3005,0.3562,0.0144,-739.0,-737.0,16,6.1
204.615,-6.4735,1.3142,0.3156,0.0144,-739.0,-737.0,16,6.1
204.616,-6.4735,1.3142,0.3156,0.0144,-749.0,-756.0,16,6.1
204.666,-6.4735,1.3142,0.3156,0.0144,-749.0,-756.0,16,6.1
204.677,-6.4686,1.3415,0.3633,0.0,-749.0,-756.0,16,6.1
204.677,-6.4686,1.3415,0.3633,0.0,-777.0,-764.0,16,6.1
204.728,-6.4686,1.3415,0.3633,0.0,-777.0,-764.0,16,6.1
204.736,-6.4612,1.3834,0.4151,0.0147,-777.0,-764.0,16,6.1
204.736,-6.4612,1.3834,0.4151,0.0147,-779.0,-742.0,16,6.1
204.786,-6.4612,1.3834,0.4151,0.0147,-779.0,-742.0,16,6.1
204.796,-6.4564,1.4108,0.4642,0.0002,-779.0,-742.0,16,6.1
204.796,-6.4564,1.4108,0.4642,0.0002,-777.0,-749.0,16,6.1
204.846,-6.4564,1.4108,0.4642,0.0002,-777.0,-749.0,16,6.1
204.855,-6.4539,1.4254,0.4236,0.0292,-777.0,-749.0,16,6.1
204.856,-6.4539,1.4254,0.4236,0.0292,-775.0,-755.0,16,6.1
204.906,-6.4539,1.4254,0.4236,0.0292,-775.0,-755.0,16,6.1
204.916,-6.4496,1.4511,0.4641,0.0292,-775.0,-755.0,16,6.1
204.916,-6.4496,1.4511,0.4641,0.0292,-751.0,-735.0,16,6.1
204.966,-6.4496,1.4511,0.4641,0.0292,-751.0,-735.0,16,6.1
204.976,-6.4473,1.4648,0.4188,0.0292,-751.0,-735.0,16,6.1
204.977,-6.4473,1.4648,0.4188,0.0292,-763.0,-757.0,16,6.1
205.027,-6.4473,1.4648,0.4188,0.0292,-763.0,-757.0,16,6.1
205.036,-6.4426,1.4921,0.3671,0.0145,-763.0,-757.0,16,6.1
205.036,-6.4426,1.4921,0.3671,0.0145,-759.0,-752.0,16,6.1
205.087,-6.4426,1.4921,0.3671,0.0145,-759.0,-752.0,16,6.1
205.096,-6.4403,1.5058,0.3214,0.0145,-759.0,-752.0,16,6.1
205.096,-6.4403,1.5058,0.3214,0.0145,-741.0,-754.0,16,6.1
205.146,-6.4357,1.5332,0.383,0.0,-741.0,-754.0,16,6.1
205.146,-6.4357,1.5332,0.383,0.0,-754.0,-775.0,16,6.1
205.196,-6.4357,1.5332,0.383,0.0,-754.0,-775.0,16,6.1
205.206,-6.4333,1.5469,0.3427,0.0,-754.0,-775.0,16,6.1
205.206,-6.4333,1.5469,0.3427,0.0,-754.0,-760.0,16,6.1
205.255,-6.4287,1.5743,0.4078,0.0,-754.0,-760.0,16,6.1
205.256,-6.4287,1.5743,0.4078,0.0,-788.0,-799.0,16,6.1
205.306,-6.4287,1.5743,0.4078,0.0,-788.0,-799.0,16,6.1
205.316,-6.4262,1.5889,0.3643,-0.0145,-788.0,-799.0,16,6.1
205.316,-6.4262,1.5889,0.3643,-0.0145,-789.0,-801.0,16,6.1
205.366,-6.4262,1.5889,0.3643,-0.0145,-789.0,-801.0,16,6.1
205.378,-6.4213,1.6171,0.4103,-0.0004,-789.0,-801.0,16,6.1
205.378,-6.4213,1.6171,0.4103,-0.0004,-794.0,-816.0,16,6.1
205.428,-6.4213,1.6171,0.4103,-0.0004,-794.0,-816.0,16,6.1
205.436,-6.4135,1.6616,0.4543,-0.0302,-794.0,-816.0,16,6.1
205.436,-6.4135,1.6616,0.4543,-0.0302,-802.0,-844.0,16,6.1
205.486,-6.4135,1.6616,0.4543,-0.0302,-802.0,-844.0,16,6.1
205.496,-6.4081,1.6915,0.5092,-0.0447,-802.0,-844.0,16,6.1
205.496,-6.4081,1.6915,0.5092,-0.0447,-797.0,-841.0,16,6.1
205.546,-6.4081,1.6915,0.5092,-0.0447,-797.0,-841.0,16,6.1
205.555,-6.4053,1.7069,0.4504,-0.0447,-797.0,-841.0,16,6.1
205.556,-6.4053,1.7069,0.4504,-0.0447,-807.0,-834.0,16,6.1
205.606,-6.4053,1.7069,0.4504,-0.0447,-807.0,-834.0,16,6.1
205.616,-6.4,1.7359,0.4996,-0.0302,-807.0,-834.0,16,6.1
205.616,-6.4,1.7359,0.4996,-0.0302,-812.0,-817.0,16,6.1
205.666,-6.4,1.7359,0.4996,-0.0302,-812.0,-817.0,16,6.1
205.677,-6.3975,1.7496,0.4522,-0.0443,-812.0,-817.0,16,6.1
205.677,-6.3975,1.7496,0.4522,-0.0443,-831.0,-796.0,16,6.2
205.728,-6.3975,1.7496,0.4522,-0.0443,-831.0,-796.0,16,6.2
205.735,-6.3921,1.7795,0.4008,0.0003,-831.0,-796.0,16,6.2
205.736,-6.3921,1.7795,0.4008,0.0003,-837.0,-788.0,16,6.1
205.786,-6.3921,1.7795,0.4008,0.0003,-837.0,-788.0,16,6.1
205.796,-6.3897,1.7932,0.3457,0.0148,-837.0,-788.0,16,6.1
205.796,-6.3897,1.7932,0.3457,0.0148,-808.0,-768.0,16,6.1
205.846,-6.3897,1.7932,0.3457,0.0148,-808.0,-768.0,16,6.1
205.855,-6.3847,1.8214,0.3893,0.0293,-808.0,-768.0,16,6.1
205.856,-6.3847,1.8214,0.3893,0.0293,-776.0,-757.0,16,6.1
205.906,-6.3847,1.8214,0.3893,0.0293,-776.0,-757.0,16,6.1
205.916,-6.3823,1.8351,0.3371,0.0293,-776.0,-757.0,16,6.1
205.916,-6.3823,1.8351,0.3371,0.0293,-754.0,-786.0,16,6.2
205.967,-6.3823,1.8351,0.3371,0.0293,-754.0,-786.0,16,6.2
205.977,-6.3725,1.8898,0.4766,0.0004,-754.0,-786.0,16,6.2
205.978,-6.3725,1.8898,0.4766,0.0004,-727.0,-799.0,16,6.2
206.028,-6.3725,1.8898,0.4766,0.0004,-727.0,-799.0,16,6.2
206.036,-6.3698,1.9043,0.4224,-0.0289,-727.0,-799.0,16,6.2
206.036,-6.3698,1.9043,0.4224,-0.0289,-741.0,-809.0,16,6.2
206.086,-6.3698,1.9043,0.4224,-0.0289,-741.0,-809.0,16,6.2
206.096,-6.3648,1.9308,0.4657,-0.0434,-741.0,-809.0,16,6.2
206.096,-6.3648,1.9308,0.4657,-0.0434,-742.0,-786.0,16,6.2
206.146,-6.3648,1.9308,0.4657,-0.0434,-742.0,-786.0,16,6.2
206.155,-6.3622,1.9444,0.4165,-0.0579,-742.0,-786.0,16,6.2
206.156,-6.3622,1.9444,0.4165,-0.0579,-739.0,-752.0,16,6.2
206.206,-6.3622,1.9444,0.4165,-0.0579,-739.0,-752.0,16,6.2
206.216,-6.3569,1.9717,0.4628,-0.0579,-739.0,-752.0,16,6.2
206.216,-6.3569,1.9717,0.4628,-0.0579,-755.0,-744.0,16,6.2
206.266,-6.3569,1.9717,0.4628,-0.0579,-755.0,-744.0,16,6.2
206.276,-6.3545,1.9845,0.3214,-0.0145,-755.0,-744.0,16,6.2
206.277,-6.3545,1.9845,0.3214,-0.0145,-736.0,-692.0,16,6.2
206.327,-6.3545,1.9845,0.3214,-0.0145,-736.0,-692.0,16,6.2
206.336,-6.3497,2.0101,0.3588,-0.0,-736.0,-692.0,16,6.2
206.336,-6.3497,2.0101,0.3588,-0.0,-723.0,-682.0,16,6.2
206.386,-6.3497,2.0101,0.3588,-0.0,-723.0,-682.0,16,6.2
206.396,-6.3474,2.0221,0.3097,0.0144,-723.0,-682.0,16,6.2
206.396,-6.3474,2.0221,0.3097,0.0144,-726.0,-701.0,16,6.1
206.446,-6.3474,2.0221,0.3097,0.0144,-726.0,-701.0,16,6.1
206.456,-6.3425,2.0485,0.3531,0.0289,-726.0,-701.0,16,6.1
206.456,-6.3425,2.0485,0.3531,0.0289,-719.0,-694.0,16,6.2
206.506,-6.3425,2.0485,0.3531,0.0289,-719.0,-694.0,16,6.2
206.516,-6.3356,2.087,0.3909,0.0434,-719.0,-694.0,16,6.2
206.516,-6.3356,2.087,0.3909,0.0434,-746.0,-727.0,16,6.2
206.566,-6.3356,2.087,0.3909,0.0434,-746.0,-727.0,16,6.2
206.576,-6.3307,2.1144,0.44,0.029,-746.0,-727.0,16,6.2
206.576,-6.3307,2.1144,0.44,0.029,-769.0,-755.0,16,6.2
206.627,-6.3307,2.1144,0.44,0.029,-769.0,-755.0,16,6.2
206.636,-6.3282,2.128,0.3995,0.029,-769.0,-755.0,16,6.2
206.636,-6.3282,2.128,0.3995,0.029,-775.0,-787.0,16,6.2
206.686,-6.3282,2.128,0.3995,0.029,-775.0,-787.0,16,6.2
206.696,-6.323,2.1571,0.4574,0.029,-775.0,-787.0,16,6.2
206.696,-6.323,2.1571,0.4574,0.029,-802.0,-811.0,16,6.2
206.747,-6.3206,2.1708,0.4232,0.0145,-802.0,-811.0,16,6.2
206.747,-6.3206,2.1708,0.4232,0.0145,-807.0,-829.0,16,6.2
206.747,-6.3206,2.1708,0.4232,0.0145,-807.0,-829.0,16,6.2
206.798,-6.3206,2.1708,0.4232,0.0145,-807.0,-829.0,16,6.2
206.806,-6.3152,2.2007,0.3944,-0.0145,-807.0,-829.0,16,6.2
206.806,-6.3152,2.2007,0.3944,-0.0145,-798.0,-835.0,16,6.2
206.856,-6.3124,2.2161,0.3643,-0.0145,-798.0,-835.0,16,6.2
206.856,-6.3124,2.2161,0.3643,-0.0145,-825.0,-887.0,16,6.3
206.906,-6.3124,2.2161,0.3643,-0.0145,-825.0,-887.0,16,6.3
206.916,-6.3068,2.2459,0.4193,-0.029,-825.0,-887.0,16,6.3
206.916,-6.3068,2.2459,0.4193,-0.029,-814.0,-865.0,16,6.3
206.966,-6.3068,2.2459,0.4193,-0.029,-814.0,-865.0,16,6.3
206.976,-6.3039,2.2613,0.3729,-0.029,-814.0,-865.0,16,6.3
206.976,-6.3039,2.2613,0.3729,-0.029,-841.0,-849.0,16,6.2
207.026,-6.3039,2.2613,0.3729,-0.029,-841.0,-849.0,16,6.2
207.036,-6.2983,2.2912,0.4187,-0.0435,-841.0,-849.0,16,6.2
207.036,-6.2983,2.2912,0.4187,-0.0435,-838.0,-844.0,16,6.3
207.086,-6.2983,2.2912,0.4187,-0.0435,-838.0,-844.0,16,6.3
207.096,-6.2955,2.3057,0.3662,-0.0145,-838.0,-844.0,16,6.3
207.096,-6.2955,2.3057,0.3662,-0.0145,-796.0,-797.0,16,6.3
207.146,-6.2955,2.3057,0.3662,-0.0145,-796.0,-797.0,16,6.3
207.156,-6.29,2.3347,0.4022,-0.0145,-796.0,-797.0,16,6.3
207.156,-6.29,2.3347,0.4022,-0.0145,-806.0,-778.0,16,6.3
207.206,-6.29,2.3347,0.4022,-0.0145,-806.0,-778.0,16,6.3
207.216,-6.2875,2.3483,0.3472,0.0,-806.0,-778.0,16,6.3
207.216,-6.2875,2.3483,0.3472,0.0,-795.0,-768.0,16,6.3
207.267,-6.2875,2.3483,0.3472,0.0,-795.0,-768.0,16,6.3
207.276,-6.2772,2.4038,0.4837,0.0145,-795.0,-768.0,16,6.3
207.277,-6.2772,2.4038,0.4837,0.0145,-782.0,-768.0,16,6.3
207.327,-6.2772,2.4038,0.4837,0.0145,-782.0,-768.0,16,6.3
207.336,-6.2745,2.4184,0.4317,0.0145,-782.0,-768.0,16,6.3
207.336,-6.2745,2.4184,0.4317,0.0145,-777.0,-778.0,16,6.3
207.386,-6.2745,2.4184,0.4317,0.0145,-777.0,-778.0,16,6.3
207.396,-6.2694,2.4457,0.4751,0.0,-777.0,-778.0,16,6.3
207.396,-6.2694,2.4457,0.4751,0.0,-774.0,-795.0,16,6.3
207.446,-6.2694,2.4457,0.4751,0.0,-774.0,-795.0,16,6.3
207.456,-6.2665,2.461,0.4289,0.0,-774.0,-795.0,16,6.3
207.456,-6.2665,2.461,0.4289,0.0,-772.0,-797.0,16,6.3
207.506,-6.2665,2.461,0.4289,0.0,-772.0,-797.0,16,6.3
207.516,-6.2613,2.4883,0.4751,0.0,-772.0,-797.0,16,6.3
207.516,-6.2613,2.4883,0.4751,0.0,-771.0,-795.0,16,6.3
207.566,-6.2613,2.4883,0.4751,0.0,-771.0,-795.0,16,6.3
207.576,-6.2586,2.5028,0.3354,-0.0289,-771.0,-795.0,16,6.3
207.576,-6.2586,2.5028,0.3354,-0.0289,-802.0,-793.0,16,6.3
207.627,-6.2586,2.5028,0.3354,-0.0289,-802.0,-793.0,16,6.3
207.636,-6.2532,2.531,0.3821,0.0001,-802.0,-793.0,16,6.3
207.636,-6.2532,2.531,0.3821,0.0001,-824.0,-788.0,16,6.3
207.686,-6.2532,2.531,0.3821,0.0001,-824.0,-788.0,16,6.3
207.696,-6.2505,2.5455,0.3388,0.0146,-824.0,-788.0,16,6.3
207.696,-6.2505,2.5455,0.3388,0.0146,-826.0,-761.0,16,6.3
207.747,-6.2505,2.5455,0.3388,0.0146,-826.0,-761.0,16,6.3
207.756,-6.2454,2.5737,0.3821,0.029,-826.0,-761.0,16,6.3
207.756,-6.2454,2.5737,0.3821,0.029,-813.0,-746.0,16,6.3
207.806,-6.2454,2.5737,0.3821,0.029,-813.0,-746.0,16,6.3
207.816,-6.2386,2.6131,0.423,0.058,-813.0,-746.0,16,6.3
207.816,-6.2386,2.6131,0.423,0.058,-723.0,-726.0,16,6.3
207.866,-6.2386,2.6131,0.423,0.058,-723.0,-726.0,16,6.3
207.876,-6.234,2.6396,0.4636,0.058,-723.0,-726.0,16,6.3
207.877,-6.234,2.6396,0.4636,0.058,-713.0,-730.0,16,6.3
207.927,-6.234,2.6396,0.4636,0.058,-713.0,-730.0,16,6.3
207.936,-6.2319,2.6516,0.4082,0.0435,-713.0,-730.0,16,6.3
207.936,-6.2319,2.6516,0.4082,0.0435,-687.0,-739.0,16,6.3
207.986,-6.2319,2.6516,0.4082,0.0435,-687.0,-739.0,16,6.3
207.996,-6.2273,2.6772,0.4458,0.0,-687.0,-739.0,16,6.3
207.996,-6.2273,2.6772,0.4458,0.0,-672.0,-740.0,16,6.3
208.046,-6.2273,2.6772,0.4458,0.0,-672.0,-740.0,16,6.3
208.056,-6.2249,2.69,0.3937,-0.0289,-672.0,-740.0,16,6.3
208.056,-6.2249,2.69,0.3937,-0.0289,-683.0,-759.0,16,6.3
208.106,-6.2249,2.69,0.3937,-0.0289,-683.0,-759.0,16,6.3
208.116,-6.2199,2.7165,0.3502,-0.0724,-683.0,-759.0,16,6.3
208.116,-6.2199,2.7165,0.3502,-0.0724,-685.0,-754.0,16,6.3
208.166,-6.2199,2.7165,0.3502,-0.0724,-685.0,-754.0,16,6.3
208.176,-6.2174,2.7293,0.304,-0.0724,-685.0,-754.0,16,6.3
208.176,-6.2174,2.7293,0.304,-0.0724,-703.0,-740.0,16,6.3
208.226,-6.2174,2.7293,0.304,-0.0724,-703.0,-740.0,16,6.3
208.236,-6.2124,2.7548,0.3504,-0.0724,-703.0,-740.0,16,6.3
208.236,-6.2124,2.7548,0.3504,-0.0724,-712.0,-745.0,16,6.3
208.286,-6.2097,2.7685,0.3191,-0.0434,-712.0,-745.0,16,6.3
208.286,-6.2097,2.7685,0.3191,-0.0434,-755.0,-749.0,16,6.3
208.335,-6.2043,2.7957,0.3868,-0.029,-755.0,-749.0,16,6.3
208.345,-6.2043,2.7957,0.3868,-0.029,-759.0,-745.0,16,6.3
208.396,-6.2016,2.8094,0.3433,-0.0145,-759.0,-745.0,16,6.3
208.396,-6.2016,2.8094,0.3433,-0.0145,-767.0,-761.0,16,6.3
208.446,-6.2016,2.8094,0.3433,-0.0145,-767.0,-761.0,16,6.3
208.456,-6.1963,2.8366,0.3925,0.0,-767.0,-761.0,16,6.3
208.456,-6.1963,2.8366,0.3925,0.0,-769.0,-760.0,16,6.3
208.506,-6.1963,2.8366,0.3925,0.0,-769.0,-760.0,16,6.3
208.516,-6.1882,2.8775,0.4444,0.0,-769.0,-760.0,16,6.3
208.516,-6.1882,2.8775,0.4444,0.0,-772.0,-767.0,16,6.3
208.566,-6.1882,2.8775,0.4444,0.0,-772.0,-767.0,16,6.3
208.576,-6.1828,2.9057,0.4843,0.0145,-772.0,-767.0,16,6.3
208.576,-6.1828,2.9057,0.4843,0.0145,-779.0,-779.0,16,6.4
208.626,-6.1828,2.9057,0.4843,0.0145,-779.0,-779.0,16,6.4
208.636,-6.1799,2.9201,0.4225,-0.0,-779.0,-779.0,16,6.4
208.636,-6.1799,2.9201,0.4225,-0.0,-793.0,-799.0,16,6.3
208.686,-6.1799,2.9201,0.4225,-0.0,-793.0,-799.0,16,6.3
208.696,-6.1744,2.9483,0.4717,0.0144,-793.0,-799.0,16,6.3
208.696,-6.1744,2.9483,0.4717,0.0144,-797.0,-793.0,16,6.3
208.746,-6.1744,2.9483,0.4717,0.0144,-797.0,-793.0,16,6.3
208.756,-6.1716,2.9628,0.4282,-0.0,-797.0,-793.0,16,6.3
208.756,-6.1716,2.9628,0.4282,-0.0,-822.0,-811.0,16,6.4
208.806,-6.1716,2.9628,0.4282,-0.0,-822.0,-811.0,16,6.4
208.816,-6.166,2.9917,0.3878,-0.0,-822.0,-811.0,16,6.4
208.816,-6.166,2.9917,0.3878,-0.0,-809.0,-806.0,16,6.3
208.866,-6.166,2.9917,0.3878,-0.0,-809.0,-806.0,16,6.3
208.876,-6.1632,3.0062,0.3416,0.0,-809.0,-806.0,16,6.3
208.876,-6.1632,3.0062,0.3416,0.0,-820.0,-822.0,16,6.4
208.926,-6.1632,3.0062,0.3416,0.0,-820.0,-822.0,16,6.4
208.935,-6.1574,3.0361,0.3937,0.0,-820.0,-822.0,16,6.4
208.936,-6.1574,3.0361,0.3937,0.0,-822.0,-850.0,16,6.3
208.986,-6.1574,3.0361,0.3937,0.0,-822.0,-850.0,16,6.3
208.996,-6.1544,3.0514,0.3503,-0.0145,-822.0,-850.0,16,6.3
208.996,-6.1544,3.0514,0.3503,-0.0145,-828.0,-832.0,16,6.3
209.046,-6.1544,3.0514,0.3503,-0.0145,-828.0,-832.0,16,6.3
209.056,-6.1459,3.0949,0.4489,0.0145,-828.0,-832.0,16,6.3
209.056,-6.1459,3.0949,0.4489,0.0145,-820.0,-814.0,16,6.4
209.106,-6.1459,3.0949,0.4489,0.0145,-820.0,-814.0,16,6.4
209.116,-6.1403,3.1239,0.4487,0.0145,-820.0,-814.0,16,6.4
209.117,-6.1403,3.1239,0.4487,0.0145,-831.0,-782.0,16,6.4
209.167,-6.1403,3.1239,0.4487,0.0145,-831.0,-782.0,16,6.4
209.176,-6.1348,3.1529,0.4979,0.0,-831.0,-782.0,16,6.4
209.176,-6.1348,3.1529,0.4979,0.0,-828.0,-779.0,16,6.4
209.226,-6.1348,3.1529,0.4979,0.0,-828.0,-779.0,16,6.4
209.236,-6.132,3.1674,0.4458,0.029,-828.0,-779.0,16,6.4
209.236,-6.132,3.1674,0.4458,0.029,-830.0,-779.0,16,6.4
209.286,-6.132,3.1674,0.4458,0.029,-830.0,-779.0,16,6.4
209.296,-6.1268,3.1956,0.4893,0.0435,-830.0,-779.0,16,6.4
209.296,-6.1268,3.1956,0.4893,0.0435,-817.0,-775.0,16,6.4
209.346,-6.1268,3.1956,0.4893,0.0435,-817.0,-775.0,16,6.4
209.356,-6.1242,3.2101,0.3907,0.0434,-817.0,-775.0,16,6.4
209.356,-6.1242,3.2101,0.3907,0.0434,-805.0,-794.0,16,6.4
209.406,-6.1242,3.2101,0.3907,0.0434,-805.0,-794.0,16,6.4
209.416,-6.119,3.2383,0.3879,0.029,-805.0,-794.0,16,6.4
209.416,-6.119,3.2383,0.3879,0.029,-784.0,-788.0,16,6.4
209.466,-6.119,3.2383,0.3879,0.029,-784.0,-788.0,16,6.4
209.476,-6.1165,3.2519,0.3358,0.029,-784.0,-788.0,16,6.4
209.476,-6.1165,3.2519,0.3358,0.029,-725.0,-764.0,16,6.4
209.526,-6.1165,3.2519,0.3358,0.029,-725.0,-764.0,16,6.4
209.536,-6.1116,3.2784,0.3764,-0.0,-725.0,-764.0,16,6.4
209.536,-6.1116,3.2784,0.3764,-0.0,-727.0,-771.0,16,6.4
209.586,-6.1116,3.2784,0.3764,-0.0,-727.0,-771.0,16,6.4
209.596,-6.1039,3.3194,0.4198,-0.0145,-727.0,-771.0,16,6.4
209.596,-6.1039,3.3194,0.4198,-0.0145,-753.0,-758.0,16,6.4
209.646,-6.1039,3.3194,0.4198,-0.0145,-753.0,-758.0,16,6.4
209.656,-6.1013,3.333,0.4169,-0.029,-753.0,-758.0,16,6.4
209.656,-6.1013,3.333,0.4169,-0.029,-795.0,-771.0,16,6.4
209.706,-6.1013,3.333,0.4169,-0.029,-795.0,-771.0,16,6.4
209.716,-6.0962,3.3603,0.4134,-0.0145,-795.0,-771.0,16,6.4
209.716,-6.0962,3.3603,0.4134,-0.0145,-763.0,-723.0,16,6.4
209.766,-6.0962,3.3603,0.4134,-0.0145,-763.0,-723.0,16,6.4
209.776,-6.0913,3.3868,0.4566,-0.0001,-763.0,-723.0,16,6.4
209.777,-6.0913,3.3868,0.4566,-0.0001,-744.0,-717.0,16,6.4
209.827,-6.0913,3.3868,0.4566,-0.0001,-744.0,-717.0,16,6.4
209.836,-6.0891,3.3988,0.4075,0.0144,-744.0,-717.0,16,6.4
209.836,-6.0891,3.3988,0.4075,0.0144,-669.0,-674.0,16,6.4
209.886,-6.0891,3.3988,0.4075,0.0144,-669.0,-674.0,16,6.4
209.896,-6.0847,3.4227,0.3495,0.0144,-669.0,-674.0,16,6.4
209.896,-6.0847,3.4227,0.3495,0.0144,-660.0,-679.0,16,6.4
209.946,-6.0847,3.4227,0.3495,0.0144,-660.0,-679.0,16,6.4
209.956,-6.0827,3.4338,0.3407,-0.0,-660.0,-679.0,16,6.4
209.956,-6.0827,3.4338,0.3407,-0.0,-616.0,-656.0,16,6.4
210.006,-6.0827,3.4338,0.3407,-0.0,-616.0,-656.0,16,6.4
210.016,-6.0783,3.4568,0.3271,-0.0145,-616.0,-656.0,16,6.4
210.016,-6.0783,3.4568,0.3271,-0.0145,-602.0,-650.0,16,6.4
210.066,-6.0783,3.4568,0.3271,-0.0145,-602.0,-650.0,16,6.4
210.076,-6.0762,3.4679,0.2754,-0.0435,-602.0,-650.0,16,6.4
210.076,-6.0762,3.4679,0.2754,-0.0435,-599.0,-653.0,16,6.4
210.126,-6.0762,3.4679,0.2754,-0.0435,-599.0,-653.0,16,6.4
210.136,-6.0696,3.5011,0.3474,-0.0579,-599.0,-653.0,16,6.4
210.136,-6.0696,3.5011,0.3474,-0.0579,-583.0,-624.0,16,6.4
210.186,-6.0696,3.5011,0.3474,-0.0579,-583.0,-624.0,16,6.4
210.196,-6.0652,3.5224,0.3387,-0.0724,-583.0,-624.0,16,6.4
210.196,-6.0652,3.5224,0.3387,-0.0724,-598.0,-634.0,16,6.4
210.246,-6.0652,3.5224,0.3387,-0.0724,-598.0,-634.0,16,6.4
210.256,-6.0628,3.5343,0.3418,-0.0579,-598.0,-634.0,16,6.4
210.256,-6.0628,3.5343,0.3418,-0.0579,-613.0,-612.0,16,6.4
210.307,-6.0628,3.5343,0.3418,-0.0579,-613.0,-612.0,16,6.4
210.316,-6.0584,3.5556,0.3358,-0.029,-613.0,-612.0,16,6.4
210.316,-6.0584,3.5556,0.3358,-0.029,-644.0,-623.0,16,6.4
210.366,-6.0584,3.5556,0.3358,-0.029,-644.0,-623.0,16,6.4
210.376,-6.0536,3.5794,0.3791,-0.0145,-644.0,-623.0,16,6.4
210.376,-6.0536,3.5794,0.3791,-0.0145,-645.0,-632.0,16,6.4
210.427,-6.0536,3.5794,0.3791,-0.0145,-645.0,-632.0,16,6.4
210.436,-6.0512,3.5913,0.3068,0.0,-645.0,-632.0,16,6.4
210.436,-6.0512,3.5913,0.3068,0.0,-660.0,-655.0,16,6.4
210.486,-6.0512,3.5913,0.3068,0.0,-660.0,-655.0,16,6.4
210.496,-6.0468,3.6135,0.3097,0.0145,-660.0,-655.0,16,6.4
210.496,-6.0468,3.6135,0.3097,0.0145,-662.0,-665.0,16,6.4
210.546,-6.0468,3.6135,0.3097,0.0145,-662.0,-665.0,16,6.4
210.556,-6.0444,3.6254,0.3092,0.0145,-662.0,-665.0,16,6.4
210.557,-6.0444,3.6254,0.3092,0.0145,-646.0,-651.0,16,6.4
210.607,-6.0444,3.6254,0.3092,0.0145,-646.0,-651.0,16,6.4
210.616,-6.0396,3.6492,0.3189,0.0,-646.0,-651.0,16,6.4
210.616,-6.0396,3.6492,0.3189,0.0,-651.0,-663.0,16,6.4
210.666,-6.0396,3.6492,0.3189,0.0,-651.0,-663.0,16,6.4
210.676,-6.0326,3.6833,0.3536,-0.0289,-651.0,-663.0,16,6.4
210.676,-6.0326,3.6833,0.3536,-0.0289,-625.0,-666.0,16,6.4
210.726,-6.0326,3.6833,0.3536,-0.0289,-625.0,-666.0,16,6.4
210.736,-6.0301,3.6952,0.3536,-0.0289,-625.0,-666.0,16,6.4
210.736,-6.0301,3.6952,0.3536,-0.0289,-605.0,-662.0,16,6.4
210.786,-6.0301,3.6952,0.3536,-0.0289,-605.0,-662.0,16,6.4
210.796,-6.0254,3.7172,0.3536,-0.0578,-605.0,-662.0,16,6.4
210.796,-6.0254,3.7172,0.3536,-0.0578,-611.0,-657.0,16,6.4
210.846,-6.0254,3.7172,0.3536,-0.0578,-611.0,-657.0,16,6.4
210.856,-6.023,3.7283,0.3511,-0.0434,-611.0,-657.0,16,6.4
210.856,-6.023,3.7283,0.3511,-0.0434,-604.0,-645.0,16,6.4
210.906,-6.023,3.7283,0.3511,-0.0434,-604.0,-645.0,16,6.4
210.916,-6.018,3.7512,0.3473,-0.0579,-604.0,-645.0,16,6.4
210.916,-6.018,3.7512,0.3473,-0.0579,-615.0,-644.0,16,6.4
210.966,-6.018,3.7512,0.3473,-0.0579,-615.0,-644.0,16,6.4
210.976,-6.0155,3.7622,0.2692,-0.0434,-615.0,-644.0,16,6.4
210.976,-6.0155,3.7622,0.2692,-0.0434,-624.0,-641.0,16,6.4
211.026,-6.0155,3.7622,0.2692,-0.0434,-624.0,-641.0,16,6.4
211.036,-6.0106,3.7842,0.3039,-0.0434,-624.0,-641.0,16,6.4
211.036,-6.0106,3.7842,0.3039,-0.0434,-606.0,-621.0,16,6.4
211.086,-6.0106,3.7842,0.3039,-0.0434,-606.0,-621.0,16,6.4
211.096,-6.0058,3.8063,0.304,-0.0145,-606.0,-621.0,16,6.4
211.096,-6.0058,3.8063,0.304,-0.0145,-609.0,-611.0,16,6.4
211.146,-6.0058,3.8063,0.304,-0.0145,-609.0,-611.0,16,6.4
211.156,-6.0035,3.8165,0.3011,-0.0289,-609.0,-611.0,16,6.4
211.156,-6.0035,3.8165,0.3011,-0.0289,-606.0,-596.0,16,6.4
211.206,-6.0035,3.8165,0.3011,-0.0289,-606.0,-596.0,16,6.4
211.216,-5.9966,3.8478,0.3301,0.0,-606.0,-596.0,16,6.4
211.216,-5.9966,3.8478,0.3301,0.0,-581.0,-556.0,16,6.4
211.266,-5.9966,3.8478,0.3301,0.0,-581.0,-556.0,16,6.4
211.276,-5.9923,3.8674,0.3589,0.0289,-581.0,-556.0,16,6.4
211.276,-5.9923,3.8674,0.3589,0.0289,-580.0,-550.0,16,6.4
211.327,-5.9923,3.8674,0.3589,0.0289,-580.0,-550.0,16,6.4
211.336,-5.9901,3.8775,0.3185,0.0289,-580.0,-550.0,16,6.4
211.336,-5.9901,3.8775,0.3185,0.0289,-548.0,-522.0,16,6.4
211.386,-5.9901,3.8775,0.3185,0.0289,-548.0,-522.0,16,6.4
211.396,-5.9861,3.8962,0.3067,0.0289,-548.0,-522.0,16,6.4
211.396,-5.9861,3.8962,0.3067,0.0289,-540.0,-513.0,16,6.4
211.446,-5.9861,3.8962,0.3067,0.0289,-540.0,-513.0,16,6.4
211.456,-5.9861,3.8962,0.272,0.0289,-540.0,-513.0,16,6.4
211.456,-5.9861,3.8962,0.272,0.0289,-540.0,-513.0,16,6.4
211.506,-5.9861,3.8962,0.272,0.0289,-540.0,-513.0,16,6.4
211.516,-5.9798,3.926,0.2661,0.0289,-540.0,-513.0,16,6.4
211.516,-5.9798,3.926,0.2661,0.0289,-499.0,-483.0,16,6.4
211.566,-5.9798,3.926,0.2661,0.0289,-499.0,-483.0,16,6.4
211.577,-5.9762,3.943,0.2566,0.0145,-499.0,-483.0,16,6.4
211.577,-5.9762,3.943,0.2566,0.0145,-473.0,-471.0,16,6.4
211.627,-5.9762,3.943,0.2566,0.0145,-473.0,-471.0,16,6.4
211.636,-5.9727,3.96,0.2802,0.0145,-473.0,-471.0,16,6.4
211.636,-5.9727,3.96,0.2802,0.0145,-469.0,-474.0,16,6.4
211.687,-5.9727,3.96,0.2802,0.0145,-469.0,-474.0,16,6.4
211.696,-5.9712,3.9667,0.2399,0.0145,-469.0,-474.0,16,6.4
211.696,-5.9712,3.9667,0.2399,0.0145,-447.0,-463.0,16,6.4
211.746,-5.9712,3.9667,0.2399,0.0145,-447.0,-463.0,16,6.4
211.756,-5.9677,3.9837,0.2978,0.0145,-447.0,-463.0,16,6.4
211.756,-5.9677,3.9837,0.2978,0.0145,-451.0,-464.0,16,6.4
211.806,-5.9677,3.9837,0.2978,0.0145,-451.0,-464.0,16,6.4
211.816,-5.966,3.9914,0.2226,-0.0145,-451.0,-464.0,16,6.4
211.816,-5.966,3.9914,0.2226,-0.0145,-442.0,-441.0,16,6.4
211.866,-5.966,3.9914,0.2226,-0.0145,-442.0,-441.0,16,6.4
211.876,-5.9628,4.0067,0.2178,-0.0145,-442.0,-441.0,16,6.4
211.876,-5.9628,4.0067,0.2178,-0.0145,-423.0,-434.0,16,6.4
211.927,-5.9628,4.0067,0.2178,-0.0145,-423.0,-434.0,16,6.4
211.936,-5.9613,4.0135,0.1826,-0.0145,-423.0,-434.0,16,6.4
211.936,-5.9613,4.0135,0.1826,-0.0145,-386.0,-398.0,16,6.4
211.986,-5.9613,4.0135,0.1826,-0.0145,-386.0,-398.0,16,6.4
211.996,-5.9584,4.0271,0.2055,-0.0145,-386.0,-398.0,16,6.4
211.996,-5.9584,4.0271,0.2055,-0.0145,-357.0,-373.0,16,6.4
212.047,-5.9584,4.0271,0.2055,-0.0145,-357.0,-373.0,16,6.4
212.056,-5.9551,4.0423,0.1997,-0.0145,-357.0,-373.0,16,6.4
212.056,-5.9551,4.0423,0.1997,-0.0145,-292.0,-305.0,16,6.4
212.106,-5.9551,4.0423,0.1997,-0.0145,-292.0,-305.0,16,6.4
212.116,-5.9542,4.0466,0.1881,-0.0145,-292.0,-305.0,16,6.4
212.116,-5.9542,4.0466,0.1881,-0.0145,-267.0,-261.0,16,6.4
212.166,-5.9542,4.0466,0.1881,-0.0145,-267.0,-261.0,16,6.4
212.176,-5.9522,4.0559,0.1677,-0.0001,-267.0,-261.0,16,6.4
212.176,-5.9522,4.0559,0.1677,-0.0001,-246.0,-218.0,16,6.4
212.227,-5.9522,4.0559,0.1677,-0.0001,-246.0,-218.0,16,6.4
212.236,-5.9505,4.0636,0.1707,0.0145,-246.0,-218.0,16,6.4
212.236,-5.9505,4.0636,0.1707,0.0145,-249.0,-214.0,16,6.4
212.286,-5.9505,4.0636,0.1707,0.0145,-249.0,-214.0,16,6.4
212.296,-5.9497,4.0678,0.1389,0.0289,-249.0,-214.0,16,6.4
212.296,-5.9497,4.0678,0.1389,0.0289,-255.0,-208.0,16,6.4
212.346,-5.9497,4.0678,0.1389,0.0289,-255.0,-208.0,16,6.4
212.356,-5.9479,4.0763,0.1158,0.0289,-255.0,-208.0,16,6.4
212.356,-5.9479,4.0763,0.1158,0.0289,-237.0,-205.0,16,6.4
212.406,-5.9479,4.0763,0.1158,0.0289,-237.0,-205.0,16,6.4
212.415,-5.9472,4.0797,0.1129,0.0434,-237.0,-205.0,16,6.4
212.415,-5.9472,4.0797,0.1129,0.0434,-241.0,-200.0,16,6.4
212.466,-5.9472,4.0797,0.1129,0.0434,-241.0,-200.0,16,6.4
212.476,-5.9456,4.0874,0.1073,0.0435,-241.0,-200.0,16,6.4
212.476,-5.9456,4.0874,0.1073,0.0435,-235.0,-199.0,16,6.4
212.526,-5.9456,4.0874,0.1073,0.0435,-235.0,-199.0,16,6.4
212.536,-5.9448,4.0916,0.0955,0.0434,-235.0,-199.0,16,6.4
212.536,-5.9448,4.0916,0.0955,0.0434,-250.0,-201.0,16,6.4
212.586,-5.9448,4.0916,0.0955,0.0434,-250.0,-201.0,16,6.4
212.596,-5.9426,4.1027,0.1187,0.0434,-250.0,-201.0,16,6.4
212.596,-5.9426,4.1027,0.1187,0.0434,-230.0,-193.0,16,6.4
212.646,-5.9426,4.1027,0.1187,0.0434,-230.0,-193.0,16,6.4
212.656,-5.9412,4.1104,0.1158,0.0579,-230.0,-193.0,16,6.4
212.656,-5.9412,4.1104,0.1158,0.0579,-220.0,-193.0,16,6.4
212.707,-5.9412,4.1104,0.1158,0.0579,-220.0,-193.0,16,6.4
212.716,-5.9405,4.1138,0.1158,0.0579,-220.0,-193.0,16,6.4
212.716,-5.9405,4.1138,0.1158,0.0579,-185.0,-196.0,16,6.4
212.766,-5.9405,4.1138,0.1158,0.0579,-185.0,-196.0,16,6.4
212.777,-5.9391,4.1215,0.1151,0.0293,-185.0,-196.0,16,6.4
212.777,-5.9391,4.1215,0.1151,0.0293,-154.0,-193.0,16,6.4
212.828,-5.9391,4.1215,0.1151,0.0293,-154.0,-193.0,16,6.4
212.836,-5.9386,4.124,0.1095,-0.0,-154.0,-193.0,16,6.4
212.836,-5.9386,4.124,0.1095,-0.0,-130.0,-189.0,16,6.4
212.886,-5.9386,4.124,0.1095,-0.0,-130.0,-189.0,16,6.4
212.896,-5.9377,4.1283,0.0864,-0.0289,-130.0,-189.0,16,6.4
212.897,-5.9377,4.1283,0.0864,-0.0289,-109.0,-168.0,16,6.4
212.947,-5.9377,4.1283,0.0864,-0.0289,-109.0,-168.0,16,6.4
212.956,-5.9365,4.1343,0.0804,-0.0578,-109.0,-168.0,16,6.4
212.956,-5.9365,4.1343,0.0804,-0.0578,-104.0,-154.0,16,6.4
213.007,-5.9365,4.1343,0.0804,-0.0578,-104.0,-154.0,16,6.4
213.016,-5.9362,4.136,0.0747,-0.0578,-104.0,-154.0,16,6.4
213.016,-5.9362,4.136,0.0747,-0.0578,-100.0,-136.0,16,6.4
213.066,-5.9362,4.136,0.0747,-0.0578,-100.0,-136.0,16,6.4
213.078,-5.9353,4.1402,0.0634,-0.0578,-100.0,-136.0,16,6.4
213.078,-5.9353,4.1402,0.0634,-0.0578,-97.0,-124.0,16,6.4
213.128,-5.9353,4.1402,0.0634,-0.0578,-97.0,-124.0,16,6.4
213.136,-5.9342,4.1453,0.0724,-0.0428,-97.0,-124.0,16,6.4
213.136,-5.9342,4.1453,0.0724,-0.0428,-95.0,-111.0,16,6.4
213.186,-5.9342,4.1453,0.0724,-0.0428,-95.0,-111.0,16,6.4
213.196,-5.9339,4.147,0.0637,-0.0284,-95.0,-111.0,16,6.4
213.196,-5.9339,4.147,0.0637,-0.0284,-89.0,-112.0,16,6.4
213.247,-5.9339,4.147,0.0637,-0.0284,-89.0,-112.0,16,6.4
213.256,-5.9331,4.1504,0.0552,-0.043,-89.0,-112.0,16,6.4
213.256,-5.9331,4.1504,0.0552,-0.043,-87.0,-124.0,16,6.4
213.306,-5.9331,4.1504,0.0552,-0.043,-87.0,-124.0,16,6.4
213.316,-5.9328,4.1521,0.0551,-0.043,-87.0,-124.0,16,6.4
213.316,-5.9328,4.1521,0.0551,-0.043,-90.0,-142.0,16,6.4
213.366,-5.9328,4.1521,0.0551,-0.043,-90.0,-142.0,16,6.4
213.376,-5.9318,4.1563,0.0555,-0.0434,-90.0,-142.0,16,6.4
213.376,-5.9318,4.1563,0.0555,-0.0434,-97.0,-141.0,16,6.4
213.427,-5.9318,4.1563,0.0555,-0.0434,-97.0,-141.0,16,6.4
213.436,-5.9311,4.1597,0.0492,-0.0434,-97.0,-141.0,16,6.4
213.436,-5.9311,4.1597,0.0492,-0.0434,-105.0,-132.0,16,6.4
213.486,-5.9311,4.1597,0.0492,-0.0434,-105.0,-132.0,16,6.4
213.496,-5.9303,4.1631,0.055,-0.0434,-105.0,-132.0,16,6.4
213.496,-5.9303,4.1631,0.055,-0.0434,-122.0,-121.0,16,6.4
213.547,-5.9303,4.1631,0.055,-0.0434,-122.0,-121.0,16,6.4
213.556,-5.9292,4.1682,0.0608,-0.0144,-122.0,-121.0,16,6.4
213.556,-5.9292,4.1682,0.0608,-0.0144,-121.0,-114.0,16,6.4
213.606,-5.9292,4.1682,0.0608,-0.0144,-121.0,-114.0,16,6.4
213.615,-5.9288,4.1699,0.0608,-0.0144,-121.0,-114.0,16,6.4
213.616,-5.9288,4.1699,0.0608,-0.0144,-124.0,-115.0,16,6.4
213.666,-5.9288,4.1699,0.0608,-0.0144,-124.0,-115.0,16,6.4
213.676,-5.928,4.1733,0.058,0.0,-124.0,-115.0,16,6.4
213.676,-5.928,4.1733,0.058,0.0,-120.0,-120.0,16,6.4
213.727,-5.928,4.1733,0.058,0.0,-120.0,-120.0,16,6.4
213.736,-5.9263,4.1809,0.0724,-0.0145,-120.0,-120.0,16,6.4
213.736,-5.9263,4.1809,0.0724,-0.0145,-115.0,-138.0,16,6.4
213.786,-5.9263,4.1809,0.0724,-0.0145,-115.0,-138.0,16,6.4
213.796,-5.9259,4.1826,0.0666,-0.0145,-115.0,-138.0,16,6.4
213.796,-5.9259,4.1826,0.0666,-0.0145,-119.0,-137.0,16,6.4
213.846,-5.9259,4.1826,0.0666,-0.0145,-119.0,-137.0,16,6.4
213.855,-5.9248,4.1877,0.0666,-0.0145,-119.0,-137.0,16,6.4
213.856,-5.9248,4.1877,0.0666,-0.0145,-123.0,-133.0,16,6.4
213.906,-5.9248,4.1877,0.0666,-0.0145,-123.0,-133.0,16,6.4
213.916,-5.9244,4.1894,0.0666,-0.0145,-123.0,-133.0,16,6.4
213.916,-5.9244,4.1894,0.0666,-0.0145,-130.0,-117.0,16,6.4
213.966,-5.9244,4.1894,0.0666,-0.0145,-130.0,-117.0,16,6.4
213.976,-5.9234,4.1936,0.0695,-0.0,-130.0,-117.0,16,6.4
213.976,-5.9234,4.1936,0.0695,-0.0,-130.0,-113.0,16,6.4
214.027,-5.9234,4.1936,0.0695,-0.0,-130.0,-113.0,16,6.4
214.035,-5.9228,4.1962,0.0521,-0.0,-130.0,-113.0,16,6.4
214.036,-5.9228,4.1962,0.0521,-0.0,-117.0,-101.0,16,6.4
214.086,-5.9228,4.1962,0.0521,-0.0,-117.0,-101.0,16,6.4
214.096,-5.9221,4.1996,0.0579,-0.0,-117.0,-101.0,16,6.4
214.096,-5.9221,4.1996,0.0579,-0.0,-91.0,-96.0,16,6.4
214.146,-5.9221,4.1996,0.0579,-0.0,-91.0,-96.0,16,6.4
214.155,-5.9215,4.2021,0.0492,0.0145,-91.0,-96.0,16,6.4
214.156,-5.9215,4.2021,0.0492,0.0145,-91.0,-93.0,16,6.3
214.206,-5.9215,4.2021,0.0492,0.0145,-91.0,-93.0,16,6.3
214.215,-5.9207,4.2055,0.055,0.0145,-91.0,-93.0,16,6.3
214.215,-5.9207,4.2055,0.055,0.0145,-59.0,-71.0,16,6.4
214.266,-5.9207,4.2055,0.055,0.0145,-59.0,-71.0,16,6.4
214.276,-5.9205,4.2063,0.0434,-0.0145,-59.0,-71.0,16,6.4
214.276,-5.9205,4.2063,0.0434,-0.0145,-53.0,-56.0,16,6.4
214.327,-5.9205,4.2063,0.0434,-0.0145,-53.0,-56.0,16,6.4
214.336,-5.9201,4.208,0.0405,0.0,-53.0,-56.0,16,6.4
214.336,-5.9201,4.208,0.0405,0.0,-55.0,-56.0,16,6.4
214.386,-5.9201,4.208,0.0405,0.0,-55.0,-56.0,16,6.4
214.396,-5.92,4.2089,0.0319,0.0145,-55.0,-56.0,16,6.4
214.396,-5.92,4.2089,0.0319,0.0145,-60.0,-34.0,16,6.3
214.447,-5.92,4.2089,0.0319,0.0145,-60.0,-34.0,16,6.3
214.456,-5.9196,4.2106,0.0289,-0.0,-60.0,-34.0,16,6.3
214.456,-5.9196,4.2106,0.0289,-0.0,-58.0,-34.0,16,6.4
214.506,-5.9196,4.2106,0.0289,-0.0,-58.0,-34.0,16,6.4
214.516,-5.9194,4.2114,0.0203,0.0145,-58.0,-34.0,16,6.4
214.516,-5.9194,4.2114,0.0203,0.0145,-70.0,-54.0,16,6.3
214.566,-5.9194,4.2114,0.0203,0.0145,-70.0,-54.0,16,6.3
214.576,-5.9188,4.214,0.026,0.0145,-70.0,-54.0,16,6.3
214.576,-5.9188,4.214,0.026,0.0145,-47.0,-54.0,16,6.3
214.627,-5.9188,4.214,0.026,0.0145,-47.0,-54.0,16,6.3
214.636,-5.9188,4.214,0.0203,0.0145,-47.0,-54.0,16,6.3
214.636,-5.9188,4.214,0.0203,0.0145,-47.0,-62.0,16,6.3
214.686,-5.9188,4.214,0.0203,0.0145,-47.0,-62.0,16,6.3
214.696,-5.9184,4.2156,0.0231,0.0,-47.0,-62.0,16,6.3
214.696,-5.9184,4.2156,0.0231,0.0,-47.0,-54.0,16,6.4
214.746,-5.9184,4.2156,0.0231,0.0,-47.0,-54.0,16,6.4
214.756,-5.9181,4.2173,0.0232,0.0,-47.0,-54.0,16,6.4
214.756,-5.9181,4.2173,0.0232,0.0,-39.0,-43.0,16,6.3
214.806,-5.9181,4.2173,0.0232,0.0,-39.0,-43.0,16,6.3
214.815,-5.9179,4.2182,0.0232,0.0,-39.0,-43.0,16,6.3
214.816,-5.9179,4.2182,0.0232,0.0,-38.0,-43.0,16,6.4
214.866,-5.9179,4.2182,0.0232,0.0,-38.0,-43.0,16,6.4
214.876,-5.9179,4.2182,0.0145,0.0145,-38.0,-43.0,16,6.4
214.876,-5.9179,4.2182,0.0145,0.0145,-38.0,0.0,16,6.3
214.927,-5.9179,4.2182,0.0145,0.0145,-38.0,0.0,16,6.3
214.936,-5.9179,4.2182,0.0145,0.0145,-38.0,0.0,16,6.3
214.936,-5.9179,4.2182,0.0145,0.0145,-38.0,0.0,16,6.3
214.986,-5.9179,4.2182,0.0145,0.0145,-38.0,0.0,16,6.3
214.996,-5.9179,4.2182,0.0087,0.0145,-38.0,0.0,16,6.3
214.996,-5.9179,4.2182,0.0087,0.0145,0.0,0.0,16,6.3
215.047,-5.9179,4.2182,0.0087,0.0145,0.0,0.0,16,6.3
215.056,-5.9179,4.2182,0.0029,0.0145,0.0,0.0,16,6.3
215.056,-5.9179,4.2182,0.0029,0.0145,0.0,0.0,16,6.3
215.106,-5.9179,4.2182,0.0029,0.0145,0.0,0.0,16,6.3
215.115,-5.9179,4.2182,0.0,0.0,0.0,0.0,16,6.3
215.116,-5.9179,4.2182,0.0,0.0,0.0,0.0,16,6.4
215.166,-5.9179,4.2182,0.0,0.0,0.0,0.0,16,6.4
215.176,-5.9179,4.2182,0.0,0.0,0.0,0.0,16,6.4
215.176,-5.9179,4.2182,0.0,0.0,0.0,0.0,16,6.3
215.227,-5.9179,4.2182,0.0,0.0,0.0,0.0,16,6.3
215.236,-5.9179,4.2182,0.0,0.0,0.0,0.0,16,6.3
215.236,-5.9179,4.2182,0.0,0.0,0.0,0.0,16,6.3
215.286,-5.9179,4.2182,0.0,0.0,0.0,0.0,16,6.3
215.296,-5.9179,4.2182,0.0,0.0,0.0,0.0,16,6.3
215.296,-5.9179,4.2182,0.0,0.0,0.0,0.0,16,6.3
215.347,-5.9179,4.2182,0.0,0.0,0.0,0.0,16,6.3
215.355,-5.9179,4.2182,0.0,0.0,0.0,0.0,16,6.3
215.356,-5.9179,4.2182,0.0,0.0,12.0,0.0,16,6.3
215.406,-5.9179,4.2182,0.0,0.0,12.0,0.0,16,6.3
215.416,-5.9181,4.2173,-0.0029,-0.0145,12.0,0.0,16,6.3
215.416,-5.9181,4.2173,-0.0029,-0.0145,12.0,0.0,16,6.3
215.466,-5.9181,4.2173,-0.0029,-0.0145,12.0,0.0,16,6.3
215.478,-5.9181,4.2173,-0.0029,-0.0145,12.0,0.0,16,6.3
215.478,-5.9181,4.2173,-0.0029,-0.0145,12.0,0.0,16,6.4
215.528,-5.9181,4.2173,-0.0029,-0.0145,12.0,0.0,16,6.4
215.536,-5.9181,4.2173,-0.0029,-0.0145,12.0,0.0,16,6.4
215.536,-5.9181,4.2173,-0.0029,-0.0145,12.0,0.0,16,6.3
215.586,-5.9181,4.2173,-0.0029,-0.0145,12.0,0.0,16,6.3
215.596,-5.9181,4.2173,-0.0029,-0.0145,12.0,0.0,16,6.3
215.596,-5.9181,4.2173,-0.0029,-0.0145,0.0,0.0,16,6.3
215.647,-5.9181,4.2173,-0.0029,-0.0145,0.0,0.0,16,6.3
215.655,-5.9181,4.2173,-0.0029,-0.0145,0.0,0.0,16,6.3
215.656,-5.9181,4.2173,-0.0029,-0.0145,0.0,0.0,16,6.3
215.706,-5.9181,4.2173,-0.0029,-0.0145,0.0,0.0,16,6.3
215.715,-5.9181,4.2173,0.0,0.0,0.0,0.0,16,6.3
215.715,-5.9181,4.2173,0.0,0.0,0.0,0.0,16,6.3
215.766,-5.9181,4.2173,0.0,0.0,0.0,0.0,16,6.3
215.776,-5.9181,4.2173,0.0,0.0,0.0,0.0,16,6.3
215.776,-5.9181,4.2173,0.0,0.0,0.0,0.0,16,6.3
215.827,-5.9181,4.2173,0.0,0.0,0.0,0.0,16,6.3
215.836,-5.9181,4.2173,0.0,0.0,0.0,0.0,16,6.3
215.836,-5.9181,4.2173,0.0,0.0,0.0,0.0,16,6.3
215.886,-5.9181,4.2173,0.0,0.0,0.0,0.0,16,6.3
215.896,-5.9181,4.2173,0.0,0.0,0.0,0.0,16,6.3
215.896,-5.9181,4.2173,0.0,0.0,0.0,0.0,16,6.3
215.946,-5.9181,4.2173,0.0,0.0,0.0,0.0,16,6.3
215.956,-5.9181,4.2173,0.0,0.0,0.0,0.0,16,6.3
215.956,-5.9181,4.2173,0.0,0.0,0.0,0.0,16,6.3
216.006,-5.9181,4.2173,0.0,0.0,0.0,0.0,16,6.3
216.015,-5.9181,4.2173,0.0,0.0,0.0,0.0,16,6.3
216.015,-5.9181,4.2173,0.0,0.0,0.0,0.0,16,6.3
216.066,-5.9181,4.2173,0.0,0.0,0.0,0.0,16,6.3
216.077,-5.9181,4.2173,0.0,0.0,0.0,0.0,16,6.3
216.077,-5.9181,4.2173,0.0,0.0,0.0,0.0,16,6.3
216.128,-5.9181,4.2173,0.0,0.0,0.0,0.0,16,6.3
216.136,-5.9181,4.2173,0.0,0.0,0.0,0.0,16,6.3
216.136,-5.9181,4.2173,0.0,0.0,0.0,0.0,16,6.3
216.186,-5.9181,4.2173,0.0,0.0,0.0,0.0,16,6.3
216.196,-5.9181,4.2173,0.0,0.0,0.0,0.0,16,6.3
216.197,-5.9181,4.2173,0.0,0.0,0.0,0.0,16,6.3
216.247,-5.9181,4.2173,0.0,0.0,0.0,0.0,16,6.3
216.256,-5.9181,4.2173,0.0,0.0,0.0,0.0,16,6.3
216.256,-5.9181,4.2173,0.0,0.0,0.0,0.0,16,6.3
216.306,-5.9181,4.2173,0.0,0.0,0.0,0.0,16,6.3
216.306,-5.9181,4.2173,0.0,0.0,0.0,0.0,16,6.3
216.356,-5.9181,4.2173,0.0,0.0,0.0,0.0,16,6.3
216.356,-5.9181,4.2173,0.0,0.0,0.0,0.0,16,6.3
216.406,-5.9181,4.2173,0.0,0.0,0.0,0.0,16,6.3
216.416,-5.9181,4.2173,0.0,0.0,0.0,0.0,16,6.3
216.416,-5.9181,4.2173,0.0,0.0,0.0,0.0,16,6.3
216.467,-5.9181,4.2173,0.0,0.0,0.0,0.0,16,6.3
216.476,-5.9181,4.2173,0.0,0.0,0.0,0.0,16,6.3
216.476,-5.9181,4.2173,0.0,0.0,0.0,0.0,16,6.3
216.526,-5.9181,4.2173,0.0,0.0,0.0,0.0,16,6.3
216.536,-5.9181,4.2173,0.0,0.0,0.0,0.0,16,6.3
216.536,-5.9181,4.2173,0.0,0.0,0.0,0.0,16,6.3
216.587,-5.9181,4.2173,0.0,0.0,0.0,0.0,16,6.3
216.596,-5.9181,4.2173,0.0,0.0,0.0,0.0,16,6.3
216.596,-5.9181,4.2173,0.0,0.0,0.0,0.0,16,6.3
216.646,-5.9181,4.2173,0.0,0.0,0.0,0.0,16,6.3
216.655,-5.9181,4.2173,0.0,0.0,0.0,0.0,16,6.3
216.656,-5.9181,4.2173,0.0,0.0,0.0,0.0,16,6.3
216.706,-5.9181,4.2173,0.0,0.0,0.0,0.0,16,6.3
216.715,-5.9181,4.2173,0.0,0.0,0.0,0.0,16,6.3
216.715,-5.9181,4.2173,0.0,0.0,0.0,0.0,16,6.3
216.766,-5.9181,4.2173,0.0,0.0,0.0,0.0,16,6.3
216.776,-5.9181,4.2173,0.0,0.0,0.0,0.0,16,6.3
216.777,-5.9181,4.2173,0.0,0.0,0.0,0.0,16,6.3
216.827,-5.9181,4.2173,0.0,0.0,0.0,0.0,16,6.3
216.836,-5.9181,4.2173,0.0,0.0,0.0,0.0,16,6.3
216.836,-5.9181,4.2173,0.0,0.0,0.0,0.0,16,6.3
216.886,-5.9181,4.2173,0.0,0.0,0.0,0.0,16,6.3
216.896,-5.9181,4.2173,0.0,0.0,0.0,0.0,16,6.3
216.896,-5.9181,4.2173,0.0,0.0,0.0,0.0,16,6.3
216.946,-5.9181,4.2173,0.0,0.0,0.0,0.0,16,6.3
216.955,-5.9181,4.2173,0.0,0.0,0.0,0.0,16,6.3
216.956,-5.9181,4.2173,0.0,0.0,0.0,0.0,16,6.3
217.006,-5.9181,4.2173,0.0,0.0,0.0,0.0,16,6.3
217.016,-5.9181,4.2173,0.0,0.0,0.0,0.0,16,6.3
217.016,-5.9181,4.2173,0.0,0.0,0.0,0.0,16,6.3
217.066,-5.9181,4.2173,0.0,0.0,0.0,0.0,16,6.3
217.077,-5.9181,4.2173,0.0,0.0,0.0,0.0,16,6.3
217.077,-5.9181,4.2173,0.0,0.0,0.0,0.0,16,6.3
217.127,-5.9181,4.2173,0.0,0.0,0.0,0.0,16,6.3
217.136,-5.9181,4.2173,0.0,0.0,0.0,0.0,16,6.3
217.136,-5.9181,4.2173,0.0,0.0,0.0,0.0,16,6.3
217.186,-5.9181,4.2173,0.0,0.0,0.0,0.0,16,6.3
217.196,-5.9181,4.2173,0.0,0.0,0.0,0.0,16,6.3
217.196,-5.9181,4.2173,0.0,0.0,0.0,0.0,16,6.3
217.246,-5.9181,4.2173,0.0,0.0,0.0,0.0,16,6.3
217.256,-5.9181,4.2173,0.0,0.0,0.0,0.0,16,6.3
217.256,-5.9181,4.2173,0.0,0.0,0.0,0.0,16,6.3
217.306,-5.9181,4.2173,0.0,0.0,0.0,0.0,16,6.3
217.316,-5.9181,4.2173,0.0,0.0,0.0,0.0,16,6.3
217.316,-5.9181,4.2173,0.0,0.0,0.0,0.0,16,6.2
217.366,-5.9181,4.2173,0.0,0.0,0.0,0.0,16,6.2
217.376,-5.9181,4.2173,0.0,0.0,0.0,0.0,16,6.2
217.376,-5.9181,4.2173,0.0,0.0,0.0,0.0,16,6.3
217.427,-5.9181,4.2173,0.0,0.0,0.0,0.0,16,6.3
217.436,-5.9181,4.2173,0.0,0.0,0.0,0.0,16,6.3
217.436,-5.9181,4.2173,0.0,0.0,0.0,0.0,16,6.3
217.486,-5.9181,4.2173,0.0,0.0,0.0,0.0,16,6.3
217.496,-5.9181,4.2173,0.0,0.0,0.0,0.0,16,6.3
217.496,-5.9181,4.2173,0.0,0.0,0.0,0.0,16,6.3
217.546,-5.9181,4.2173,0.0,0.0,0.0,0.0,16,6.3
217.556,-5.9181,4.2173,0.0,0.0,0.0,0.0,16,6.3
217.556,-5.9181,4.2173,0.0,0.0,0.0,0.0,16,6.3
217.606,-5.9181,4.2173,0.0,0.0,0.0,0.0,16,6.3
217.618,-5.9181,4.2173,0.0,0.0,0.0,0.0,16,6.3
217.619,-5.9181,4.2173,0.0,0.0,0.0,0.0,16,6.2
217.669,-5.9181,4.2173,0.0,0.0,0.0,0.0,16,6.2
217.676,-5.9181,4.2173,0.0,0.0,0.0,0.0,16,6.2
217.676,-5.9181,4.2173,0.0,0.0,0.0,0.0,16,6.3
217.726,-5.9181,4.2173,0.0,0.0,0.0,0.0,16,6.3
217.736,-5.9181,4.2173,0.0,0.0,0.0,0.0,16,6.3
217.736,-5.9181,4.2173,0.0,0.0,0.0,0.0,16,6.3
217.786,-5.9181,4.2173,0.0,0.0,0.0,0.0,16,6.3
217.796,-5.9181,4.2173,0.0,0.0,0.0,0.0,16,6.3
217.796,-5.9181,4.2173,0.0,0.0,0.0,0.0,16,6.3
217.846,-5.9181,4.2173,0.0,0.0,0.0,0.0,16,6.3
217.855,-5.9181,4.2173,0.0,0.0,0.0,0.0,16,6.3
217.855,-5.9181,4.2173,0.0,0.0,0.0,0.0,16,6.3
217.906,-5.9181,4.2173,0.0,0.0,0.0,0.0,16,6.3
217.916,-5.9181,4.2173,0.0,0.0,0.0,0.0,16,6.3
217.916,-5.9181,4.2173,0.0,0.0,0.0,0.0,16,6.2
217.966,-5.9181,4.2173,0.0,0.0,0.0,0.0,16,6.2
217.976,-5.9181,4.2173,0.0,0.0,0.0,0.0,16,6.2
217.976,-5.9181,4.2173,0.0,0.0,0.0,0.0,16,6.2
218.027,-5.9181,4.2173,0.0,0.0,0.0,0.0,16,6.2
218.036,-5.9181,4.2173,0.0,0.0,0.0,0.0,16,6.2
218.036,-5.9181,4.2173,0.0,0.0,0.0,0.0,16,6.3
218.086,-5.9181,4.2173,0.0,0.0,0.0,0.0,16,6.3
218.096,-5.9181,4.2173,0.0,0.0,0.0,0.0,16,6.3
218.096,-5.9181,4.2173,0.0,0.0,0.0,0.0,16,6.2
218.146,-5.9181,4.2173,0.0,0.0,0.0,0.0,16,6.2
218.155,-5.9181,4.2173,0.0,0.0,0.0,0.0,16,6.2
218.156,-5.9181,4.2173,0.0,0.0,0.0,0.0,16,6.2
218.206,-5.9181,4.2173,0.0,0.0,0.0,0.0,16,6.2
218.215,-5.9181,4.2173,0.0,0.0,0.0,0.0,16,6.2
218.216,-5.9181,4.2173,0.0,0.0,0.0,0.0,16,6.3
218.266,-5.9181,4.2173,0.0,0.0,0.0,0.0,16,6.3
218.276,-5.9181,4.2173,0.0,0.0,0.0,0.0,16,6.3
218.277,-5.9181,4.2173,0.0,0.0,0.0,0.0,16,6.3
218.327,-5.9181,4.2173,0.0,0.0,0.0,0.0,16,6.3
218.336,-5.9181,4.2173,0.0,0.0,0.0,0.0,16,6.3
218.336,-5.9181,4.2173,0.0,0.0,0.0,0.0,16,6.2
218.386,-5.9181,4.2173,0.0,0.0,0.0,0.0,16,6.2
218.396,-5.9181,4.2173,0.0,0.0,0.0,0.0,16,6.2
218.396,-5.9181,4.2173,0.0,0.0,0.0,0.0,16,6.3
218.446,-5.9181,4.2173,0.0,0.0,0.0,0.0,16,6.3
218.455,-5.9181,4.2173,0.0,0.0,0.0,0.0,16,6.3
218.456,-5.9181,4.2173,0.0,0.0,0.0,0.0,16,6.3
218.506,-5.9181,4.2173,0.0,0.0,0.0,0.0,16,6.3
218.516,-5.9181,4.2173,0.0,0.0,0.0,0.0,16,6.3
218.516,-5.9181,4.2173,0.0,0.0,0.0,0.0,16,6.2
218.566,-5.9181,4.2173,0.0,0.0,0.0,0.0,16,6.2
218.576,-5.9181,4.2173,0.0,0.0,0.0,0.0,16,6.2
218.577,-5.9181,4.2173,0.0,0.0,0.0,0.0,16,6.2
218.627,-5.9181,4.2173,0.0,0.0,0.0,0.0,16,6.2
218.636,-5.9181,4.2173,0.0,0.0,0.0,0.0,16,6.2
218.636,-5.9181,4.2173,0.0,0.0,0.0,0.0,16,6.3
218.686,-5.9181,4.2173,0.0,0.0,0.0,0.0,16,6.3
218.696,-5.9181,4.2173,0.0,0.0,0.0,0.0,16,6.3
218.696,-5.9181,4.2173,0.0,0.0,0.0,0.0,16,6.3
218.746,-5.9181,4.2173,0.0,0.0,0.0,0.0,16,6.3
218.756,-5.9181,4.2173,0.0,0.0,0.0,0.0,16,6.3
218.756,-5.9181,4.2173,0.0,0.0,0.0,0.0,16,6.2
218.806,-5.9181,4.2173,0.0,0.0,0.0,0.0,16,6.2
218.816,-5.9181,4.2173,0.0,0.0,0.0,0.0,16,6.2
218.816,-5.9181,4.2173,0.0,0.0,0.0,0.0,16,6.2
218.866,-5.9181,4.2173,0.0,0.0,0.0,0.0,16,6.2
218.876,-5.9181,4.2173,0.0,0.0,0.0,0.0,16,6.2
218.877,-5.9181,4.2173,0.0,0.0,0.0,0.0,16,6.2
218.927,-5.9181,4.2173,0.0,0.0,0.0,0.0,16,6.2
218.936,-5.9181,4.2173,0.0,0.0,0.0,0.0,16,6.2
218.936,-5.9181,4.2173,0.0,0.0,0.0,0.0,16,6.2
218.986,-5.9181,4.2173,0.0,0.0,0.0,0.0,16,6.2
218.996,-5.9181,4.2173,0.0,0.0,0.0,0.0,16,6.2
218.996,-5.9181,4.2173,0.0,0.0,0.0,0.0,16,6.2
219.046,-5.9181,4.2173,0.0,0.0,0.0,0.0,16,6.2
219.056,-5.9181,4.2173,0.0,0.0,0.0,0.0,16,6.2
219.056,-5.9181,4.2173,0.0,0.0,0.0,0.0,16,6.2
219.106,-5.9181,4.2173,0.0,0.0,0.0,0.0,16,6.2
219.116,-5.9181,4.2173,0.0,0.0,0.0,0.0,16,6.2
219.116,-5.9181,4.2173,0.0,0.0,0.0,0.0,16,6.2
219.166,-5.9181,4.2173,0.0,0.0,0.0,0.0,16,6.2
219.177,-5.9181,4.2173,0.0,0.0,0.0,0.0,16,6.2
219.177,-5.9181,4.2173,0.0,0.0,0.0,0.0,16,6.2
219.228,-5.9181,4.2173,0.0,0.0,0.0,0.0,16,6.2
219.236,-5.9181,4.2173,0.0,0.0,0.0,0.0,16,6.2
219.236,-5.9181,4.2173,0.0,0.0,0.0,0.0,16,6.3
219.286,-5.9181,4.2173,0.0,0.0,0.0,0.0,16,6.3
219.296,-5.9181,4.2173,0.0,0.0,0.0,0.0,16,6.3
219.296,-5.9181,4.2173,0.0,0.0,0.0,0.0,16,6.2
219.346,-5.9181,4.2173,0.0,0.0,0.0,0.0,16,6.2
219.355,-5.9181,4.2173,0.0,0.0,0.0,0.0,16,6.2
219.356,-5.9181,4.2173,0.0,0.0,0.0,0.0,16,6.2
219.406,-5.9181,4.2173,0.0,0.0,0.0,0.0,16,6.2
219.416,-5.9181,4.2173,0.0,0.0,0.0,0.0,16,6.2
219.416,-5.9181,4.2173,0.0,0.0,0.0,0.0,16,6.2
219.466,-5.9181,4.2173,0.0,0.0,0.0,0.0,16,6.2
219.477,-5.9181,4.2173,0.0,0.0,0.0,0.0,16,6.2
219.477,-5.9181,4.2173,0.0,0.0,0.0,0.0,16,6.2
219.527,-5.9181,4.2173,0.0,0.0,0.0,0.0,16,6.2
219.536,-5.9181,4.2173,0.0,0.0,0.0,0.0,16,6.2
219.536,-5.9181,4.2173,0.0,0.0,0.0,0.0,16,6.2
219.586,-5.9181,4.2173,0.0,0.0,0.0,0.0,16,6.2
219.596,-5.9181,4.2173,0.0,0.0,0.0,0.0,16,6.2
219.596,-5.9181,4.2173,0.0,0.0,0.0,0.0,16,6.2
219.646,-5.9181,4.2173,0.0,0.0,0.0,0.0,16,6.2
219.655,-5.9181,4.2173,0.0,0.0,0.0,0.0,16,6.2
219.656,-5.9181,4.2173,0.0,0.0,0.0,0.0,16,6.2
219.706,-5.9181,4.2173,0.0,0.0,0.0,0.0,16,6.2
219.716,-5.9181,4.2173,0.0,0.0,0.0,0.0,16,6.2
219.716,-5.9181,4.2173,0.0,0.0,0.0,0.0,16,6.2
219.766,-5.9181,4.2173,0.0,0.0,0.0,0.0,16,6.2
219.777,-5.9181,4.2173,0.0,0.0,0.0,0.0,16,6.2
219.777,-5.9181,4.2173,0.0,0.0,0.0,0.0,16,6.2
219.827,-5.9181,4.2173,0.0,0.0,0.0,0.0,16,6.2
219.836,-5.9181,4.2173,0.0,0.0,0.0,0.0,16,6.2
219.836,-5.9181,4.2173,0.0,0.0,0.0,0.0,16,6.2
219.886,-5.9181,4.2173,0.0,0.0,0.0,0.0,16,6.2
219.896,-5.9181,4.2173,0.0,0.0,0.0,0.0,16,6.2
219.896,-5.9181,4.2173,0.0,0.0,0.0,0.0,16,6.2
219.946,-5.9181,4.2173,0.0,0.0,0.0,0.0,16,6.2
219.955,-5.9181,4.2173,0.0,0.0,0.0,0.0,16,6.2
219.955,-5.9181,4.2173,0.0,0.0,0.0,0.0,16,6.1
220.006,-5.9181,4.2173,0.0,0.0,0.0,0.0,16,6.1
220.015,-5.9181,4.2173,0.0,0.0,0.0,0.0,16,6.1
220.016,-5.9181,4.2173,0.0,0.0,0.0,0.0,16,6.2
220.066,-5.9181,4.2173,0.0,0.0,0.0,0.0,16,6.2
220.077,-5.9181,4.2173,0.0,0.0,0.0,0.0,16,6.2
220.077,-5.9181,4.2173,0.0,0.0,0.0,0.0,16,6.2
220.127,-5.9181,4.2173,0.0,0.0,0.0,0.0,16,6.2
220.136,-5.9181,4.2173,0.0,0.0,0.0,0.0,16,6.2
220.136,-5.9181,4.2173,0.0,0.0,0.0,0.0,16,6.2
220.186,-5.9181,4.2173,0.0,0.0,0.0,0.0,16,6.2
220.196,-5.9181,4.2173,0.0,0.0,0.0,0.0,16,6.2
220.196,-5.9181,4.2173,0.0,0.0,0.0,0.0,16,6.2
220.246,-5.9181,4.2173,0.0,0.0,0.0,0.0,16,6.2
220.256,-5.9181,4.2173,0.0,0.0,0.0,0.0,16,6.2
220.256,-5.9181,4.2173,0.0,0.0,0.0,0.0,16,6.2
220.306,-5.9181,4.2173,0.0,0.0,0.0,0.0,16,6.2
220.316,-5.9181,4.2173,0.0,0.0,0.0,0.0,16,6.2
220.316,-5.9181,4.2173,0.0,0.0,0.0,0.0,16,6.2
220.367,-5.9181,4.2173,0.0,0.0,0.0,0.0,16,6.2
220.377,-5.9181,4.2173,0.0,0.0,0.0,0.0,16,6.2
220.377,-5.9181,4.2173,0.0,0.0,0.0,0.0,16,6.2
220.428,-5.9181,4.2173,0.0,0.0,0.0,0.0,16,6.2
220.436,-5.9181,4.2173,0.0,0.0,0.0,0.0,16,6.2
220.436,-5.9181,4.2173,0.0,0.0,0.0,0.0,16,6.2
220.486,-5.9181,4.2173,0.0,0.0,0.0,0.0,16,6.2
220.496,-5.9181,4.2173,0.0,0.0,0.0,0.0,16,6.2
220.496,-5.9181,4.2173,0.0,0.0,0.0,0.0,16,6.2
220.547,-5.9181,4.2173,0.0,0.0,0.0,0.0,16,6.2
220.555,-5.9181,4.2173,0.0,0.0,0.0,0.0,16,6.2
220.556,-5.9181,4.2173,0.0,0.0,0.0,0.0,16,6.1
220.606,-5.9181,4.2173,0.0,0.0,0.0,0.0,16,6.1
220.615,-5.9181,4.2173,0.0,0.0,0.0,0.0,16,6.1
220.616,-5.9181,4.2173,0.0,0.0,0.0,0.0,16,6.2
220.666,-5.9181,4.2173,0.0,0.0,0.0,0.0,16,6.2
220.677,-5.9181,4.2173,0.0,0.0,0.0,0.0,16,6.2
220.677,-5.9181,4.2173,0.0,0.0,0.0,0.0,16,6.2
220.727,-5.9181,4.2173,0.0,0.0,0.0,0.0,16,6.2
220.736,-5.9181,4.2173,0.0,0.0,0.0,0.0,16,6.2
220.736,-5.9181,4.2173,0.0,0.0,0.0,0.0,16,6.1
220.786,-5.9181,4.2173,0.0,0.0,0.0,0.0,16,6.1
220.796,-5.9181,4.2173,0.0,0.0,0.0,0.0,16,6.1
220.796,-5.9181,4.2173,0.0,0.0,0.0,0.0,16,6.2
220.847,-5.9181,4.2173,0.0,0.0,0.0,0.0,16,6.2
220.856,-5.9181,4.2173,0.0,0.0,0.0,0.0,16,6.2
220.856,-5.9181,4.2173,0.0,0.0,0.0,0.0,16,6.1
220.907,-5.9181,4.2173,0.0,0.0,0.0,0.0,16,6.1
220.916,-5.9181,4.2173,0.0,0.0,0.0,0.0,16,6.1
220.916,-5.9181,4.2173,0.0,0.0,0.0,0.0,16,6.1
220.966,-5.9181,4.2173,0.0,0.0,0.0,0.0,16,6.1
220.977,-5.9181,4.2173,0.0,0.0,0.0,0.0,16,6.1
220.977,-5.9181,4.2173,0.0,0.0,0.0,0.0,16,6.2
221.027,-5.9181,4.2173,0.0,0.0,0.0,0.0,16,6.2
221.036,-5.9181,4.2173,0.0,0.0,0.0,0.0,16,6.2
221.036,-5.9181,4.2173,0.0,0.0,0.0,0.0,16,6.1
221.086,-5.9181,4.2173,0.0,0.0,0.0,0.0,16,6.1
221.096,-5.9181,4.2173,0.0,0.0,0.0,0.0,16,6.1
221.096,-5.9181,4.2173,0.0,0.0,0.0,0.0,16,6.1
221.146,-5.9181,4.2173,0.0,0.0,0.0,0.0,16,6.1
221.156,-5.9181,4.2173,0.0,0.0,0.0,0.0,16,6.1
221.156,-5.9181,4.2173,0.0,0.0,0.0,0.0,16,6.1
221.206,-5.9181,4.2173,0.0,0.0,0.0,0.0,16,6.1
221.216,-5.9181,4.2173,0.0,0.0,0.0,0.0,16,6.1
221.216,-5.9181,4.2173,0.0,0.0,0.0,0.0,16,6.1
221.266,-5.9181,4.2173,0.0,0.0,0.0,0.0,16,6.1
221.276,-5.9181,4.2173,0.0,0.0,0.0,0.0,16,6.1
221.276,-5.9181,4.2173,0.0,0.0,0.0,0.0,16,6.2
221.327,-5.9181,4.2173,0.0,0.0,0.0,0.0,16,6.2
221.336,-5.9181,4.2173,0.0,0.0,0.0,0.0,16,6.2
221.336,-5.9181,4.2173,0.0,0.0,0.0,0.0,16,6.1
221.386,-5.9181,4.2173,0.0,0.0,0.0,0.0,16,6.1
221.396,-5.9181,4.2173,0.0,0.0,0.0,0.0,16,6.1
221.396,-5.9181,4.2173,0.0,0.0,0.0,0.0,16,6.1
221.446,-5.9181,4.2173,0.0,0.0,0.0,0.0,16,6.1
221.456,-5.9181,4.2173,0.0,0.0,0.0,0.0,16,6.1
221.456,-5.9181,4.2173,0.0,0.0,0.0,0.0,16,6.1
221.506,-5.9181,4.2173,0.0,0.0,0.0,0.0,16,6.1
221.516,-5.9181,4.2173,0.0,0.0,0.0,0.0,16,6.1
221.516,-5.9181,4.2173,0.0,0.0,0.0,0.0,16,6.2
221.566,-5.9181,4.2173,0.0,0.0,0.0,0.0,16,6.2
221.576,-5.9181,4.2173,0.0,0.0,0.0,0.0,16,6.2
221.577,-5.9181,4.2173,0.0,0.0,0.0,0.0,16,6.1
221.627,-5.9181,4.2173,0.0,0.0,0.0,0.0,16,6.1
221.636,-5.9181,4.2173,0.0,0.0,0.0,0.0,16,6.1
221.636,-5.9181,4.2173,0.0,0.0,0.0,0.0,16,6.1
221.686,-5.9181,4.2173,0.0,0.0,0.0,0.0,16,6.1
221.696,-5.9181,4.2173,0.0,0.0,0.0,0.0,16,6.1
221.696,-5.9181,4.2173,0.0,0.0,0.0,0.0,16,6.1
221.746,-5.9181,4.2173,0.0,0.0,0.0,0.0,16,6.1
221.756,-5.9181,4.2173,0.0,0.0,0.0,0.0,16,6.1
221.756,-5.9181,4.2173,0.0,0.0,0.0,0.0,16,6.1
221.806,-5.9181,4.2173,0.0,0.0,0.0,0.0,16,6.1
221.816,-5.9181,4.2173,0.0,0.0,0.0,0.0,16,6.1
221.816,-5.9181,4.2173,0.0,0.0,0.0,0.0,16,6.1
221.866,-5.9181,4.2173,0.0,0.0,0.0,0.0,16,6.1
221.877,-5.9181,4.2173,0.0,0.0,0.0,0.0,16,6.1
221.877,-5.9181,4.2173,0.0,0.0,0.0,0.0,16,6.1
221.928,-5.9181,4.2173,0.0,0.0,0.0,0.0,16,6.1
221.935,-5.9181,4.2173,0.0,0.0,0.0,0.0,16,6.1
221.936,-5.9181,4.2173,0.0,0.0,0.0,0.0,16,6.1
221.986,-5.9181,4.2173,0.0,0.0,0.0,0.0,16,6.1
221.996,-5.9181,4.2173,0.0,0.0,0.0,0.0,16,6.1
221.997,-5.9181,4.2173,0.0,0.0,0.0,0.0,16,6.1
222.047,-5.9181,4.2173,0.0,0.0,0.0,0.0,16,6.1
222.055,-5.9181,4.2173,0.0,0.0,0.0,0.0,16,6.1
222.055,-5.9181,4.2173,0.0,0.0,0.0,0.0,16,6.1
222.106,-5.9181,4.2173,0.0,0.0,0.0,0.0,16,6.1
222.116,-5.9181,4.2173,0.0,0.0,0.0,0.0,16,6.1
222.116,-5.9181,4.2173,0.0,0.0,0.0,0.0,16,6.1
222.166,-5.9181,4.2173,0.0,0.0,0.0,0.0,16,6.1
222.176,-5.9181,4.2173,0.0,0.0,0.0,0.0,16,6.1
222.176,-5.9181,4.2173,0.0,0.0,0.0,0.0,16,6.1
222.227,-5.9181,4.2173,0.0,0.0,0.0,0.0,16,6.1
222.236,-5.9181,4.2173,0.0,0.0,0.0,0.0,16,6.1
222.236,-5.9181,4.2173,0.0,0.0,0.0,0.0,16,6.1
222.286,-5.9181,4.2173,0.0,0.0,0.0,0.0,16,6.1
222.296,-5.9181,4.2173,0.0,0.0,0.0,0.0,16,6.1
222.296,-5.9181,4.2173,0.0,0.0,0.0,0.0,16,6.1
222.346,-5.9181,4.2173,0.0,0.0,0.0,0.0,16,6.1
222.355,-5.9181,4.2173,0.0,0.0,0.0,0.0,16,6.1
222.356,-5.9181,4.2173,0.0,0.0,0.0,0.0,16,6.1
222.406,-5.9181,4.2173,0.0,0.0,0.0,0.0,16,6.1
222.416,-5.9181,4.2173,0.0,0.0,0.0,0.0,16,6.1
222.416,-5.9181,4.2173,0.0,0.0,0.0,0.0,16,6.1
222.466,-5.9181,4.2173,0.0,0.0,0.0,0.0,16,6.1
222.476,-5.9181,4.2173,0.0,0.0,0.0,0.0,16,6.1
222.476,-5.9181,4.2173,0.0,0.0,0.0,0.0,16,6.1
222.527,-5.9181,4.2173,0.0,0.0,0.0,0.0,16,6.1
222.535,-5.9181,4.2173,0.0,0.0,0.0,0.0,16,6.1
222.535,-5.9181,4.2173,0.0,0.0,0.0,0.0,16,6.1
222.586,-5.9181,4.2173,0.0,0.0,0.0,0.0,16,6.1
222.596,-5.9181,4.2173,0.0,0.0,0.0,0.0,16,6.1
222.596,-5.9181,4.2173,0.0,0.0,0.0,0.0,16,6.1
222.646,-5.9181,4.2173,0.0,0.0,0.0,0.0,16,6.1
222.656,-5.9181,4.2173,0.0,0.0,0.0,0.0,16,6.1
222.656,-5.9181,4.2173,0.0,0.0,0.0,0.0,16,6.1
222.706,-5.9181,4.2173,0.0,0.0,0.0,0.0,16,6.1
222.716,-5.9181,4.2173,0.0,0.0,0.0,0.0,16,6.1
222.716,-5.9181,4.2173,0.0,0.0,0.0,0.0,16,6.1
222.766,-5.9181,4.2173,0.0,0.0,0.0,0.0,16,6.1
222.776,-5.9181,4.2173,0.0,0.0,0.0,0.0,16,6.1
222.776,-5.9181,4.2173,0.0,0.0,0.0,0.0,16,6.1
222.826,-5.9181,4.2173,0.0,0.0,0.0,0.0,16,6.1
222.835,-5.9181,4.2173,0.0,0.0,0.0,0.0,16,6.1
222.836,-5.9181,4.2173,0.0,0.0,0.0,0.0,16,6.1
222.886,-5.9181,4.2173,0.0,0.0,0.0,0.0,16,6.1
222.896,-5.9181,4.2173,0.0,0.0,0.0,0.0,16,6.1
222.896,-5.9181,4.2173,0.0,0.0,0.0,0.0,16,6.1
222.946,-5.9181,4.2173,0.0,0.0,0.0,0.0,16,6.1
222.956,-5.9181,4.2173,0.0,0.0,0.0,0.0,16,6.1
222.956,-5.9181,4.2173,0.0,0.0,0.0,0.0,16,6.1
223.006,-5.9181,4.2173,0.0,0.0,0.0,0.0,16,6.1
223.016,-5.9181,4.2173,0.0,0.0,0.0,0.0,16,6.1
223.016,-5.9181,4.2173,0.0,0.0,0.0,0.0,16,6.1
223.066,-5.9181,4.2173,0.0,0.0,0.0,0.0,16,6.1
223.076,-5.9181,4.2173,0.0,0.0,0.0,0.0,16,6.1
223.076,-5.9181,4.2173,0.0,0.0,0.0,0.0,16,6.1
223.127,-5.9181,4.2173,0.0,0.0,0.0,0.0,16,6.1
223.135,-5.9181,4.2173,0.0,0.0,0.0,0.0,16,6.1
223.136,-5.9181,4.2173,0.0,0.0,0.0,0.0,16,6.1
223.186,-5.9181,4.2173,0.0,0.0,0.0,0.0,16,6.1
223.196,-5.9181,4.2173,0.0,0.0,0.0,0.0,16,6.1
223.196,-5.9181,4.2173,0.0,0.0,0.0,0.0,16,6.1
223.246,-5.9181,4.2173,0.0,0.0,0.0,0.0,16,6.1
223.256,-5.9181,4.2173,0.0,0.0,0.0,0.0,16,6.1
223.256,-5.9181,4.2173,0.0,0.0,0.0,0.0,16,6.1
223.306,-5.9181,4.2173,0.0,0.0,0.0,0.0,16,6.1
223.316,-5.9181,4.2173,0.0,0.0,0.0,0.0,16,6.1
223.316,-5.9181,4.2173,0.0,0.0,0.0,0.0,16,6.1
223.366,-5.9181,4.2173,0.0,0.0,0.0,0.0,16,6.1
223.377,-5.9181,4.2173,0.0,0.0,0.0,0.0,16,6.1
223.377,-5.9181,4.2173,0.0,0.0,0.0,0.0,16,6.1
223.427,-5.9181,4.2173,0.0,0.0,0.0,0.0,16,6.1
223.436,-5.9181,4.2173,0.0,0.0,0.0,0.0,16,6.1
223.436,-5.9181,4.2173,0.0,0.0,0.0,0.0,16,6.1
223.486,-5.9181,4.2173,0.0,0.0,0.0,0.0,16,6.1
223.496,-5.9181,4.2173,0.0,0.0,0.0,0.0,16,6.1
223.496,-5.9181,4.2173,0.0,0.0,0.0,0.0,16,6.1
223.546,-5.9181,4.2173,0.0,0.0,0.0,0.0,16,6.1
223.556,-5.9181,4.2173,0.0,0.0,0.0,0.0,16,6.1
223.556,-5.9181,4.2173,0.0,0.0,0.0,0.0,16,6.1
223.606,-5.9181,4.2173,0.0,0.0,0.0,0.0,16,6.1
223.616,-5.9181,4.2173,0.0,0.0,0.0,0.0,16,6.1
223.616,-5.9181,4.2173,0.0,0.0,0.0,0.0,16,6.1
223.666,-5.9181,4.2173,0.0,0.0,0.0,0.0,16,6.1
223.676,-5.9181,4.2173,0.0,0.0,0.0,0.0,16,6.1
223.676,-5.9181,4.2173,0.0,0.0,0.0,0.0,16,6.1
223.727,-5.9181,4.2173,0.0,0.0,0.0,0.0,16,6.1
223.736,-5.9181,4.2173,0.0,0.0,0.0,0.0,16,6.1
223.736,-5.9181,4.2173,0.0,0.0,0.0,0.0,16,6.1
223.786,-5.9181,4.2173,0.0,0.0,0.0,0.0,16,6.1
223.796,-5.9181,4.2173,0.0,0.0,0.0,0.0,16,6.1
223.796,-5.9181,4.2173,0.0,0.0,0.0,0.0,16,6.1
223.846,-5.9181,4.2173,0.0,0.0,0.0,0.0,16,6.1
223.856,-5.9181,4.2173,0.0,0.0,0.0,0.0,16,6.1
223.856,-5.9181,4.2173,0.0,0.0,0.0,0.0,16,6.1
223.906,-5.9181,4.2173,0.0,0.0,0.0,0.0,16,6.1
223.916,-5.9181,4.2173,0.0,0.0,0.0,0.0,16,6.1
223.916,-5.9181,4.2173,0.0,0.0,0.0,0.0,16,6.1
223.966,-5.9181,4.2173,0.0,0.0,0.0,0.0,16,6.1
223.978,-5.9181,4.2173,0.0,0.0,0.0,0.0,16,6.1
223.978,-5.9181,4.2173,0.0,0.0,0.0,0.0,16,6.1
224.029,-5.9181,4.2173,0.0,0.0,0.0,0.0,16,6.1
224.035,-5.9181,4.2173,0.0,0.0,0.0,0.0,16,6.1
224.035,-5.9181,4.2173,0.0,0.0,0.0,0.0,16,6.1
224.086,-5.9181,4.2173,0.0,0.0,0.0,0.0,16,6.1
224.096,-5.9181,4.2173,0.0,0.0,0.0,0.0,16,6.1
224.096,-5.9181,4.2173,0.0,0.0,0.0,0.0,16,6.1
224.146,-5.9181,4.2173,0.0,0.0,0.0,0.0,16,6.1
224.156,-5.9181,4.2173,0.0,0.0,0.0,0.0,16,6.1
224.156,-5.9181,4.2173,0.0,0.0,0.0,0.0,16,6.1
224.206,-5.9181,4.2173,0.0,0.0,0.0,0.0,16,6.1
224.216,-5.9181,4.2173,0.0,0.0,0.0,0.0,16,6.1
224.216,-5.9181,4.2173,0.0,0.0,0.0,0.0,16,6.1
224.267,-5.9181,4.2173,0.0,0.0,0.0,0.0,16,6.1
224.276,-5.9181,4.2173,0.0,0.0,0.0,0.0,16,6.1
224.276,-5.9181,4.2173,0.0,0.0,0.0,0.0,16,6.1
224.327,-5.9181,4.2173,0.0,0.0,0.0,0.0,16,6.1
224.335,-5.9181,4.2173,0.0,0.0,0.0,0.0,16,6.1
224.336,-5.9181,4.2173,0.0,0.0,0.0,0.0,16,6.1
224.386,-5.9181,4.2173,0.0,0.0,0.0,0.0,16,6.1
224.396,-5.9181,4.2173,0.0,0.0,0.0,0.0,16,6.1
224.396,-5.9181,4.2173,0.0,0.0,0.0,0.0,16,6.1
224.446,-5.9181,4.2173,0.0,0.0,0.0,0.0,16,6.1
224.456,-5.9181,4.2173,0.0,0.0,0.0,0.0,16,6.1
224.456,-5.9181,4.2173,0.0,0.0,0.0,0.0,16,6.1
224.506,-5.9181,4.2173,0.0,0.0,0.0,0.0,16,6.1
224.516,-5.9181,4.2173,0.0,0.0,0.0,0.0,16,6.1
224.516,-5.9181,4.2173,0.0,0.0,0.0,0.0,16,6.1
224.567,-5.9181,4.2173,0.0,0.0,0.0,0.0,16,6.1
224.576,-5.9181,4.2173,0.0,0.0,0.0,0.0,16,6.1
224.576,-5.9181,4.2173,0.0,0.0,0.0,0.0,16,6.1
224.627,-5.9181,4.2173,0.0,0.0,0.0,0.0,16,6.1
224.636,-5.9181,4.2173,0.0,0.0,0.0,0.0,16,6.1
224.636,-5.9181,4.2173,0.0,0.0,0.0,0.0,16,6.1
224.686,-5.9181,4.2173,0.0,0.0,0.0,0.0,16,6.1
224.696,-5.9181,4.2173,0.0,0.0,0.0,0.0,16,6.1
224.696,-5.9181,4.2173,0.0,0.0,0.0,0.0,16,6.1
224.746,-5.9181,4.2173,0.0,0.0,0.0,0.0,16,6.1
224.746,-5.9181,4.2173,0.0,0.0,0.0,0.0,16,6.1
224.796,-5.9181,4.2173,0.0,0.0,0.0,0.0,16,6.1
224.796,-5.9181,4.2173,0.0,0.0,0.0,0.0,16,6.1
224.847,-5.9181,4.2173,0.0,0.0,0.0,0.0,16,6.1
224.856,-5.9181,4.2173,0.0,0.0,0.0,0.0,16,6.1
224.856,-5.9181,4.2173,0.0,0.0,0.0,0.0,16,6.1
224.907,-5.9181,4.2173,0.0,0.0,0.0,0.0,16,6.1
224.916,-5.9181,4.2173,0.0,0.0,0.0,0.0,16,6.1
224.916,-5.9181,4.2173,0.0,0.0,0.0,0.0,16,6.1
224.966,-5.9181,4.2173,0.0,0.0,0.0,0.0,16,6.1
224.976,-5.9181,4.2173,0.0,0.0,0.0,0.0,16,6.1
224.976,-5.9181,4.2173,0.0,0.0,0.0,0.0,16,6.1
225.026,-5.9181,4.2173,0.0,0.0,0.0,0.0,16,6.1
225.036,-5.9181,4.2173,0.0,0.0,0.0,0.0,16,6.1
225.036,-5.9181,4.2173,0.0,0.0,0.0,0.0,16,6.0
225.086,-5.9181,4.2173,0.0,0.0,0.0,0.0,16,6.0
225.096,-5.9181,4.2173,0.0,0.0,0.0,0.0,16,6.0
225.096,-5.9181,4.2173,0.0,0.0,0.0,0.0,16,6.1
225.146,-5.9181,4.2173,0.0,0.0,0.0,0.0,16,6.1
225.156,-5.9181,4.2173,0.0,0.0,0.0,0.0,16,6.1
225.156,-5.9181,4.2173,0.0,0.0,0.0,0.0,16,6.1
225.206,-5.9181,4.2173,0.0,0.0,0.0,0.0,16,6.1
225.216,-5.9181,4.2173,0.0,0.0,0.0,0.0,16,6.1
225.216,-5.9181,4.2173,0.0,0.0,0.0,0.0,16,6.1
225.266,-5.9181,4.2173,0.0,0.0,0.0,0.0,16,6.1
225.276,-5.9181,4.2173,0.0,0.0,0.0,0.0,16,6.1
225.276,-5.9181,4.2173,0.0,0.0,0.0,0.0,16,6.1
225.326,-5.9181,4.2173,0.0,0.0,0.0,0.0,16,6.1
225.337,-5.9181,4.2173,0.0,0.0,0.0,0.0,16,6.1
225.337,-5.9181,4.2173,0.0,0.0,0.0,0.0,16,6.1
225.387,-5.9181,4.2173,0.0,0.0,0.0,0.0,16,6.1
225.396,-5.9181,4.2173,0.0,0.0,0.0,0.0,16,6.1
225.396,-5.9181,4.2173,0.0,0.0,0.0,0.0,16,6.0
225.446,-5.9181,4.2173,0.0,0.0,0.0,0.0,16,6.0
225.456,-5.9181,4.2173,0.0,0.0,0.0,0.0,16,6.0
225.456,-5.9181,4.2173,0.0,0.0,0.0,0.0,16,6.1
225.506,-5.9181,4.2173,0.0,0.0,0.0,0.0,16,6.1
225.516,-5.9181,4.2173,0.0,0.0,0.0,0.0,16,6.1
225.516,-5.9181,4.2173,0.0,0.0,0.0,0.0,16,6.0
225.566,-5.9181,4.2173,0.0,0.0,0.0,0.0,16,6.0
225.576,-5.9181,4.2173,0.0,0.0,0.0,0.0,16,6.0
225.576,-5.9181,4.2173,0.0,0.0,0.0,0.0,16,6.1
225.627,-5.9181,4.2173,0.0,0.0,0.0,0.0,16,6.1
225.635,-5.9181,4.2173,0.0,0.0,0.0,0.0,16,6.1
225.635,-5.9181,4.2173,0.0,0.0,0.0,0.0,16,6.0
225.686,-5.9181,4.2173,0.0,0.0,0.0,0.0,16,6.0
225.696,-5.9181,4.2173,0.0,0.0,0.0,0.0,16,6.0
225.696,-5.9181,4.2173,0.0,0.0,0.0,0.0,16,6.1
225.746,-5.9181,4.2173,0.0,0.0,0.0,0.0,16,6.1
225.756,-5.9181,4.2173,0.0,0.0,0.0,0.0,16,6.1
225.756,-5.9181,4.2173,0.0,0.0,0.0,0.0,16,6.0
225.807,-5.9181,4.2173,0.0,0.0,0.0,0.0,16,6.0
225.816,-5.9181,4.2173,0.0,0.0,0.0,0.0,16,6.0
225.816,-5.9181,4.2173,0.0,0.0,0.0,0.0,16,6.1
225.866,-5.9181,4.2173,0.0,0.0,0.0,0.0,16,6.1
225.877,-5.9181,4.2173,0.0,0.0,0.0,0.0,16,6.1
225.877,-5.9181,4.2173,0.0,0.0,0.0,0.0,16,6.1
225.927,-5.9181,4.2173,0.0,0.0,0.0,0.0,16,6.1
225.936,-5.9181,4.2173,0.0,0.0,0.0,0.0,16,6.1
225.936,-5.9181,4.2173,0.0,0.0,0.0,0.0,16,6.1
225.986,-5.9181,4.2173,0.0,0.0,0.0,0.0,16,6.1
225.996,-5.9181,4.2173,0.0,0.0,0.0,0.0,16,6.1
225.996,-5.9181,4.2173,0.0,0.0,0.0,0.0,16,6.1
226.046,-5.9181,4.2173,0.0,0.0,0.0,0.0,16,6.1
226.056,-5.9181,4.2173,0.0,0.0,0.0,0.0,16,6.1
226.056,-5.9181,4.2173,0.0,0.0,0.0,0.0,16,6.0
226.106,-5.9181,4.2173,0.0,0.0,0.0,0.0,16,6.0
226.116,-5.9181,4.2173,0.0,0.0,0.0,0.0,16,6.0
226.116,-5.9181,4.2173,0.0,0.0,0.0,0.0,16,6.0
226.166,-5.9181,4.2173,0.0,0.0,0.0,0.0,16,6.0
226.176,-5.9181,4.2173,0.0,0.0,0.0,0.0,16,6.0
226.177,-5.9181,4.2173,0.0,0.0,0.0,0.0,16,6.1
226.227,-5.9181,4.2173,0.0,0.0,0.0,0.0,16,6.1
226.236,-5.9181,4.2173,0.0,0.0,0.0,0.0,16,6.1
226.236,-5.9181,4.2173,0.0,0.0,0.0,0.0,16,6.1
226.286,-5.9181,4.2173,0.0,0.0,0.0,0.0,16,6.1
226.296,-5.9181,4.2173,0.0,0.0,0.0,0.0,16,6.1
226.296,-5.9181,4.2173,0.0,0.0,0.0,0.0,16,6.0
226.347,-5.9181,4.2173,0.0,0.0,0.0,0.0,16,6.0
226.356,-5.9181,4.2173,0.0,0.0,0.0,0.0,16,6.0
226.356,-5.9181,4.2173,0.0,0.0,0.0,0.0,16,6.0
226.406,-5.9181,4.2173,0.0,0.0,0.0,0.0,16,6.0
226.416,-5.9181,4.2173,0.0,0.0,0.0,0.0,16,6.0
226.416,-5.9181,4.2173,0.0,0.0,0.0,0.0,16,6.0
226.466,-5.9181,4.2173,0.0,0.0,0.0,0.0,16,6.0
226.476,-5.9181,4.2173,0.0,0.0,0.0,0.0,16,6.0
226.476,-5.9181,4.2173,0.0,0.0,0.0,0.0,16,6.0
226.527,-5.9181,4.2173,0.0,0.0,0.0,0.0,16,6.0
226.536,-5.9181,4.2173,0.0,0.0,0.0,0.0,16,6.0
226.536,-5.9181,4.2173,0.0,0.0,0.0,0.0,16,6.0
226.586,-5.9181,4.2173,0.0,0.0,0.0,0.0,16,6.0
226.596,-5.9181,4.2173,0.0,0.0,0.0,0.0,16,6.0
226.596,-5.9181,4.2173,0.0,0.0,0.0,0.0,16,6.1
226.646,-5.9181,4.2173,0.0,0.0,0.0,0.0,16,6.1
226.656,-5.9181,4.2173,0.0,0.0,0.0,0.0,16,6.1
226.656,-5.9181,4.2173,0.0,0.0,0.0,0.0,16,6.1
226.706,-5.9181,4.2173,0.0,0.0,0.0,0.0,16,6.1
226.716,-5.9181,4.2173,0.0,0.0,0.0,0.0,16,6.1
226.716,-5.9181,4.2173,0.0,0.0,0.0,0.0,16,6.1
226.766,-5.9181,4.2173,0.0,0.0,0.0,0.0,16,6.1
226.776,-5.9181,4.2173,0.0,0.0,0.0,0.0,16,6.1
226.776,-5.9181,4.2173,0.0,0.0,0.0,0.0,16,6.0
226.827,-5.9181,4.2173,0.0,0.0,0.0,0.0,16,6.0
226.836,-5.9181,4.2173,0.0,0.0,0.0,0.0,16,6.0
226.836,-5.9181,4.2173,0.0,0.0,0.0,0.0,16,6.0
226.886,-5.9181,4.2173,0.0,0.0,0.0,0.0,16,6.0
226.896,-5.9181,4.2173,0.0,0.0,0.0,0.0,16,6.0
226.896,-5.9181,4.2173,0.0,0.0,0.0,0.0,16,6.1
226.947,-5.9181,4.2173,0.0,0.0,0.0,0.0,16,6.1
226.956,-5.9181,4.2173,0.0,0.0,0.0,0.0,16,6.1
226.956,-5.9181,4.2173,0.0,0.0,0.0,0.0,16,6.0
227.006,-5.9181,4.2173,0.0,0.0,0.0,0.0,16,6.0
227.016,-5.9181,4.2173,0.0,0.0,0.0,0.0,16,6.0
227.016,-5.9181,4.2173,0.0,0.0,0.0,0.0,16,6.0
227.066,-5.9181,4.2173,0.0,0.0,0.0,0.0,16,6.0
227.076,-5.9181,4.2173,0.0,0.0,0.0,0.0,16,6.0
227.077,-5.9181,4.2173,0.0,0.0,0.0,0.0,16,6.0
227.127,-5.9181,4.2173,0.0,0.0,0.0,0.0,16,6.0
227.136,-5.9181,4.2173,0.0,0.0,0.0,0.0,16,6.0
227.136,-5.9181,4.2173,0.0,0.0,0.0,0.0,16,6.1
227.186,-5.9181,4.2173,0.0,0.0,0.0,0.0,16,6.1
227.196,-5.9181,4.2173,0.0,0.0,0.0,0.0,16,6.1
227.196,-5.9181,4.2173,0.0,0.0,0.0,0.0,16,6.0
227.247,-5.9181,4.2173,0.0,0.0,0.0,0.0,16,6.0
227.256,-5.9181,4.2173,0.0,0.0,0.0,0.0,16,6.0
227.256,-5.9181,4.2173,0.0,0.0,0.0,0.0,16,6.0
227.307,-5.9181,4.2173,0.0,0.0,0.0,0.0,16,6.0
227.315,-5.9181,4.2173,0.0,0.0,0.0,0.0,16,6.0
227.316,-5.9181,4.2173,0.0,0.0,0.0,0.0,16,6.0
227.366,-5.9181,4.2173,0.0,0.0,0.0,0.0,16,6.0
227.376,-5.9181,4.2173,0.0,0.0,0.0,0.0,16,6.0
227.377,-5.9181,4.2173,0.0,0.0,0.0,0.0,16,6.0
227.427,-5.9181,4.2173,0.0,0.0,0.0,0.0,16,6.0
227.436,-5.9181,4.2173,0.0,0.0,0.0,0.0,16,6.0
227.436,-5.9181,4.2173,0.0,0.0,0.0,0.0,16,6.0
227.486,-5.9181,4.2173,0.0,0.0,0.0,0.0,16,6.0
227.496,-5.9181,4.2173,0.0,0.0,0.0,0.0,16,6.0
227.496,-5.9181,4.2173,0.0,0.0,0.0,0.0,16,6.0
227.546,-5.9181,4.2173,0.0,0.0,0.0,0.0,16,6.0
227.556,-5.9181,4.2173,0.0,0.0,0.0,0.0,16,6.0
227.556,-5.9181,4.2173,0.0,0.0,0.0,0.0,16,6.0
227.606,-5.9181,4.2173,0.0,0.0,0.0,0.0,16,6.0
227.616,-5.9181,4.2173,0.0,0.0,0.0,0.0,16,6.0
227.616,-5.9181,4.2173,0.0,0.0,0.0,0.0,16,6.0
227.666,-5.9181,4.2173,0.0,0.0,0.0,0.0,16,6.0
227.676,-5.9181,4.2173,0.0,0.0,0.0,0.0,16,6.0
227.676,-5.9181,4.2173,0.0,0.0,0.0,0.0,16,6.0
227.726,-5.9181,4.2173,0.0,0.0,0.0,0.0,16,6.0
227.738,-5.9181,4.2173,0.0,0.0,0.0,0.0,16,6.0
227.738,-5.9181,4.2173,0.0,0.0,0.0,0.0,16,6.0
227.789,-5.9181,4.2173,0.0,0.0,0.0,0.0,16,6.0
227.796,-5.9181,4.2173,0.0,0.0,0.0,0.0,16,6.0
227.796,-5.9181,4.2173,0.0,0.0,0.0,0.0,16,6.0
227.846,-5.9181,4.2173,0.0,0.0,0.0,0.0,16,6.0
227.856,-5.9181,4.2173,0.0,0.0,0.0,0.0,16,6.0
227.856,-5.9181,4.2173,0.0,0.0,0.0,0.0,16,6.0
227.906,-5.9181,4.2173,0.0,0.0,0.0,0.0,16,6.0
227.916,-5.9181,4.2173,0.0,0.0,0.0,0.0,16,6.0
227.916,-5.9181,4.2173,0.0,0.0,0.0,0.0,16,6.0
227.966,-5.9181,4.2173,0.0,0.0,0.0,0.0,16,6.0
227.977,-5.9181,4.2173,0.0,0.0,0.0,0.0,16,6.0
227.978,-5.9181,4.2173,0.0,0.0,0.0,0.0,16,6.0
228.028,-5.9181,4.2173,0.0,0.0,0.0,0.0,16,6.0
228.036,-5.9181,4.2173,0.0,0.0,0.0,0.0,16,6.0
228.036,-5.9181,4.2173,0.0,0.0,0.0,0.0,16,6.0
228.086,-5.9181,4.2173,0.0,0.0,0.0,0.0,16,6.0
228.096,-5.9181,4.2173,0.0,0.0,0.0,0.0,16,6.0
228.097,-5.9181,4.2173,0.0,0.0,0.0,0.0,16,6.0
228.147,-5.9181,4.2173,0.0,0.0,0.0,0.0,16,6.0
228.156,-5.9181,4.2173,0.0,0.0,0.0,0.0,16,6.0
228.156,-5.9181,4.2173,0.0,0.0,0.0,0.0,16,6.0
228.206,-5.9181,4.2173,0.0,0.0,0.0,0.0,16,6.0
228.216,-5.9181,4.2173,0.0,0.0,0.0,0.0,16,6.0
228.216,-5.9181,4.2173,0.0,0.0,0.0,0.0,16,6.0
228.266,-5.9181,4.2173,0.0,0.0,0.0,0.0,16,6.0
228.276,-5.9181,4.2173,0.0,0.0,0.0,0.0,16,6.0
228.276,-5.9181,4.2173,0.0,0.0,0.0,0.0,16,6.0
228.327,-5.9181,4.2173,0.0,0.0,0.0,0.0,16,6.0
228.336,-5.9181,4.2173,0.0,0.0,0.0,0.0,16,6.0
228.336,-5.9181,4.2173,0.0,0.0,0.0,0.0,16,6.0
228.386,-5.9181,4.2173,0.0,0.0,0.0,0.0,16,6.0
228.396,-5.9181,4.2173,0.0,0.0,0.0,0.0,16,6.0
228.396,-5.9181,4.2173,0.0,0.0,0.0,0.0,16,6.0
228.446,-5.9181,4.2173,0.0,0.0,0.0,0.0,16,6.0
228.456,-5.9181,4.2173,0.0,0.0,0.0,0.0,16,6.0
228.457,-5.9181,4.2173,0.0,0.0,0.0,0.0,16,6.0
228.507,-5.9181,4.2173,0.0,0.0,0.0,0.0,16,6.0
228.516,-5.9181,4.2173,0.0,0.0,0.0,0.0,16,6.0
228.516,-5.9181,4.2173,0.0,0.0,0.0,0.0,16,6.0
228.566,-5.9181,4.2173,0.0,0.0,0.0,0.0,16,6.0
228.576,-5.9181,4.2173,0.0,0.0,0.0,0.0,16,6.0
228.576,-5.9181,4.2173,0.0,0.0,0.0,0.0,16,6.0
228.628,-5.9181,4.2173,0.0,0.0,0.0,0.0,16,6.0
228.636,-5.9181,4.2173,0.0,0.0,0.0,0.0,16,6.0
228.636,-5.9181,4.2173,0.0,0.0,0.0,0.0,16,6.0
228.687,-5.9181,4.2173,0.0,0.0,0.0,0.0,16,6.0
228.696,-5.9181,4.2173,0.0,0.0,0.0,0.0,16,6.0
228.696,-5.9181,4.2173,0.0,0.0,0.0,0.0,16,6.0
228.746,-5.9181,4.2173,0.0,0.0,0.0,0.0,16,6.0
228.756,-5.9181,4.2173,0.0,0.0,0.0,0.0,16,6.0
228.756,-5.9181,4.2173,0.0,0.0,0.0,0.0,16,6.0
228.806,-5.9181,4.2173,0.0,0.0,0.0,0.0,16,6.0
228.817,-5.9181,4.2173,0.0,0.0,0.0,0.0,16,6.0
228.817,-5.9181,4.2173,0.0,0.0,0.0,0.0,16,6.0
228.867,-5.9181,4.2173,0.0,0.0,0.0,0.0,16,6.0
228.876,-5.9181,4.2173,0.0,0.0,0.0,0.0,16,6.0
228.876,-5.9181,4.2173,0.0,0.0,0.0,0.0,16,6.0
228.927,-5.9181,4.2173,0.0,0.0,0.0,0.0,16,6.0
228.936,-5.9181,4.2173,0.0,0.0,0.0,0.0,16,6.0
228.936,-5.9181,4.2173,0.0,0.0,0.0,0.0,16,6.0
228.986,-5.9181,4.2173,0.0,0.0,0.0,0.0,16,6.0
228.996,-5.9181,4.2173,0.0,0.0,0.0,0.0,16,6.0
228.996,-5.9181,4.2173,0.0,0.0,0.0,0.0,16,6.0
229.047,-5.9181,4.2173,0.0,0.0,0.0,0.0,16,6.0
229.055,-5.9181,4.2173,0.0,0.0,0.0,0.0,16,6.0
229.056,-5.9181,4.2173,0.0,0.0,0.0,0.0,16,6.0
229.106,-5.9181,4.2173,0.0,0.0,0.0,0.0,16,6.0
229.116,-5.9181,4.2173,0.0,0.0,0.0,0.0,16,6.0
229.116,-5.9181,4.2173,0.0,0.0,0.0,0.0,16,6.0
229.166,-5.9181,4.2173,0.0,0.0,0.0,0.0,16,6.0
229.176,-5.9181,4.2173,0.0,0.0,0.0,0.0,16,6.0
229.176,-5.9181,4.2173,0.0,0.0,0.0,0.0,16,6.0
229.226,-5.9181,4.2173,0.0,0.0,0.0,0.0,16,6.0
229.236,-5.9181,4.2173,0.0,0.0,0.0,0.0,16,6.0
229.236,-5.9181,4.2173,0.0,0.0,0.0,0.0,16,6.0
229.286,-5.9181,4.2173,0.0,0.0,0.0,0.0,16,6.0
229.296,-5.9181,4.2173,0.0,0.0,0.0,0.0,16,6.0
229.296,-5.9181,4.2173,0.0,0.0,0.0,0.0,16,6.0
229.347,-5.9181,4.2173,0.0,0.0,0.0,0.0,16,6.0
229.356,-5.9181,4.2173,0.0,0.0,0.0,0.0,16,6.0
229.356,-5.9181,4.2173,0.0,0.0,0.0,0.0,16,6.0
229.406,-5.9181,4.2173,0.0,0.0,0.0,0.0,16,6.0
229.416,-5.9181,4.2173,0.0,0.0,0.0,0.0,16,6.0
229.416,-5.9181,4.2173,0.0,0.0,0.0,0.0,16,6.0
229.466,-5.9181,4.2173,0.0,0.0,0.0,0.0,16,6.0
229.476,-5.9181,4.2173,0.0,0.0,0.0,0.0,16,6.0
229.477,-5.9181,4.2173,0.0,0.0,0.0,0.0,16,6.0
229.527,-5.9181,4.2173,0.0,0.0,0.0,0.0,16,6.0
229.536,-5.9181,4.2173,0.0,0.0,0.0,0.0,16,6.0
229.536,-5.9181,4.2173,0.0,0.0,0.0,0.0,16,6.0
229.586,-5.9181,4.2173,0.0,0.0,0.0,0.0,16,6.0
229.596,-5.9181,4.2173,0.0,0.0,0.0,0.0,16,6.0
229.596,-5.9181,4.2173,0.0,0.0,0.0,0.0,16,6.0
229.646,-5.9181,4.2173,0.0,0.0,0.0,0.0,16,6.0
229.656,-5.9181,4.2173,0.0,0.0,0.0,0.0,16,6.0
229.656,-5.9181,4.2173,0.0,0.0,0.0,0.0,16,6.0
229.706,-5.9181,4.2173,0.0,0.0,0.0,0.0,16,6.0
229.715,-5.9181,4.2173,0.0,0.0,0.0,0.0,16,6.0
229.716,-5.9181,4.2173,0.0,0.0,0.0,0.0,16,6.0
229.766,-5.9181,4.2173,0.0,0.0,0.0,0.0,16,6.0
229.777,-5.9181,4.2173,0.0,0.0,0.0,0.0,16,6.0
229.777,-5.9181,4.2173,0.0,0.0,0.0,0.0,16,6.0
229.827,-5.9181,4.2173,0.0,0.0,0.0,0.0,16,6.0
229.836,-5.9181,4.2173,0.0,0.0,0.0,0.0,16,6.0
229.836,-5.9181,4.2173,0.0,0.0,0.0,0.0,16,6.0
229.886,-5.9181,4.2173,0.0,0.0,0.0,0.0,16,6.0
229.896,-5.9181,4.2173,0.0,0.0,0.0,0.0,16,6.0
229.896,-5.9181,4.2173,0.0,0.0,0.0,0.0,16,6.0
229.946,-5.9181,4.2173,0.0,0.0,0.0,0.0,16,6.0
229.956,-5.9181,4.2173,0.0,0.0,0.0,0.0,16,6.0
229.956,-5.9181,4.2173,0.0,0.0,0.0,0.0,16,6.0
230.006,-5.9181,4.2173,0.0,0.0,0.0,0.0,16,6.0
230.016,-5.9181,4.2173,0.0,0.0,0.0,0.0,16,6.0
230.016,-5.9181,4.2173,0.0,0.0,0.0,0.0,16,6.0
230.066,-5.9181,4.2173,0.0,0.0,0.0,0.0,16,6.0
230.076,-5.9181,4.2173,0.0,0.0,0.0,0.0,16,6.0
230.077,-5.9181,4.2173,0.0,0.0,0.0,0.0,16,6.0
230.127,-5.9181,4.2173,0.0,0.0,0.0,0.0,16,6.0
230.136,-5.9181,4.2173,0.0,0.0,0.0,0.0,16,6.0
230.136,-5.9181,4.2173,0.0,0.0,0.0,0.0,16,6.0
230.186,-5.9181,4.2173,0.0,0.0,0.0,0.0,16,6.0
230.196,-5.9181,4.2173,0.0,0.0,0.0,0.0,16,6.0
230.196,-5.9181,4.2173,0.0,0.0,0.0,0.0,16,5.9
230.246,-5.9181,4.2173,0.0,0.0,0.0,0.0,16,5.9
230.256,-5.9181,4.2173,0.0,0.0,0.0,0.0,16,5.9
230.256,-5.9181,4.2173,0.0,0.0,0.0,0.0,16,6.0
230.306,-5.9181,4.2173,0.0,0.0,0.0,0.0,16,6.0
230.316,-5.9181,4.2173,0.0,0.0,0.0,0.0,16,6.0
230.316,-5.9181,4.2173,0.0,0.0,0.0,0.0,16,5.9
230.366,-5.9181,4.2173,0.0,0.0,0.0,0.0,16,5.9
230.377,-5.9181,4.2173,0.0,0.0,0.0,0.0,16,5.9
230.377,-5.9181,4.2173,0.0,0.0,0.0,0.0,16,5.9
230.427,-5.9181,4.2173,0.0,0.0,0.0,0.0,16,5.9
230.438,-5.9181,4.2173,0.0,0.0,0.0,0.0,16,5.9
230.438,-5.9181,4.2173,0.0,0.0,0.0,0.0,16,6.0
230.489,-5.9181,4.2173,0.0,0.0,0.0,0.0,16,6.0
230.496,-5.9181,4.2173,0.0,0.0,0.0,0.0,16,6.0
230.496,-5.9181,4.2173,0.0,0.0,0.0,0.0,16,6.0
230.547,-5.9181,4.2173,0.0,0.0,0.0,0.0,16,6.0
230.556,-5.9181,4.2173,0.0,0.0,0.0,0.0,16,6.0
230.556,-5.9181,4.2173,0.0,0.0,0.0,0.0,16,6.0
230.606,-5.9181,4.2173,0.0,0.0,0.0,0.0,16,6.0
230.616,-5.9181,4.2173,0.0,0.0,0.0,0.0,16,6.0
230.616,-5.9181,4.2173,0.0,0.0,0.0,0.0,16,6.0
230.666,-5.9181,4.2173,0.0,0.0,0.0,0.0,16,6.0
230.677,-5.9181,4.2173,0.0,0.0,0.0,0.0,16,6.0
230.677,-5.9181,4.2173,0.0,0.0,0.0,0.0,16,6.0
230.727,-5.9181,4.2173,0.0,0.0,0.0,0.0,16,6.0
230.736,-5.9181,4.2173,0.0,0.0,0.0,0.0,16,6.0
230.736,-5.9181,4.2173,0.0,0.0,0.0,0.0,16,5.9
230.786,-5.9181,4.2173,0.0,0.0,0.0,0.0,16,5.9
230.797,-5.9181,4.2173,0.0,0.0,0.0,0.0,16,5.9
230.797,-5.9181,4.2173,0.0,0.0,0.0,0.0,16,6.0
230.847,-5.9181,4.2173,0.0,0.0,0.0,0.0,16,6.0
230.856,-5.9181,4.2173,0.0,0.0,0.0,0.0,16,6.0
230.856,-5.9181,4.2173,0.0,0.0,0.0,0.0,16,6.0
230.906,-5.9181,4.2173,0.0,0.0,0.0,0.0,16,6.0
230.916,-5.9181,4.2173,0.0,0.0,0.0,0.0,16,6.0
230.916,-5.9181,4.2173,0.0,0.0,0.0,0.0,16,6.0
230.966,-5.9181,4.2173,0.0,0.0,0.0,0.0,16,6.0
230.976,-5.9181,4.2173,0.0,0.0,0.0,0.0,16,6.0
230.977,-5.9181,4.2173,0.0,0.0,0.0,0.0,16,6.0
231.027,-5.9181,4.2173,0.0,0.0,0.0,0.0,16,6.0
231.036,-5.9181,4.2173,0.0,0.0,0.0,0.0,16,6.0
231.036,-5.9181,4.2173,0.0,0.0,0.0,0.0,16,5.9
231.086,-5.9181,4.2173,0.0,0.0,0.0,0.0,16,5.9
231.096,-5.9181,4.2173,0.0,0.0,0.0,0.0,16,5.9
231.096,-5.9181,4.2173,0.0,0.0,0.0,0.0,16,5.9
231.147,-5.9181,4.2173,0.0,0.0,0.0,0.0,16,5.9
231.155,-5.9181,4.2173,0.0,0.0,0.0,0.0,16,5.9
231.156,-5.9181,4.2173,0.0,0.0,0.0,0.0,16,5.9
231.206,-5.9181,4.2173,0.0,0.0,0.0,0.0,16,5.9
231.216,-5.9181,4.2173,0.0,0.0,0.0,0.0,16,5.9
231.216,-5.9181,4.2173,0.0,0.0,0.0,0.0,16,6.0
231.266,-5.9181,4.2173,0.0,0.0,0.0,0.0,16,6.0
231.276,-5.9181,4.2173,0.0,0.0,0.0,0.0,16,6.0
231.277,-5.9181,4.2173,0.0,0.0,0.0,0.0,16,6.0
231.327,-5.9181,4.2173,0.0,0.0,0.0,0.0,16,6.0
231.336,-5.9181,4.2173,0.0,0.0,0.0,0.0,16,6.0
231.336,-5.9181,4.2173,0.0,0.0,0.0,0.0,16,5.9
231.387,-5.9181,4.2173,0.0,0.0,0.0,0.0,16,5.9
231.396,-5.9181,4.2173,0.0,0.0,0.0,0.0,16,5.9
231.396,-5.9181,4.2173,0.0,0.0,0.0,0.0,16,6.0
231.447,-5.9181,4.2173,0.0,0.0,0.0,0.0,16,6.0
231.456,-5.9181,4.2173,0.0,0.0,0.0,0.0,16,6.0
231.456,-5.9181,4.2173,0.0,0.0,0.0,0.0,16,5.9
231.506,-5.9181,4.2173,0.0,0.0,0.0,0.0,16,5.9
231.516,-5.9181,4.2173,0.0,0.0,0.0,0.0,16,5.9
231.516,-5.9181,4.2173,0.0,0.0,0.0,0.0,16,6.0
231.566,-5.9181,4.2173,0.0,0.0,0.0,0.0,16,6.0
231.576,-5.9181,4.2173,0.0,0.0,0.0,0.0,16,6.0
231.576,-5.9181,4.2173,0.0,0.0,0.0,0.0,16,6.0
231.627,-5.9181,4.2173,0.0,0.0,0.0,0.0,16,6.0
231.636,-5.9181,4.2173,0.0,0.0,0.0,0.0,16,6.0
231.636,-5.9181,4.2173,0.0,0.0,0.0,0.0,16,6.0
231.686,-5.9181,4.2173,0.0,0.0,0.0,0.0,16,6.0
231.696,-5.9181,4.2173,0.0,0.0,0.0,0.0,16,6.0
231.696,-5.9181,4.2173,0.0,0.0,0.0,0.0,16,6.0
231.746,-5.9181,4.2173,0.0,0.0,0.0,0.0,16,6.0
