{
    "resolution": 0.05000000074505806,
    "origin": [
        -0.9479482769966125,
        -3.392723798751831
    ],
    "width": 121,
    "height": 197,
    "palette": [
        [
            127,
            127,
            127
        ],
        [
            0,
            0,
            0
        ],
        [
            255,
            255,
            255
        ],
        [
            7,
            27,
            0
        ],
        [
            11,
            33,
            22
        ],
        [
            16,
            36,
            0
        ],
        [
            22,
            40,
            12
        ],
        [
            21,
            44,
            0
        ],
        [
            22,
            40,
            30
        ],
        [
            23,
            37,
            43
        ],
        [
            25,
            36,
            54
        ],
        [
            28,
            47,
            14
        ],
        [
            27,
            51,
            1
        ],
        [
            28,
            48,
            43
        ],
        [
            32,
            53,
            9
        ],
        [
            33,
            49,
            31
        ],
        [
            38,
            54,
            2
        ],
        [
            35,
            52,
            23
        ],
        [
            31,
            61,
            2
        ],
        [
            38,
            57,
            16
        ],
        [
            32,
            55,
            62
        ],
        [
            44,
            62,
            1
        ],
        [
            42,
            58,
            32
        ],
        [
            41,
            63,
            10
        ],
        [
            38,
            69,
            2
        ],
        [
            45,
            65,
            22
        ],
        [
            41,
            71,
            13
        ],
        [
            54,
            69,
            2
        ],
        [
            41,
            64,
            67
        ],
        [
            46,
            74,
            5
        ],
        [
            50,
            68,
            33
        ],
        [
            50,
            72,
            17
        ],
        [
            46,
            81,
            13
        ],
        [
            54,
            75,
            28
        ],
        [
            55,
            72,
            42
        ],
        [
            53,
            80,
            9
        ],
        [
            51,
            82,
            23
        ],
        [
            57,
            83,
            16
        ],
        [
            52,
            75,
            77
        ],
        [
            59,
            81,
            29
        ],
        [
            72,
            79,
            9
        ],
        [
            60,
            80,
            40
        ],
        [
            63,
            78,
            52
        ],
        [
            57,
            92,
            17
        ],
        [
            55,
            91,
            28
        ],
        [
            64,
            88,
            24
        ],
        [
            39,
            101,
            26
        ],
        [
            65,
            89,
            36
        ],
        [
            66,
            93,
            20
        ],
        [
            76,
            86,
            30
        ],
        [
            68,
            88,
            47
        ],
        [
            84,
            89,
            2
        ],
        [
            61,
            85,
            92
        ],
        [
            70,
            87,
            60
        ],
        [
            63,
            97,
            27
        ],
        [
            95,
            81,
            30
        ],
        [
            25,
            119,
            30
        ],
        [
            159,
            56,
            12
        ],
        [
            71,
            97,
            32
        ],
        [
            63,
            101,
            37
        ],
        [
            72,
            96,
            42
        ],
        [
            87,
            93,
            24
        ],
        [
            99,
            95,
            0
        ],
        [
            77,
            95,
            58
        ],
        [
            75,
            103,
            27
        ],
        [
            52,
            113,
            39
        ],
        [
            80,
            96,
            69
        ],
        [
            76,
            105,
            40
        ],
        [
            0,
            134,
            96
        ],
        [
            81,
            110,
            48
        ],
        [
            110,
            105,
            0
        ],
        [
            213,
            48,
            26
        ],
        [
            143,
            84,
            33
        ],
        [
            101,
            109,
            17
        ],
        [
            88,
            105,
            75
        ],
        [
            106,
            103,
            40
        ],
        [
            82,
            104,
            116
        ],
        [
            91,
            115,
            58
        ],
        [
            192,
            69,
            36
        ],
        [
            120,
            114,
            0
        ],
        [
            91,
            112,
            123
        ],
        [
            99,
            115,
            88
        ],
        [
            121,
            120,
            17
        ],
        [
            118,
            116,
            48
        ],
        [
            127,
            122,
            1
        ],
        [
            92,
            115,
            158
        ],
        [
            119,
            126,
            32
        ],
        [
            119,
            119,
            79
        ],
        [
            94,
            120,
            146
        ],
        [
            134,
            130,
            2
        ],
        [
            125,
            124,
            59
        ],
        [
            95,
            117,
            175
        ],
        [
            97,
            120,
            164
        ],
        [
            111,
            125,
            103
        ],
        [
            136,
            130,
            12
        ],
        [
            129,
            134,
            44
        ],
        [
            142,
            137,
            1
        ],
        [
            142,
            136,
            14
        ],
        [
            137,
            137,
            26
        ],
        [
            105,
            124,
            180
        ],
        [
            135,
            134,
            62
        ],
        [
            144,
            143,
            10
        ],
        [
            148,
            145,
            2
        ],
        [
            148,
            141,
            23
        ],
        [
            138,
            134,
            89
        ],
        [
            152,
            147,
            9
        ],
        [
            150,
            147,
            17
        ],
        [
            125,
            141,
            115
        ],
        [
            142,
            142,
            72
        ],
        [
            145,
            148,
            39
        ],
        [
            153,
            147,
            27
        ],
        [
            155,
            153,
            2
        ],
        [
            146,
            148,
            52
        ],
        [
            143,
            141,
            98
        ],
